site,source,season,water_year,event_id,event_start,event_end,duration_hr,wet_duration_hr,depth_in,avg_intensity_inhr,peak_hourly_intensity_inhr,dry_time_prior_hr,time_to_peak_hr,max_internal_dry_gap_hr
Philadelphia,Stage IV,Fall,2018,1,2017-10-08 11:00:00+00:00,2017-10-08 19:00:00+00:00,9,6,0.1564741585520395,0.017386017616893276,0.1191922216039848,56.0,1.0,2
Philadelphia,Stage IV,Fall,2018,2,2017-10-09 08:00:00+00:00,2017-10-09 23:00:00+00:00,16,10,1.1531562283497672,0.07207226427186045,0.5579199151804299,12.0,8.0,4
Philadelphia,Stage IV,Fall,2018,3,2017-10-12 06:00:00+00:00,2017-10-12 12:00:00+00:00,7,7,0.4049760765037859,0.05785372521482656,0.0876527148893495,54.0,3.0,0
Philadelphia,Stage IV,Fall,2018,4,2017-10-24 09:00:00+00:00,2017-10-24 16:00:00+00:00,8,7,0.6443277725575867,0.08054097156969833,0.4196488458480449,190.0,6.0,1
Philadelphia,Stage IV,Fall,2018,5,2017-10-29 13:00:00+00:00,2017-10-30 12:00:00+00:00,24,23,3.047324125827416,0.12697183857614233,0.3706569018638839,64.0,10.0,1
Philadelphia,Stage IV,Fall,2018,6,2017-11-05 04:00:00+00:00,2017-11-05 09:00:00+00:00,6,6,0.1615301780091832,0.026921696334863868,0.0378292669461295,135.0,5.0,0
Philadelphia,Stage IV,Fall,2018,7,2017-11-07 17:00:00+00:00,2017-11-08 04:00:00+00:00,12,12,0.5905456269657262,0.049212135580477184,0.1620153585667344,55.0,6.0,0
Philadelphia,Stage IV,Fall,2018,8,2017-11-13 09:00:00+00:00,2017-11-13 16:00:00+00:00,8,8,0.279047339326819,0.03488091741585238,0.0888993046858728,75.0,3.0,0
Philadelphia,Stage IV,Fall,2018,9,2017-11-18 18:00:00+00:00,2017-11-19 12:00:00+00:00,19,14,0.46697787837082855,0.024577783072148873,0.0823527179480125,55.0,15.0,5
Philadelphia,Stage IV,Winter,2018,10,2017-12-06 00:00:00+00:00,2017-12-06 04:00:00+00:00,5,5,0.33947054394787013,0.06789410878957403,0.1506970633406576,115.0,2.0,0
Philadelphia,Stage IV,Winter,2018,11,2017-12-09 15:00:00+00:00,2017-12-10 03:00:00+00:00,13,13,0.38661226869983456,0.029739405284602657,0.0456871360325444,82.0,5.0,0
Philadelphia,Stage IV,Winter,2018,12,2017-12-15 19:00:00+00:00,2017-12-15 23:00:00+00:00,5,5,0.1554230641288547,0.031084612825770942,0.0452107121722852,31.0,3.0,0
Philadelphia,Stage IV,Winter,2018,13,2017-12-23 04:00:00+00:00,2017-12-24 01:00:00+00:00,22,16,0.8900962220166141,0.04045891918257337,0.22078561236131,172.0,20.0,4
Philadelphia,Stage IV,Winter,2018,14,2017-12-25 01:00:00+00:00,2017-12-25 14:00:00+00:00,14,9,0.23888480959988478,0.017063200685706055,0.0627100776148813,23.0,4.0,3
Philadelphia,Stage IV,Winter,2018,15,2017-12-30 12:00:00+00:00,2017-12-30 17:00:00+00:00,6,6,0.2531938990378941,0.042198983172982346,0.0695441154807191,117.0,2.0,0
Philadelphia,Stage IV,Winter,2018,16,2018-01-04 06:00:00+00:00,2018-01-04 21:00:00+00:00,16,14,0.27437618777864414,0.01714851173616526,0.0406551096976335,108.0,10.0,2
Philadelphia,Stage IV,Winter,2018,17,2018-01-12 11:00:00+00:00,2018-01-13 08:00:00+00:00,22,18,1.8032436094958195,0.08196561861344634,0.2775875322977031,80.0,8.0,2
Philadelphia,Stage IV,Winter,2018,18,2018-01-17 06:00:00+00:00,2018-01-17 16:00:00+00:00,11,10,0.15878002624040638,0.014434547840036943,0.0356291723421452,93.0,2.0,1
Philadelphia,Stage IV,Winter,2018,19,2018-01-23 10:00:00+00:00,2018-01-23 18:00:00+00:00,9,9,0.4943803495523792,0.05493114995026435,0.1304145951285574,137.0,0.0,0
Philadelphia,Stage IV,Winter,2018,20,2018-01-28 06:00:00+00:00,2018-01-28 20:00:00+00:00,15,15,0.34971318804556983,0.023314212536371323,0.0453281897900791,107.0,9.0,0
Philadelphia,Stage IV,Winter,2018,21,2018-01-29 23:00:00+00:00,2018-01-30 21:00:00+00:00,23,14,0.1609156607727902,0.006996333077077835,0.032324116162058,26.0,18.0,5
Philadelphia,Stage IV,Winter,2018,22,2018-02-02 03:00:00+00:00,2018-02-02 10:00:00+00:00,8,8,0.2449441447161666,0.030618018089520825,0.0534179026932033,53.0,3.0,0
Philadelphia,Stage IV,Winter,2018,23,2018-02-04 17:00:00+00:00,2018-02-05 03:00:00+00:00,11,11,1.0379922398622612,0.0943629308965692,0.1918055736586923,54.0,7.0,0
Philadelphia,Stage IV,Winter,2018,24,2018-02-07 12:00:00+00:00,2018-02-08 02:00:00+00:00,15,15,0.9761973071931409,0.06507982047954272,0.1616495908641654,56.0,11.0,0
Philadelphia,Stage IV,Winter,2018,25,2018-02-10 19:00:00+00:00,2018-02-12 15:00:00+00:00,45,30,2.085250208766835,0.046338893528151896,0.2115690918081679,64.0,23.0,5
Philadelphia,Stage IV,Winter,2018,26,2018-02-15 03:00:00+00:00,2018-02-15 08:00:00+00:00,6,6,0.2038416076294649,0.03397360127157748,0.0657393356255733,59.0,2.0,0
Philadelphia,Stage IV,Winter,2018,27,2018-02-16 02:00:00+00:00,2018-02-16 22:00:00+00:00,21,15,0.7221770644349884,0.03438938402071373,0.1545621692102184,17.0,1.0,6
Philadelphia,Stage IV,Winter,2018,28,2018-02-17 22:00:00+00:00,2018-02-18 03:00:00+00:00,6,6,0.203547404726458,0.033924567454409665,0.0706683091530522,23.0,3.0,0
Philadelphia,Stage IV,Winter,2018,29,2018-02-22 01:00:00+00:00,2018-02-22 22:00:00+00:00,22,8,0.14722118916177518,0.006691872234626145,0.0650352592892831,51.0,21.0,8
Philadelphia,Stage IV,Winter,2018,30,2018-02-24 16:00:00+00:00,2018-02-25 18:00:00+00:00,27,18,0.9968680923316829,0.036921040456729,0.215438128191505,23.0,17.0,5
Philadelphia,Stage IV,Spring,2018,31,2018-03-01 21:00:00+00:00,2018-03-03 05:00:00+00:00,33,33,2.091430683313765,0.06337668737314439,0.2041747971661386,98.0,11.0,0
Philadelphia,Stage IV,Spring,2018,32,2018-03-07 03:00:00+00:00,2018-03-07 22:00:00+00:00,20,20,1.5982526733389342,0.0799126336669467,0.1866922461020286,93.0,15.0,0
Philadelphia,Stage IV,Spring,2018,33,2018-03-12 21:00:00+00:00,2018-03-13 13:00:00+00:00,17,17,0.2995415229991069,0.017620089588182758,0.0388536654898248,76.0,6.0,0
Philadelphia,Stage IV,Spring,2018,34,2018-03-20 15:00:00+00:00,2018-03-22 10:00:00+00:00,44,35,1.3841348528941964,0.031457610293049915,0.0852609906619913,114.0,23.0,5
Philadelphia,Stage IV,Spring,2018,35,2018-03-30 10:00:00+00:00,2018-03-30 22:00:00+00:00,13,6,0.1486875391075489,0.011437503008272992,0.0801902706069463,24.0,9.0,7
Philadelphia,Stage IV,Spring,2018,36,2018-04-02 08:00:00+00:00,2018-04-02 14:00:00+00:00,7,7,0.2503123111797773,0.035758901597111044,0.0646128258103499,57.0,4.0,0
Philadelphia,Stage IV,Spring,2018,37,2018-04-03 14:00:00+00:00,2018-04-04 00:00:00+00:00,11,6,0.1292333667820375,0.011748487889276137,0.0381700468409289,23.0,9.0,5
Philadelphia,Stage IV,Spring,2018,38,2018-04-15 21:00:00+00:00,2018-04-16 15:00:00+00:00,19,19,2.321880395192165,0.12220423132590341,0.4808837815836231,74.0,16.0,0
Philadelphia,Stage IV,Spring,2018,39,2018-04-25 02:00:00+00:00,2018-04-25 16:00:00+00:00,15,11,0.39742142843512324,0.026494761895674884,0.0699246186237266,124.0,2.0,4
Philadelphia,Stage IV,Spring,2018,40,2018-04-27 11:00:00+00:00,2018-04-27 14:00:00+00:00,4,4,0.2045400916401243,0.051135022910031074,0.0792513354918094,31.0,3.0,0
Philadelphia,Stage IV,Spring,2018,41,2018-04-29 00:00:00+00:00,2018-04-29 09:00:00+00:00,10,9,0.3106561787532857,0.03106561787532857,0.0575833124530735,33.0,1.0,1
Philadelphia,Stage IV,Spring,2018,42,2018-05-12 08:00:00+00:00,2018-05-12 11:00:00+00:00,4,4,0.5569891294788165,0.13924728236970413,0.1836084483002871,38.0,1.0,0
Philadelphia,Stage IV,Spring,2018,43,2018-05-12 23:00:00+00:00,2018-05-14 05:00:00+00:00,31,11,1.0420750322579884,0.03361532362122543,0.3353633432722228,11.0,1.0,9
Philadelphia,Stage IV,Spring,2018,44,2018-05-15 22:00:00+00:00,2018-05-17 20:00:00+00:00,47,33,1.621560914520613,0.03450129605363006,0.3580810105365682,10.0,34.0,9
Philadelphia,Stage IV,Spring,2018,45,2018-05-19 05:00:00+00:00,2018-05-19 22:00:00+00:00,18,14,0.746185234313089,0.041454735239616056,0.2386414173522047,12.0,9.0,4
Philadelphia,Stage IV,Spring,2018,46,2018-05-22 14:00:00+00:00,2018-05-22 22:00:00+00:00,9,8,0.4685484138017655,0.052060934866862835,0.2146097263993513,43.0,5.0,1
Philadelphia,Stage IV,Spring,2018,47,2018-05-26 20:00:00+00:00,2018-05-27 22:00:00+00:00,27,10,0.9572588506766688,0.03545403150654329,0.4176150702248579,93.0,16.0,7
Philadelphia,Stage IV,Summer,2018,48,2018-06-01 00:00:00+00:00,2018-06-01 11:00:00+00:00,12,4,0.2670811668082997,0.02225676390069164,0.2191013363223216,97.0,6.0,5
Philadelphia,Stage IV,Summer,2018,49,2018-06-02 09:00:00+00:00,2018-06-04 09:00:00+00:00,49,22,1.5501383333368821,0.031635476190548614,0.3459259276873733,21.0,41.0,9
Philadelphia,Stage IV,Summer,2018,50,2018-06-10 16:00:00+00:00,2018-06-11 12:00:00+00:00,21,20,2.6074915316985217,0.12416626341421531,0.489201225309274,110.0,12.0,1
Philadelphia,Stage IV,Summer,2018,51,2018-06-19 01:00:00+00:00,2018-06-19 09:00:00+00:00,9,4,0.18735775411194772,0.02081752823466086,0.1033287884754178,113.0,1.0,4
Philadelphia,Stage IV,Summer,2018,52,2018-06-22 18:00:00+00:00,2018-06-23 18:00:00+00:00,25,13,0.2548870418135991,0.010195481672543964,0.0494673231588584,27.0,8.0,5
Philadelphia,Stage IV,Summer,2018,53,2018-06-25 00:00:00+00:00,2018-06-25 01:00:00+00:00,2,2,0.2372941253399759,0.11864706266998795,0.141807829959033,29.0,0.0,0
Philadelphia,Stage IV,Summer,2018,54,2018-06-27 22:00:00+00:00,2018-06-28 12:00:00+00:00,15,7,0.42353392712129395,0.028235595141419597,0.2862617474615823,68.0,13.0,6
Philadelphia,Stage IV,Summer,2018,55,2018-07-03 19:00:00+00:00,2018-07-04 02:00:00+00:00,8,8,0.634186205085228,0.0792732756356535,0.338169529714686,113.0,4.0,0
Philadelphia,Stage IV,Summer,2018,56,2018-07-06 09:00:00+00:00,2018-07-06 19:00:00+00:00,11,7,0.7980013862054173,0.07254558056412884,0.2921310496088319,32.0,2.0,4
Philadelphia,Stage IV,Summer,2018,57,2018-07-15 15:00:00+00:00,2018-07-15 18:00:00+00:00,4,4,0.5697806409926827,0.14244516024817067,0.2843716000598158,64.0,1.0,0
Philadelphia,Stage IV,Summer,2018,58,2018-07-17 19:00:00+00:00,2018-07-17 22:00:00+00:00,4,4,0.6598720446998018,0.16496801117495044,0.3984754578991463,18.0,1.0,0
Philadelphia,Stage IV,Summer,2018,59,2018-07-21 19:00:00+00:00,2018-07-26 04:00:00+00:00,106,52,2.3865324149197487,0.02251445674452593,0.4190153813580843,92.0,101.0,9
Philadelphia,Stage IV,Summer,2018,60,2018-07-27 20:00:00+00:00,2018-07-28 01:00:00+00:00,6,5,0.4243907373922188,0.0707317895653698,0.2314432025326248,39.0,1.0,1
Philadelphia,Stage IV,Summer,2018,61,2018-08-01 08:00:00+00:00,2018-08-01 17:00:00+00:00,10,4,0.2727454357821665,0.027274543578216646,0.1411226359156486,102.0,2.0,6
Philadelphia,Stage IV,Summer,2018,62,2018-08-02 18:00:00+00:00,2018-08-03 01:00:00+00:00,8,6,0.1780854990821193,0.02226068738526491,0.0807695480619393,24.0,1.0,2
Philadelphia,Stage IV,Summer,2018,63,2018-08-03 17:00:00+00:00,2018-08-04 14:00:00+00:00,22,14,0.6185118559094704,0.028114175268612294,0.289490254193946,15.0,1.0,3
Philadelphia,Stage IV,Summer,2018,64,2018-08-08 01:00:00+00:00,2018-08-08 03:00:00+00:00,3,3,0.1370392876141319,0.04567976253804396,0.0566709761701337,82.0,1.0,0
Philadelphia,Stage IV,Summer,2018,65,2018-08-11 11:00:00+00:00,2018-08-12 02:00:00+00:00,16,13,1.1939689568269976,0.07462305980168735,0.7323272055336815,52.0,8.0,3
Philadelphia,Stage IV,Summer,2018,66,2018-08-12 23:00:00+00:00,2018-08-13 01:00:00+00:00,3,3,0.1346371730272477,0.044879057675749234,0.0739373816537301,20.0,0.0,0
Philadelphia,Stage IV,Summer,2018,67,2018-08-13 12:00:00+00:00,2018-08-14 02:00:00+00:00,15,7,1.6524481573264407,0.11016321048842938,0.5442048073386241,10.0,3.0,8
Philadelphia,Stage IV,Summer,2018,68,2018-08-14 16:00:00+00:00,2018-08-15 00:00:00+00:00,9,6,0.3767458064831392,0.04186064516479324,0.2293727288595927,13.0,6.0,2
Philadelphia,Stage IV,Summer,2018,69,2018-08-18 06:00:00+00:00,2018-08-19 21:00:00+00:00,40,18,0.5723528395228756,0.014308820988071892,0.1625968120070674,77.0,0.0,9
Philadelphia,Stage IV,Summer,2018,70,2018-08-22 01:00:00+00:00,2018-08-22 08:00:00+00:00,8,7,0.23646808536002656,0.02955851067000332,0.1075320415612963,51.0,3.0,1
Philadelphia,Stage IV,Summer,2018,71,2018-08-31 08:00:00+00:00,2018-09-01 02:00:00+00:00,19,18,1.022739161960131,0.05382837694527005,0.1741695479115456,215.0,4.0,1
Philadelphia,Stage IV,Fall,2018,72,2018-09-07 20:00:00+00:00,2018-09-10 19:00:00+00:00,72,52,3.928435430949997,0.054561603207638844,0.4729979485068482,19.0,1.0,7
Philadelphia,Stage IV,Fall,2018,73,2018-09-12 19:00:00+00:00,2018-09-13 00:00:00+00:00,6,5,0.6572294343233784,0.10953823905389641,0.3204350966348712,47.0,3.0,1
Philadelphia,Stage IV,Fall,2018,74,2018-09-17 17:00:00+00:00,2018-09-18 19:00:00+00:00,27,17,1.3308728589403653,0.04929158736816168,0.4833933129564989,112.0,24.0,4
Philadelphia,Stage IV,Fall,2018,75,2018-09-23 09:00:00+00:00,2018-09-24 07:00:00+00:00,23,16,0.5067308710819702,0.022031777003563922,0.0846957053399786,109.0,7.0,4
Philadelphia,Stage IV,Fall,2018,76,2018-09-25 03:00:00+00:00,2018-09-26 07:00:00+00:00,29,14,1.6864179101380885,0.058152341728899604,0.9747903214502788,19.0,18.0,6
Philadelphia,Stage IV,Fall,2018,77,2018-09-27 01:00:00+00:00,2018-09-27 03:00:00+00:00,3,3,0.26194621109121563,0.08731540369707187,0.1441998232810139,17.0,1.0,0
Philadelphia,Stage IV,Fall,2018,78,2018-09-28 05:00:00+00:00,2018-09-28 10:00:00+00:00,6,6,1.231791063927028,0.20529851065450466,0.6677776405817337,25.0,3.0,0
Philadelphia,Stage IV,Fall,2019,79,2018-10-03 03:00:00+00:00,2018-10-03 07:00:00+00:00,5,5,0.3779946092728949,0.07559892185457898,0.2137527243960472,112.0,0.0,0
Philadelphia,Stage IV,Fall,2019,80,2018-10-11 14:00:00+00:00,2018-10-12 08:00:00+00:00,19,14,1.7023720224458532,0.08959852749715017,0.2409452860238241,157.0,16.0,4
Philadelphia,Stage IV,Fall,2019,81,2018-10-15 13:00:00+00:00,2018-10-16 06:00:00+00:00,18,7,0.20676109786873761,0.011486727659374312,0.0821078339673028,46.0,1.0,7
Philadelphia,Stage IV,Fall,2019,82,2018-10-27 02:00:00+00:00,2018-10-27 23:00:00+00:00,22,16,1.4277995532698544,0.06489997969408429,0.2161922134110673,141.0,5.0,6
Philadelphia,Stage IV,Fall,2019,83,2018-11-02 23:00:00+00:00,2018-11-03 14:00:00+00:00,16,12,1.0665508232360412,0.06665942645225258,0.3294509082293911,13.0,6.0,4
Philadelphia,Stage IV,Fall,2019,84,2018-11-05 13:00:00+00:00,2018-11-05 22:00:00+00:00,10,9,0.586397197135606,0.0586397197135606,0.0936938921225366,46.0,6.0,1
Philadelphia,Stage IV,Fall,2019,85,2018-11-06 14:00:00+00:00,2018-11-06 23:00:00+00:00,10,9,0.9361657363899543,0.09361657363899542,0.2860195532459971,15.0,3.0,1
Philadelphia,Stage IV,Fall,2019,86,2018-11-09 14:00:00+00:00,2018-11-10 03:00:00+00:00,14,10,0.8179870280880016,0.058427644863428684,0.3204044794935782,62.0,8.0,2
Philadelphia,Stage IV,Fall,2019,87,2018-11-13 02:00:00+00:00,2018-11-13 13:00:00+00:00,12,12,1.2127897599381863,0.1010658133281822,0.2313560694181921,70.0,9.0,0
Philadelphia,Stage IV,Fall,2019,88,2018-11-15 16:00:00+00:00,2018-11-16 12:00:00+00:00,21,18,1.385957737270206,0.06599798748905743,0.1996048405504517,50.0,7.0,1
Philadelphia,Stage IV,Fall,2019,89,2018-11-24 21:00:00+00:00,2018-11-25 06:00:00+00:00,10,10,2.9366713149892005,0.29366713149892004,0.5601912110011172,200.0,5.0,0
Philadelphia,Stage IV,Fall,2019,90,2018-11-26 17:00:00+00:00,2018-11-26 22:00:00+00:00,6,6,0.7042761966262869,0.11737936610438116,0.237872677991457,34.0,3.0,0
Philadelphia,Stage IV,Winter,2019,91,2018-12-01 21:00:00+00:00,2018-12-02 15:00:00+00:00,19,16,0.6581818237759504,0.034641148619786864,0.0771247360033128,26.0,12.0,3
Philadelphia,Stage IV,Winter,2019,92,2018-12-14 21:00:00+00:00,2018-12-17 00:00:00+00:00,52,43,1.6263652629857792,0.03127625505741883,0.2790835387543678,217.0,35.0,4
Philadelphia,Stage IV,Winter,2019,93,2018-12-20 19:00:00+00:00,2018-12-21 17:00:00+00:00,23,21,1.7544770841283044,0.07628161235340454,0.2318304580412132,90.0,14.0,1
Philadelphia,Stage IV,Winter,2019,94,2018-12-28 06:00:00+00:00,2018-12-28 22:00:00+00:00,17,16,1.6780778120704014,0.09871045953355302,0.2756228025751808,90.0,9.0,1
Philadelphia,Stage IV,Winter,2019,95,2018-12-31 19:00:00+00:00,2019-01-01 08:00:00+00:00,14,14,0.9578109964251825,0.06841507117322733,0.2069715357692324,68.0,8.0,0
Philadelphia,Stage IV,Winter,2019,96,2019-01-05 05:00:00+00:00,2019-01-05 20:00:00+00:00,16,11,0.6207805375556226,0.03879878359722641,0.1507292397346986,92.0,8.0,3
Philadelphia,Stage IV,Winter,2019,97,2019-01-09 04:00:00+00:00,2019-01-09 06:00:00+00:00,3,3,0.14957019210793057,0.04985673070264352,0.1253581756712138,18.0,0.0,0
Philadelphia,Stage IV,Winter,2019,98,2019-01-13 02:00:00+00:00,2019-01-13 15:00:00+00:00,14,12,0.1622912624448432,0.011592233031774516,0.0223993936800117,91.0,9.0,2
Philadelphia,Stage IV,Winter,2019,99,2019-01-20 00:00:00+00:00,2019-01-20 16:00:00+00:00,17,16,1.5198511177995737,0.08940300692938669,0.240560137012352,34.0,5.0,1
Philadelphia,Stage IV,Winter,2019,100,2019-01-24 06:00:00+00:00,2019-01-24 21:00:00+00:00,16,14,1.3064800559959329,0.0816550034997458,0.191318716131799,85.0,13.0,2
Philadelphia,Stage IV,Winter,2019,101,2019-01-29 13:00:00+00:00,2019-01-30 03:00:00+00:00,15,11,0.3128441294535604,0.020856275296904026,0.1052585351095825,111.0,10.0,4
Philadelphia,Stage IV,Winter,2019,102,2019-02-06 23:00:00+00:00,2019-02-07 07:00:00+00:00,9,9,0.37202846121108046,0.04133649569012005,0.0743249952333637,121.0,5.0,0
Philadelphia,Stage IV,Winter,2019,103,2019-02-08 12:00:00+00:00,2019-02-08 15:00:00+00:00,4,4,0.10204450909312052,0.02551112727328013,0.0412053725711902,28.0,3.0,0
Philadelphia,Stage IV,Winter,2019,104,2019-02-11 04:00:00+00:00,2019-02-11 14:00:00+00:00,11,6,0.16936331519346837,0.015396665017588034,0.0391611609191631,60.0,2.0,5
Philadelphia,Stage IV,Winter,2019,105,2019-02-12 01:00:00+00:00,2019-02-13 07:00:00+00:00,31,26,1.2720751299352013,0.041034681610812945,0.1254848765219658,10.0,24.0,4
Philadelphia,Stage IV,Winter,2019,106,2019-02-18 00:00:00+00:00,2019-02-18 10:00:00+00:00,11,7,0.27456088649304133,0.024960080590276486,0.0650960114850136,97.0,10.0,3
Philadelphia,Stage IV,Winter,2019,107,2019-02-20 15:00:00+00:00,2019-02-21 05:00:00+00:00,15,15,0.69464100617877,0.046309400411918,0.0818747096381422,52.0,11.0,0
Philadelphia,Stage IV,Winter,2019,108,2019-02-24 01:00:00+00:00,2019-02-24 15:00:00+00:00,15,11,0.4930588105057829,0.032870587367052194,0.1442397768442978,67.0,9.0,3
Philadelphia,Stage IV,Spring,2019,109,2019-03-01 09:00:00+00:00,2019-03-01 15:00:00+00:00,7,7,0.2816655786280646,0.04023793980400923,0.0991269410989036,113.0,0.0,0
Philadelphia,Stage IV,Spring,2019,110,2019-03-02 03:00:00+00:00,2019-03-02 11:00:00+00:00,9,9,0.5646388545635213,0.06273765050705792,0.1136337625255426,11.0,5.0,0
Philadelphia,Stage IV,Spring,2019,111,2019-03-03 20:00:00+00:00,2019-03-04 09:00:00+00:00,14,14,1.0798214454225334,0.07713010324446667,0.1472822387985997,32.0,8.0,0
Philadelphia,Stage IV,Spring,2019,112,2019-03-10 06:00:00+00:00,2019-03-10 14:00:00+00:00,9,9,0.9469546175717966,0.10521717973019962,0.21742923095871,28.0,4.0,0
Philadelphia,Stage IV,Spring,2019,113,2019-03-16 01:00:00+00:00,2019-03-16 03:00:00+00:00,3,3,0.2493763504755766,0.08312545015852553,0.1857326662915299,12.0,1.0,0
Philadelphia,Stage IV,Spring,2019,114,2019-03-21 08:00:00+00:00,2019-03-23 01:00:00+00:00,42,35,1.7790458562552103,0.0423582346727431,0.1405059783238553,124.0,21.0,5
Philadelphia,Stage IV,Spring,2019,115,2019-03-25 19:00:00+00:00,2019-03-26 02:00:00+00:00,8,8,0.1998614408756019,0.024982680109450237,0.0647844203843361,65.0,2.0,0
Philadelphia,Stage IV,Spring,2019,116,2019-03-31 13:00:00+00:00,2019-03-31 18:00:00+00:00,6,6,0.11809726849745279,0.0196828780829088,0.0586404795170901,40.0,2.0,0
Philadelphia,Stage IV,Spring,2019,117,2019-04-05 09:00:00+00:00,2019-04-06 03:00:00+00:00,19,13,0.2134526703090117,0.011234351068895351,0.0399675377003042,110.0,16.0,5
Philadelphia,Stage IV,Spring,2019,118,2019-04-08 04:00:00+00:00,2019-04-08 08:00:00+00:00,5,5,0.2752527262090401,0.055050545241808024,0.1377131235809712,48.0,3.0,0
Philadelphia,Stage IV,Spring,2019,119,2019-04-12 20:00:00+00:00,2019-04-13 12:00:00+00:00,17,12,0.438523073198544,0.025795474894032,0.0878100763853531,68.0,7.0,4
Philadelphia,Stage IV,Spring,2019,120,2019-04-14 20:00:00+00:00,2019-04-15 16:00:00+00:00,21,10,0.879863872412251,0.041898279638678614,0.4007751161355896,31.0,13.0,5
Philadelphia,Stage IV,Spring,2019,121,2019-04-19 14:00:00+00:00,2019-04-20 14:00:00+00:00,25,16,1.2612474847575998,0.050449899390304,0.2642853459222005,42.0,21.0,7
Philadelphia,Stage IV,Spring,2019,122,2019-04-26 07:00:00+00:00,2019-04-27 00:00:00+00:00,18,14,1.2122912701220123,0.06734951500677847,0.2534112631229543,51.0,17.0,2
Philadelphia,Stage IV,Spring,2019,123,2019-05-05 05:00:00+00:00,2019-05-06 04:00:00+00:00,24,22,1.2674025789768792,0.0528084407907033,0.2014921999586984,12.0,19.0,2
Philadelphia,Stage IV,Spring,2019,124,2019-05-08 02:00:00+00:00,2019-05-08 08:00:00+00:00,7,7,0.5189797579150754,0.07413996541643934,0.4610960419653438,45.0,1.0,0
Philadelphia,Stage IV,Spring,2019,125,2019-05-10 16:00:00+00:00,2019-05-11 07:00:00+00:00,16,7,0.1332770628983736,0.00832981643114835,0.0395734995111591,55.0,14.0,5
Philadelphia,Stage IV,Spring,2019,126,2019-05-11 23:00:00+00:00,2019-05-12 22:00:00+00:00,24,22,1.2316275772311105,0.051317815717962935,0.1960286997860034,15.0,20.0,1
Philadelphia,Stage IV,Spring,2019,127,2019-05-13 10:00:00+00:00,2019-05-14 00:00:00+00:00,15,14,1.2180470637479404,0.08120313758319603,0.4161949203021844,11.0,10.0,1
Philadelphia,Stage IV,Spring,2019,128,2019-05-17 22:00:00+00:00,2019-05-18 00:00:00+00:00,3,3,0.32427081272595737,0.10809027090865246,0.238157069275385,36.0,2.0,0
Philadelphia,Stage IV,Spring,2019,129,2019-05-23 10:00:00+00:00,2019-05-24 05:00:00+00:00,20,7,0.2508228870256165,0.012541144351280824,0.1924905249854199,59.0,10.0,8
Philadelphia,Stage IV,Spring,2019,130,2019-05-28 13:00:00+00:00,2019-05-29 03:00:00+00:00,15,6,0.2638560065343022,0.017590400435620147,0.1468531374029466,33.0,1.0,8
Philadelphia,Stage IV,Spring,2019,131,2019-05-29 20:00:00+00:00,2019-05-30 01:00:00+00:00,6,6,1.5538991767527375,0.2589831961254562,1.2031828724575775,16.0,3.0,0
Philadelphia,Stage IV,Spring,2019,132,2019-05-30 20:00:00+00:00,2019-05-31 03:00:00+00:00,8,6,0.47995479076479675,0.05999434884559959,0.1374802980708577,18.0,1.0,2
Philadelphia,Stage IV,Summer,2019,133,2019-06-02 20:00:00+00:00,2019-06-03 01:00:00+00:00,6,4,0.196376119841603,0.032729353306933835,0.113279812939119,14.0,1.0,2
Philadelphia,Stage IV,Summer,2019,134,2019-06-06 03:00:00+00:00,2019-06-06 18:00:00+00:00,16,7,0.6567733240559529,0.041048332753497056,0.2374412177363568,73.0,4.0,9
Philadelphia,Stage IV,Summer,2019,135,2019-06-10 09:00:00+00:00,2019-06-11 11:00:00+00:00,27,16,0.6516864583235434,0.024136535493464572,0.2239602415076797,86.0,14.0,5
Philadelphia,Stage IV,Summer,2019,136,2019-06-13 06:00:00+00:00,2019-06-14 02:00:00+00:00,21,12,1.8878724114558905,0.08989868625980431,0.5715701121630088,42.0,19.0,9
Philadelphia,Stage IV,Summer,2019,137,2019-06-16 06:00:00+00:00,2019-06-16 23:00:00+00:00,18,5,0.4517602863132138,0.025097793684067435,0.4146320984577815,51.0,17.0,9
Philadelphia,Stage IV,Summer,2019,138,2019-06-17 21:00:00+00:00,2019-06-21 14:00:00+00:00,90,36,2.7445703185450006,0.03049522576161112,0.406931707599712,21.0,49.0,9
Philadelphia,Stage IV,Summer,2019,139,2019-06-25 08:00:00+00:00,2019-06-25 08:00:00+00:00,1,1,0.2594964486458621,0.2594964486458621,0.2594964486458621,89.0,0.0,0
Philadelphia,Stage IV,Summer,2019,140,2019-06-29 21:00:00+00:00,2019-06-30 02:00:00+00:00,6,3,0.1432218208235087,0.023870303470584785,0.1005219301822249,19.0,1.0,3
Philadelphia,Stage IV,Summer,2019,141,2019-07-03 00:00:00+00:00,2019-07-03 01:00:00+00:00,2,2,0.16304621360972088,0.08152310680486044,0.1506025481359197,69.0,1.0,0
Philadelphia,Stage IV,Summer,2019,142,2019-07-06 17:00:00+00:00,2019-07-07 02:00:00+00:00,10,9,0.5781861877151407,0.05781861877151408,0.231062535610008,17.0,1.0,1
Philadelphia,Stage IV,Summer,2019,143,2019-07-08 09:00:00+00:00,2019-07-08 18:00:00+00:00,10,10,0.21504844630375028,0.02150484463037503,0.0562885688923159,30.0,8.0,0
Philadelphia,Stage IV,Summer,2019,144,2019-07-11 16:00:00+00:00,2019-07-12 03:00:00+00:00,12,10,1.8509610390631963,0.15424675325526635,0.939600642634967,69.0,8.0,2
Philadelphia,Stage IV,Summer,2019,145,2019-07-18 00:00:00+00:00,2019-07-18 23:00:00+00:00,24,13,0.8771230204512733,0.03654679251880306,0.2677914665728986,20.0,1.0,7
Philadelphia,Stage IV,Summer,2019,146,2019-07-22 22:00:00+00:00,2019-07-24 05:00:00+00:00,32,23,1.6155700024700395,0.05048656257718873,0.3753458664130907,17.0,12.0,7
Philadelphia,Stage IV,Summer,2019,147,2019-07-31 17:00:00+00:00,2019-08-01 01:00:00+00:00,9,6,1.5267138529238553,0.16963487254709503,0.7761215223127296,179.0,1.0,3
Philadelphia,Stage IV,Summer,2019,148,2019-08-02 00:00:00+00:00,2019-08-02 01:00:00+00:00,2,2,0.12032090897935199,0.060160454489675996,0.11185814077159,22.0,0.0,0
Philadelphia,Stage IV,Summer,2019,149,2019-08-03 14:00:00+00:00,2019-08-03 23:00:00+00:00,10,4,0.1162571095065074,0.01162571095065074,0.112863861943742,36.0,9.0,6
Philadelphia,Stage IV,Summer,2019,150,2019-08-07 20:00:00+00:00,2019-08-08 01:00:00+00:00,6,6,2.3398666291852828,0.3899777715308805,0.9592216065793072,25.0,1.0,0
Philadelphia,Stage IV,Summer,2019,151,2019-08-13 15:00:00+00:00,2019-08-15 03:00:00+00:00,37,21,1.0479597172869446,0.028323235602349853,0.3536081067253132,113.0,34.0,5
Philadelphia,Stage IV,Summer,2019,152,2019-08-19 20:00:00+00:00,2019-08-19 21:00:00+00:00,2,2,0.1238746178428206,0.0619373089214103,0.1234042288280986,22.0,0.0,0
Philadelphia,Stage IV,Summer,2019,153,2019-08-21 21:00:00+00:00,2019-08-22 03:00:00+00:00,7,5,0.7231167115583556,0.10330238736547936,0.3054029662841603,47.0,1.0,2
Philadelphia,Stage IV,Summer,2019,154,2019-08-23 01:00:00+00:00,2019-08-23 05:00:00+00:00,5,4,0.1612553512969668,0.03225107025939336,0.1323200508056947,21.0,3.0,1
Philadelphia,Stage IV,Fall,2019,155,2019-09-02 14:00:00+00:00,2019-09-02 22:00:00+00:00,9,5,0.27150771410031355,0.030167523788923727,0.1262852487725456,110.0,7.0,4
Philadelphia,Stage IV,Fall,2019,156,2019-09-06 17:00:00+00:00,2019-09-07 02:00:00+00:00,10,7,0.1337634149132032,0.013376341491320321,0.0469031319161328,41.0,4.0,3
Philadelphia,Stage IV,Fall,2019,157,2019-09-12 21:00:00+00:00,2019-09-12 22:00:00+00:00,2,2,0.632597994251753,0.3162989971258765,0.5717654579299731,12.0,0.0,0
Philadelphia,Stage IV,Fall,2019,158,2019-09-29 03:00:00+00:00,2019-09-29 03:00:00+00:00,1,1,0.1152238477694041,0.1152238477694041,0.1152238477694041,53.0,0.0,0
Philadelphia,Stage IV,Fall,2020,159,2019-10-03 08:00:00+00:00,2019-10-03 14:00:00+00:00,7,7,0.18882592413737123,0.02697513201962446,0.0612084800136888,100.0,5.0,0
Philadelphia,Stage IV,Fall,2020,160,2019-10-08 01:00:00+00:00,2019-10-08 07:00:00+00:00,7,5,0.1716640681154985,0.02452343830221407,0.0666269921717638,26.0,0.0,2
Philadelphia,Stage IV,Fall,2020,161,2019-10-09 10:00:00+00:00,2019-10-10 01:00:00+00:00,16,13,0.1785352926141024,0.0111584557883814,0.0516103472618665,26.0,14.0,3
Philadelphia,Stage IV,Fall,2020,162,2019-10-16 17:00:00+00:00,2019-10-17 00:00:00+00:00,8,8,1.6014220217740027,0.20017775272175034,0.4711144700060538,64.0,4.0,0
Philadelphia,Stage IV,Fall,2020,163,2019-10-20 15:00:00+00:00,2019-10-21 03:00:00+00:00,13,12,0.5027646051224595,0.038674200394035345,0.0989236728870333,86.0,4.0,1
Philadelphia,Stage IV,Fall,2020,164,2019-10-22 21:00:00+00:00,2019-10-23 03:00:00+00:00,7,7,0.6761091447474856,0.09658702067821223,0.273151581654531,41.0,2.0,0
Philadelphia,Stage IV,Fall,2020,165,2019-10-26 21:00:00+00:00,2019-10-27 18:00:00+00:00,22,14,1.2117250645239488,0.05507841202381585,0.2959457855713179,89.0,19.0,4
Philadelphia,Stage IV,Fall,2020,166,2019-10-31 04:00:00+00:00,2019-11-01 07:00:00+00:00,28,18,1.2361531233915215,0.044148325835411485,0.2451585808470069,34.0,24.0,5
Philadelphia,Stage IV,Fall,2020,167,2019-11-07 23:00:00+00:00,2019-11-08 02:00:00+00:00,4,4,0.1155142591350822,0.02887856478377055,0.055364798548541,159.0,1.0,0
Philadelphia,Stage IV,Fall,2020,168,2019-11-12 11:00:00+00:00,2019-11-12 18:00:00+00:00,8,8,0.13933283403649546,0.017416604254561933,0.0534136599745465,104.0,1.0,0
Philadelphia,Stage IV,Fall,2020,169,2019-11-24 00:00:00+00:00,2019-11-24 19:00:00+00:00,20,15,1.0261978022721288,0.05130989011360644,0.2111321467078056,28.0,8.0,4
Philadelphia,Stage IV,Winter,2020,170,2019-12-01 17:00:00+00:00,2019-12-03 07:00:00+00:00,39,26,0.7375871589510585,0.018912491255155348,0.1446928121101855,91.0,4.0,6
Philadelphia,Stage IV,Winter,2020,171,2019-12-09 09:00:00+00:00,2019-12-10 05:00:00+00:00,21,17,1.3470218937865368,0.0641438997041208,0.2442261988847529,58.0,14.0,4
Philadelphia,Stage IV,Winter,2020,172,2019-12-10 17:00:00+00:00,2019-12-11 11:00:00+00:00,19,15,0.3071095838697518,0.016163662308934304,0.0812992252952819,11.0,1.0,2
Philadelphia,Stage IV,Winter,2020,173,2019-12-13 20:00:00+00:00,2019-12-14 20:00:00+00:00,25,22,0.9422498311642844,0.03768999324657138,0.1662154218872385,56.0,7.0,2
Philadelphia,Stage IV,Winter,2020,174,2019-12-16 19:00:00+00:00,2019-12-17 23:00:00+00:00,29,27,1.390363041244511,0.04794355314636244,0.2758131562136647,46.0,11.0,2
Philadelphia,Stage IV,Winter,2020,175,2019-12-29 19:00:00+00:00,2019-12-30 21:00:00+00:00,27,25,0.9194148437625387,0.03405240162083477,0.1024551331173303,258.0,8.0,2
Philadelphia,Stage IV,Winter,2020,176,2020-01-03 09:00:00+00:00,2020-01-04 10:00:00+00:00,26,16,0.4153928311216118,0.015976647350831222,0.0552956666242112,83.0,2.0,9
Philadelphia,Stage IV,Winter,2020,177,2020-01-07 22:00:00+00:00,2020-01-08 02:00:00+00:00,5,5,0.11829414753290039,0.02365882950658008,0.031837514343954,39.0,1.0,0
Philadelphia,Stage IV,Winter,2020,178,2020-01-12 08:00:00+00:00,2020-01-12 12:00:00+00:00,5,4,0.13921465858370718,0.02784293171674144,0.0675288258903972,84.0,1.0,1
Philadelphia,Stage IV,Winter,2020,179,2020-01-18 16:00:00+00:00,2020-01-19 08:00:00+00:00,17,10,0.28916584655142685,0.017009755679495697,0.0497805800084002,55.0,8.0,5
Philadelphia,Stage IV,Winter,2020,180,2020-01-25 12:00:00+00:00,2020-01-25 19:00:00+00:00,8,8,1.8781826320047015,0.23477282900058768,0.3988188976377953,147.0,4.0,0
Philadelphia,Stage IV,Winter,2020,181,2020-02-06 04:00:00+00:00,2020-02-07 22:00:00+00:00,43,29,0.978316295063658,0.022751541745666466,0.1485434301772269,13.0,2.0,6
Philadelphia,Stage IV,Winter,2020,182,2020-02-10 09:00:00+00:00,2020-02-12 02:00:00+00:00,42,29,0.7622513636059958,0.018148841990618947,0.168394848961204,58.0,27.0,5
Philadelphia,Stage IV,Winter,2020,183,2020-02-13 00:00:00+00:00,2020-02-13 20:00:00+00:00,21,16,0.5126323531665696,0.024411064436503316,0.0599224459061048,21.0,16.0,3
Philadelphia,Stage IV,Winter,2020,184,2020-02-25 15:00:00+00:00,2020-02-25 21:00:00+00:00,7,7,0.26294553304756935,0.03756364757822419,0.0689585390068285,282.0,2.0,0
Philadelphia,Stage IV,Winter,2020,185,2020-02-27 05:00:00+00:00,2020-02-27 10:00:00+00:00,6,6,0.3928114036891661,0.06546856728152768,0.1544909778360401,31.0,3.0,0
Philadelphia,Stage IV,Spring,2020,186,2020-03-03 04:00:00+00:00,2020-03-03 07:00:00+00:00,4,4,0.1136991428731933,0.028424785718298325,0.0699520249366423,113.0,1.0,0
Philadelphia,Stage IV,Spring,2020,187,2020-03-03 19:00:00+00:00,2020-03-04 03:00:00+00:00,9,5,0.2869804639626727,0.03188671821807474,0.1518095262984639,11.0,8.0,4
Philadelphia,Stage IV,Spring,2020,188,2020-03-06 16:00:00+00:00,2020-03-07 09:00:00+00:00,18,16,0.48150008641933373,0.026750004801074097,0.072159297300121,60.0,8.0,2
Philadelphia,Stage IV,Spring,2020,189,2020-03-13 00:00:00+00:00,2020-03-13 12:00:00+00:00,13,5,0.3221000120342578,0.024776924002635217,0.1669343596482821,45.0,10.0,8
Philadelphia,Stage IV,Spring,2020,190,2020-03-15 02:00:00+00:00,2020-03-15 11:00:00+00:00,10,8,0.16105876891521081,0.01610587689152108,0.0295275590551181,37.0,0.0,2
Philadelphia,Stage IV,Spring,2020,191,2020-03-17 08:00:00+00:00,2020-03-17 15:00:00+00:00,8,7,0.18196946795323748,0.022746183494154686,0.0842297651463786,44.0,3.0,1
Philadelphia,Stage IV,Spring,2020,192,2020-03-19 03:00:00+00:00,2020-03-19 12:00:00+00:00,10,10,0.892774669615681,0.0892774669615681,0.1763354466322902,35.0,6.0,0
Philadelphia,Stage IV,Spring,2020,193,2020-03-23 09:00:00+00:00,2020-03-23 23:00:00+00:00,15,15,0.7443503018995595,0.04962335345997063,0.1120099941939734,56.0,7.0,0
Philadelphia,Stage IV,Spring,2020,194,2020-03-28 09:00:00+00:00,2020-03-29 03:00:00+00:00,19,17,1.3236137751927133,0.06966388290487964,0.2385946689036336,23.0,8.0,2
Philadelphia,Stage IV,Spring,2020,195,2020-03-30 19:00:00+00:00,2020-03-31 09:00:00+00:00,15,7,0.1770084528743049,0.011800563524953659,0.0591163358573805,17.0,2.0,8
Philadelphia,Stage IV,Spring,2020,196,2020-04-08 07:00:00+00:00,2020-04-08 10:00:00+00:00,4,4,0.5618002102308135,0.14045005255770338,0.328973832006601,46.0,1.0,0
Philadelphia,Stage IV,Spring,2020,197,2020-04-13 02:00:00+00:00,2020-04-13 21:00:00+00:00,20,19,1.5765320024392286,0.07882660012196144,0.3127200010450399,52.0,9.0,1
Philadelphia,Stage IV,Spring,2020,198,2020-04-21 15:00:00+00:00,2020-04-21 19:00:00+00:00,5,5,0.1807869018107734,0.03615738036215468,0.1007958385868956,71.0,4.0,0
Philadelphia,Stage IV,Spring,2020,199,2020-04-23 13:00:00+00:00,2020-04-24 15:00:00+00:00,27,18,1.342496223807166,0.04972208236322837,0.2096324548162273,41.0,15.0,7
Philadelphia,Stage IV,Spring,2020,200,2020-04-26 04:00:00+00:00,2020-04-26 22:00:00+00:00,19,11,0.29002663044638527,0.015264559497178172,0.0840455075739348,36.0,18.0,3
Philadelphia,Stage IV,Spring,2020,201,2020-04-30 15:00:00+00:00,2020-05-01 23:00:00+00:00,33,15,0.7276984563689124,0.022051468374815527,0.1634707949243738,63.0,9.0,8
Philadelphia,Stage IV,Spring,2020,202,2020-05-03 07:00:00+00:00,2020-05-03 11:00:00+00:00,5,4,0.10322051204332669,0.02064410240866534,0.0495016519161802,31.0,2.0,1
Philadelphia,Stage IV,Spring,2020,203,2020-05-06 19:00:00+00:00,2020-05-07 02:00:00+00:00,8,8,0.1171517973554257,0.014643974669428213,0.0449035110344326,59.0,3.0,0
Philadelphia,Stage IV,Spring,2020,204,2020-05-08 16:00:00+00:00,2020-05-09 05:00:00+00:00,14,14,0.58908175989521,0.04207726856394357,0.1535775368281385,37.0,10.0,0
Philadelphia,Stage IV,Spring,2020,205,2020-05-22 15:00:00+00:00,2020-05-22 21:00:00+00:00,7,6,0.33108032400472864,0.04729718914353266,0.137891428788234,258.0,4.0,1
Philadelphia,Stage IV,Spring,2020,206,2020-05-23 11:00:00+00:00,2020-05-23 22:00:00+00:00,12,10,1.0669164523558636,0.08890970436298863,0.4413926703026344,13.0,1.0,1
Philadelphia,Stage IV,Summer,2020,207,2020-06-03 17:00:00+00:00,2020-06-04 01:00:00+00:00,9,4,0.4798928779385647,0.053321430882062745,0.2727622405149785,25.0,0.0,5
Philadelphia,Stage IV,Summer,2020,208,2020-06-05 04:00:00+00:00,2020-06-06 07:00:00+00:00,28,15,1.024605610531151,0.03659305751896968,0.2488491962749918,26.0,0.0,9
Philadelphia,Stage IV,Summer,2020,209,2020-06-11 05:00:00+00:00,2020-06-11 19:00:00+00:00,15,9,0.3325937168874093,0.02217291445916062,0.1504880772125425,117.0,13.0,3
Philadelphia,Stage IV,Summer,2020,210,2020-06-18 09:00:00+00:00,2020-06-18 23:00:00+00:00,15,7,0.16705885872627949,0.011137257248418632,0.0913712885990301,157.0,7.0,4
Philadelphia,Stage IV,Summer,2020,211,2020-06-20 18:00:00+00:00,2020-06-20 22:00:00+00:00,5,4,0.29456519767629946,0.05891303953525989,0.2221874851094905,17.0,3.0,1
Philadelphia,Stage IV,Summer,2020,212,2020-06-30 01:00:00+00:00,2020-06-30 02:00:00+00:00,2,2,0.1889992011925139,0.09449960059625695,0.1828225329466995,22.0,1.0,0
Philadelphia,Stage IV,Summer,2020,213,2020-07-04 01:00:00+00:00,2020-07-04 02:00:00+00:00,2,2,0.1351406197356641,0.06757030986783205,0.0716382100317034,46.0,0.0,0
Philadelphia,Stage IV,Summer,2020,214,2020-07-06 17:00:00+00:00,2020-07-07 01:00:00+00:00,9,9,2.4936522332434388,0.2770724703603821,1.063465757126579,62.0,2.0,0
Philadelphia,Stage IV,Summer,2020,215,2020-07-07 23:00:00+00:00,2020-07-08 00:00:00+00:00,2,2,0.1957732169810966,0.0978866084905483,0.1716389742053138,21.0,1.0,0
Philadelphia,Stage IV,Summer,2020,216,2020-07-10 13:00:00+00:00,2020-07-11 01:00:00+00:00,13,13,2.746070156105944,0.2112361658543034,0.9033480262803124,36.0,4.0,0
Philadelphia,Stage IV,Summer,2020,217,2020-07-13 04:00:00+00:00,2020-07-13 06:00:00+00:00,3,3,0.30759248706396,0.10253082902131999,0.1486149180082464,29.0,1.0,0
Philadelphia,Stage IV,Summer,2020,218,2020-07-22 22:00:00+00:00,2020-07-23 02:00:00+00:00,5,5,0.5248540690215223,0.10497081380430447,0.3879644730176695,16.0,1.0,0
Philadelphia,Stage IV,Summer,2020,219,2020-07-23 13:00:00+00:00,2020-07-24 20:00:00+00:00,32,19,1.987459593631371,0.062108112300980345,0.5089069818156957,10.0,30.0,6
Philadelphia,Stage IV,Summer,2020,220,2020-07-31 04:00:00+00:00,2020-07-31 16:00:00+00:00,13,10,0.16335766534024962,0.012565974256942279,0.0302753079526146,151.0,10.0,2
Philadelphia,Stage IV,Summer,2020,221,2020-08-04 00:00:00+00:00,2020-08-05 06:00:00+00:00,31,18,3.043129361131609,0.09816546326230997,1.2429236701823074,27.0,15.0,9
Philadelphia,Stage IV,Summer,2020,222,2020-08-06 11:00:00+00:00,2020-08-06 14:00:00+00:00,4,4,0.4385823280510063,0.10964558201275157,0.2261896849452361,28.0,2.0,0
Philadelphia,Stage IV,Summer,2020,223,2020-08-07 23:00:00+00:00,2020-08-08 01:00:00+00:00,3,3,0.4458480058964438,0.14861600196548128,0.226695492284754,10.0,1.0,0
Philadelphia,Stage IV,Summer,2020,224,2020-08-12 16:00:00+00:00,2020-08-12 22:00:00+00:00,7,6,0.24138924224973912,0.03448417746424844,0.1089577685536874,41.0,3.0,1
Philadelphia,Stage IV,Summer,2020,225,2020-08-13 18:00:00+00:00,2020-08-14 00:00:00+00:00,7,7,0.22070010050753028,0.03152858578679004,0.0719111284752492,19.0,2.0,0
Philadelphia,Stage IV,Summer,2020,226,2020-08-16 07:00:00+00:00,2020-08-16 17:00:00+00:00,11,11,0.4483404973001693,0.04075822702728812,0.076072717662343,35.0,7.0,0
Philadelphia,Stage IV,Summer,2020,227,2020-08-17 20:00:00+00:00,2020-08-18 01:00:00+00:00,6,4,0.1366953045681245,0.022782550761354086,0.0629125462200526,26.0,0.0,2
Philadelphia,Stage IV,Summer,2020,228,2020-08-23 13:00:00+00:00,2020-08-24 03:00:00+00:00,15,7,0.7194710044205412,0.047964733628036084,0.5732180523570576,93.0,5.0,5
Philadelphia,Stage IV,Summer,2020,229,2020-08-28 21:00:00+00:00,2020-08-28 23:00:00+00:00,3,3,0.6431613599665066,0.21438711998883553,0.5288424568424882,21.0,0.0,0
Philadelphia,Stage IV,Summer,2020,230,2020-08-29 15:00:00+00:00,2020-08-30 01:00:00+00:00,11,5,0.3038082867466629,0.027618935158787536,0.1454562784368006,15.0,5.0,4
Philadelphia,Stage IV,Fall,2020,231,2020-09-03 23:00:00+00:00,2020-09-04 01:00:00+00:00,3,3,0.1117628068656553,0.03725426895521843,0.0703033914509083,19.0,1.0,0
Philadelphia,Stage IV,Fall,2020,232,2020-09-10 04:00:00+00:00,2020-09-10 12:00:00+00:00,9,5,0.36474318434009595,0.04052702048223288,0.3037429865171625,146.0,1.0,3
Philadelphia,Stage IV,Fall,2020,233,2020-09-10 23:00:00+00:00,2020-09-11 02:00:00+00:00,4,4,0.1355165761244297,0.03387914403110742,0.0853956086426862,10.0,1.0,0
Philadelphia,Stage IV,Fall,2020,234,2020-09-26 09:00:00+00:00,2020-09-26 20:00:00+00:00,12,7,0.15195020146722632,0.012662516788935527,0.0708721195896031,196.0,4.0,4
Philadelphia,Stage IV,Fall,2020,235,2020-09-27 23:00:00+00:00,2020-09-28 06:00:00+00:00,8,4,0.24779578088607918,0.030974472610759897,0.1381520966351034,26.0,6.0,4
Philadelphia,Stage IV,Fall,2020,236,2020-09-29 15:00:00+00:00,2020-09-30 10:00:00+00:00,20,17,2.299274806133466,0.11496374030667329,0.4808476469198864,32.0,15.0,2
Philadelphia,Stage IV,Fall,2021,237,2020-10-11 23:00:00+00:00,2020-10-12 16:00:00+00:00,18,15,0.9703801456231429,0.053910008090174606,0.1405452129891418,153.0,7.0,3
Philadelphia,Stage IV,Fall,2021,238,2020-10-16 12:00:00+00:00,2020-10-17 06:00:00+00:00,19,12,1.2377558132676698,0.06514504280356156,0.2794228488649677,91.0,4.0,7
Philadelphia,Stage IV,Fall,2021,239,2020-10-25 18:00:00+00:00,2020-10-26 12:00:00+00:00,19,8,0.19547299635854481,0.01028805243992341,0.0904843513445378,203.0,18.0,9
Philadelphia,Stage IV,Fall,2021,240,2020-10-29 09:00:00+00:00,2020-10-30 16:00:00+00:00,32,28,2.6237549486884966,0.08199234214651552,0.3839438164797822,68.0,7.0,3
Philadelphia,Stage IV,Fall,2021,241,2020-11-01 17:00:00+00:00,2020-11-02 00:00:00+00:00,8,6,0.4683531820112364,0.05854414775140455,0.1347668980921104,48.0,2.0,2
Philadelphia,Stage IV,Fall,2021,242,2020-11-11 18:00:00+00:00,2020-11-12 22:00:00+00:00,29,24,2.0448155573487226,0.07051088128788699,0.536936496322579,233.0,6.0,2
Philadelphia,Stage IV,Fall,2021,243,2020-11-16 00:00:00+00:00,2020-11-16 03:00:00+00:00,4,4,0.41856307591539615,0.10464076897884904,0.1594214847304274,58.0,1.0,0
Philadelphia,Stage IV,Fall,2021,244,2020-11-23 04:00:00+00:00,2020-11-23 13:00:00+00:00,10,8,0.37767707122042504,0.037767707122042506,0.1418471944472192,168.0,7.0,2
Philadelphia,Stage IV,Fall,2021,245,2020-11-26 07:00:00+00:00,2020-11-26 16:00:00+00:00,10,7,0.5921316690973302,0.059213166909733016,0.2104173296181136,65.0,3.0,3
Philadelphia,Stage IV,Fall,2021,246,2020-11-30 12:00:00+00:00,2020-12-01 01:00:00+00:00,14,12,1.7035486298254954,0.12168204498753539,0.4178764884658032,91.0,3.0,1
Philadelphia,Stage IV,Winter,2021,247,2020-12-04 16:00:00+00:00,2020-12-05 16:00:00+00:00,25,24,0.952235559779196,0.03808942239116784,0.1389706477333553,86.0,17.0,1
Philadelphia,Stage IV,Winter,2021,248,2020-12-14 14:00:00+00:00,2020-12-14 21:00:00+00:00,8,8,0.8215245323173839,0.10269056653967298,0.1678522788080291,31.0,1.0,0
Philadelphia,Stage IV,Winter,2021,249,2020-12-16 19:00:00+00:00,2020-12-17 13:00:00+00:00,19,19,1.4274495400042964,0.07512892315812086,0.1755304224108805,45.0,11.0,0
Philadelphia,Stage IV,Winter,2021,250,2020-12-22 05:00:00+00:00,2020-12-22 14:00:00+00:00,10,10,0.1393542970393526,0.01393542970393526,0.0297869169603876,111.0,5.0,0
Philadelphia,Stage IV,Winter,2021,251,2020-12-24 20:00:00+00:00,2020-12-25 15:00:00+00:00,20,16,2.278701112283626,0.1139350556141813,0.5527480076732164,53.0,8.0,2
Philadelphia,Stage IV,Winter,2021,252,2020-12-31 10:00:00+00:00,2020-12-31 21:00:00+00:00,12,8,0.1531205440799568,0.012760045339996398,0.0568381460371832,138.0,4.0,4
Philadelphia,Stage IV,Winter,2021,253,2021-01-01 19:00:00+00:00,2021-01-02 07:00:00+00:00,13,13,1.0117937613102659,0.07783028933155892,0.2572950351435805,21.0,7.0,0
Philadelphia,Stage IV,Winter,2021,254,2021-01-03 13:00:00+00:00,2021-01-04 03:00:00+00:00,15,8,0.20056432764436807,0.013370955176291204,0.0699085979464249,29.0,1.0,6
Philadelphia,Stage IV,Winter,2021,255,2021-01-16 02:00:00+00:00,2021-01-16 12:00:00+00:00,11,9,0.3667011749844453,0.033336470453131394,0.1115104519166432,286.0,3.0,2
Philadelphia,Stage IV,Winter,2021,256,2021-01-26 15:00:00+00:00,2021-01-26 17:00:00+00:00,3,3,0.1336156007644931,0.04453853358816437,0.0794350126505771,141.0,2.0,0
Philadelphia,Stage IV,Winter,2021,257,2021-01-31 18:00:00+00:00,2021-02-03 16:00:00+00:00,71,58,1.8329564627380712,0.025816288207578468,0.1019601592477961,120.0,28.0,7
Philadelphia,Stage IV,Winter,2021,258,2021-02-07 13:00:00+00:00,2021-02-07 20:00:00+00:00,8,8,0.3796750766485616,0.0474593845810702,0.0734858118413311,46.0,6.0,0
Philadelphia,Stage IV,Winter,2021,259,2021-02-11 05:00:00+00:00,2021-02-11 13:00:00+00:00,9,8,0.2017529527465547,0.022416994749617187,0.0597677685649866,80.0,1.0,1
Philadelphia,Stage IV,Winter,2021,260,2021-02-16 06:00:00+00:00,2021-02-16 12:00:00+00:00,7,7,1.0349720086277363,0.14785314408967662,0.2244027106265521,48.0,2.0,0
Philadelphia,Stage IV,Winter,2021,261,2021-02-18 11:00:00+00:00,2021-02-18 19:00:00+00:00,9,9,1.0382492642033718,0.1153610293559302,0.4181490255115206,46.0,6.0,0
Philadelphia,Stage IV,Winter,2021,262,2021-02-22 16:00:00+00:00,2021-02-22 21:00:00+00:00,6,6,0.5756229083823201,0.09593715139705335,0.1624015748031496,64.0,2.0,0
Philadelphia,Stage IV,Winter,2021,263,2021-02-27 05:00:00+00:00,2021-02-27 15:00:00+00:00,11,11,0.4279827927315532,0.038907526611959384,0.0698600915245339,83.0,8.0,0
Philadelphia,Stage IV,Winter,2021,264,2021-02-28 14:00:00+00:00,2021-03-01 13:00:00+00:00,24,22,1.0548427715158728,0.0439517821464947,0.1593719153158789,22.0,6.0,1
Philadelphia,Stage IV,Spring,2021,265,2021-03-18 12:00:00+00:00,2021-03-19 07:00:00+00:00,20,20,1.0040057505264963,0.05020028752632481,0.0993215408025026,32.0,5.0,0
Philadelphia,Stage IV,Spring,2021,266,2021-03-24 11:00:00+00:00,2021-03-25 02:00:00+00:00,16,14,1.7411967957952479,0.10882479973720299,0.4385276232992446,123.0,8.0,2
Philadelphia,Stage IV,Spring,2021,267,2021-03-28 11:00:00+00:00,2021-03-29 02:00:00+00:00,16,12,0.6996877514186783,0.043730484463667396,0.1718395544237142,49.0,13.0,3
Philadelphia,Stage IV,Spring,2021,268,2021-03-31 14:00:00+00:00,2021-04-01 14:00:00+00:00,25,20,0.5441354689181273,0.02176541875672509,0.084614668291586,59.0,11.0,2
Philadelphia,Stage IV,Spring,2021,269,2021-04-09 17:00:00+00:00,2021-04-10 09:00:00+00:00,17,6,0.1443360121286357,0.008490353654625629,0.097667526688094,48.0,16.0,6
Philadelphia,Stage IV,Spring,2021,270,2021-04-11 09:00:00+00:00,2021-04-12 14:00:00+00:00,30,19,0.86960097613907,0.028986699204635664,0.1633192671911296,23.0,1.0,5
Philadelphia,Stage IV,Spring,2021,271,2021-04-25 02:00:00+00:00,2021-04-25 13:00:00+00:00,12,11,0.7466518866133444,0.06222099055111203,0.1469065867406949,77.0,8.0,1
Philadelphia,Stage IV,Spring,2021,272,2021-04-29 11:00:00+00:00,2021-04-30 03:00:00+00:00,17,12,0.4695675182483254,0.027621618720489727,0.2153125264554758,93.0,14.0,4
Philadelphia,Stage IV,Spring,2021,273,2021-05-03 16:00:00+00:00,2021-05-04 11:00:00+00:00,20,19,0.6302245596988929,0.03151122798494464,0.1743013076230947,65.0,13.0,1
Philadelphia,Stage IV,Spring,2021,274,2021-05-05 13:00:00+00:00,2021-05-06 00:00:00+00:00,12,9,0.4213431142148637,0.03511192618457198,0.1648620460137001,25.0,4.0,2
Philadelphia,Stage IV,Spring,2021,275,2021-05-07 22:00:00+00:00,2021-05-08 10:00:00+00:00,13,13,0.41087781862788525,0.03160598604829887,0.1083490453162549,45.0,10.0,0
Philadelphia,Stage IV,Spring,2021,276,2021-05-26 22:00:00+00:00,2021-05-27 04:00:00+00:00,7,7,0.7825014099514921,0.111785915707356,0.289121163261369,58.0,5.0,0
Philadelphia,Stage IV,Spring,2021,277,2021-05-28 17:00:00+00:00,2021-05-31 02:00:00+00:00,58,45,2.441663637170399,0.04209764891673101,0.2701917197415291,36.0,9.0,5
Philadelphia,Stage IV,Summer,2021,278,2021-06-03 09:00:00+00:00,2021-06-04 05:00:00+00:00,21,11,1.1819936175716115,0.05628541036055293,0.3909628603436348,78.0,15.0,9
Philadelphia,Stage IV,Summer,2021,279,2021-06-04 16:00:00+00:00,2021-06-04 21:00:00+00:00,6,4,0.8075889298771419,0.13459815497952365,0.71851166338969,10.0,4.0,2
Philadelphia,Stage IV,Summer,2021,280,2021-06-08 18:00:00+00:00,2021-06-09 00:00:00+00:00,7,7,0.4120871942325731,0.05886959917608187,0.1277976352570853,23.0,5.0,0
Philadelphia,Stage IV,Summer,2021,281,2021-06-11 10:00:00+00:00,2021-06-11 21:00:00+00:00,12,12,0.28356129335544916,0.023630107779620765,0.0603402442449252,17.0,8.0,0
Philadelphia,Stage IV,Summer,2021,282,2021-06-15 00:00:00+00:00,2021-06-15 08:00:00+00:00,9,7,0.5533304562912121,0.06148116181013468,0.2913788292524067,11.0,1.0,2
Philadelphia,Stage IV,Summer,2021,283,2021-06-19 06:00:00+00:00,2021-06-19 08:00:00+00:00,3,3,0.12811428157682575,0.042704760525608586,0.1227164516141313,93.0,1.0,0
Philadelphia,Stage IV,Summer,2021,284,2021-06-19 20:00:00+00:00,2021-06-20 02:00:00+00:00,7,7,0.19318305180806106,0.027597578829723007,0.0928265031061649,11.0,3.0,0
Philadelphia,Stage IV,Summer,2021,285,2021-06-22 00:00:00+00:00,2021-06-22 22:00:00+00:00,23,14,0.3734030090440236,0.01623491343669668,0.1210373169162962,45.0,18.0,7
Philadelphia,Stage IV,Summer,2021,286,2021-07-01 16:00:00+00:00,2021-07-03 02:00:00+00:00,35,21,1.6050504112850477,0.04585858317957279,0.4803102303125954,12.0,5.0,8
Philadelphia,Stage IV,Summer,2021,287,2021-07-03 18:00:00+00:00,2021-07-04 01:00:00+00:00,8,8,0.4169330726397642,0.052116634079970525,0.1566166014382219,15.0,6.0,0
Philadelphia,Stage IV,Summer,2021,288,2021-07-06 21:00:00+00:00,2021-07-07 04:00:00+00:00,8,5,1.1321898598941422,0.14152373248676778,0.5382356628186188,47.0,6.0,3
Philadelphia,Stage IV,Summer,2021,289,2021-07-08 13:00:00+00:00,2021-07-09 12:00:00+00:00,24,18,1.0889216665080763,0.04537173610450318,0.3160487726897406,32.0,20.0,3
Philadelphia,Stage IV,Summer,2021,290,2021-07-12 18:00:00+00:00,2021-07-13 07:00:00+00:00,14,10,2.3638684112649133,0.16884774366177951,1.137371346244728,64.0,4.0,4
Philadelphia,Stage IV,Summer,2021,291,2021-07-17 20:00:00+00:00,2021-07-18 11:00:00+00:00,16,10,1.8891822880950806,0.11807389300594254,0.79174740866898,70.0,7.0,3
Philadelphia,Stage IV,Summer,2021,292,2021-07-21 20:00:00+00:00,2021-07-22 02:00:00+00:00,7,6,0.4733147273069697,0.0676163896152814,0.3367717997835377,80.0,0.0,1
Philadelphia,Stage IV,Summer,2021,293,2021-07-25 05:00:00+00:00,2021-07-25 22:00:00+00:00,18,8,0.19538668233901013,0.010854815685500563,0.0846189497897898,74.0,17.0,8
Philadelphia,Stage IV,Summer,2021,294,2021-07-29 18:00:00+00:00,2021-07-30 01:00:00+00:00,8,7,0.450648173158732,0.0563310216448415,0.1799003384737913,91.0,6.0,1
Philadelphia,Stage IV,Summer,2021,295,2021-08-01 14:00:00+00:00,2021-08-02 03:00:00+00:00,14,10,0.547456518806999,0.03910403705764278,0.3334053733956,60.0,4.0,3
Philadelphia,Stage IV,Summer,2021,296,2021-08-08 04:00:00+00:00,2021-08-08 10:00:00+00:00,7,7,0.8795019456564843,0.12564313509378347,0.3177497110402099,144.0,3.0,0
Philadelphia,Stage IV,Summer,2021,297,2021-08-09 22:00:00+00:00,2021-08-10 10:00:00+00:00,13,6,0.44142973597077306,0.03395613353621331,0.3785422980309915,35.0,10.0,7
Philadelphia,Stage IV,Summer,2021,298,2021-08-10 22:00:00+00:00,2021-08-11 04:00:00+00:00,7,7,0.6005529183866953,0.08579327405524219,0.4072420466328343,11.0,1.0,0
Philadelphia,Stage IV,Summer,2021,299,2021-08-19 01:00:00+00:00,2021-08-19 08:00:00+00:00,8,6,2.4408412401056596,0.30510515501320745,1.1963346262184944,10.0,6.0,2
Philadelphia,Stage IV,Summer,2021,300,2021-08-21 21:00:00+00:00,2021-08-22 14:00:00+00:00,18,16,1.7080794810082436,0.09489330450045798,0.3694152659084203,18.0,10.0,2
Philadelphia,Stage IV,Summer,2021,301,2021-08-23 02:00:00+00:00,2021-08-23 21:00:00+00:00,20,17,0.8269112746761091,0.041345563733805456,0.1347260983669862,11.0,9.0,3
Philadelphia,Stage IV,Summer,2021,302,2021-08-28 08:00:00+00:00,2021-08-28 19:00:00+00:00,12,11,0.6086700754964546,0.05072250629137121,0.1139313881664814,10.0,10.0,1
Philadelphia,Stage IV,Fall,2021,303,2021-09-01 09:00:00+00:00,2021-09-02 04:00:00+00:00,20,13,5.149573273605534,0.2574786636802767,1.6264907074382673,37.0,14.0,7
Philadelphia,Stage IV,Fall,2021,304,2021-09-08 21:00:00+00:00,2021-09-09 19:00:00+00:00,23,14,0.35563035498053125,0.01546218934697962,0.0836920915507701,58.0,15.0,7
Philadelphia,Stage IV,Fall,2021,305,2021-09-16 03:00:00+00:00,2021-09-16 05:00:00+00:00,3,3,0.20725537183634718,0.06908512394544906,0.0783721454852853,151.0,1.0,0
Philadelphia,Stage IV,Fall,2021,306,2021-09-23 09:00:00+00:00,2021-09-24 05:00:00+00:00,21,17,1.7128361713787148,0.08156362720851022,0.7836885955844552,131.0,9.0,3
Philadelphia,Stage IV,Fall,2021,307,2021-09-28 15:00:00+00:00,2021-09-28 16:00:00+00:00,2,2,0.2829160371273097,0.14145801856365486,0.2389417213409393,105.0,0.0,0
Philadelphia,Stage IV,Fall,2022,308,2021-10-04 06:00:00+00:00,2021-10-05 10:00:00+00:00,29,10,0.5786199817312501,0.019952413163146554,0.2826642284384134,133.0,25.0,7
Philadelphia,Stage IV,Winter,2022,309,2022-01-01 09:00:00+00:00,2022-01-03 00:00:00+00:00,40,29,1.141407681924312,0.0285351920481078,0.3191068401636563,2110.0,18.0,9
Philadelphia,Stage IV,Winter,2022,310,2022-01-07 06:00:00+00:00,2022-01-07 12:00:00+00:00,7,7,0.31380927107786366,0.04482989586826624,0.0975823888502495,37.0,5.0,0
Philadelphia,Stage IV,Winter,2022,311,2022-01-09 16:00:00+00:00,2022-01-10 02:00:00+00:00,11,11,0.2980661972614447,0.0270969270237677,0.0739330069468184,51.0,7.0,0
Philadelphia,Stage IV,Winter,2022,312,2022-01-16 23:00:00+00:00,2022-01-17 23:00:00+00:00,25,17,1.763572550093361,0.07054290200373443,0.3499990775585939,164.0,8.0,5
Philadelphia,Stage IV,Winter,2022,313,2022-01-20 08:00:00+00:00,2022-01-20 17:00:00+00:00,10,10,0.5379650204588878,0.05379650204588878,0.1132778199263115,42.0,5.0,0
Philadelphia,Stage IV,Winter,2022,314,2022-01-28 14:00:00+00:00,2022-01-29 19:00:00+00:00,30,27,0.46382287954923357,0.015460762651641119,0.0440840550144684,188.0,18.0,3
Philadelphia,Stage IV,Winter,2022,315,2022-02-03 09:00:00+00:00,2022-02-05 02:00:00+00:00,42,39,1.3432991165314465,0.031983312298367775,0.1234215479312464,109.0,35.0,1
Philadelphia,Stage IV,Winter,2022,316,2022-02-07 08:00:00+00:00,2022-02-08 05:00:00+00:00,22,14,0.10765873739236018,0.004893578972380008,0.0295200639726304,53.0,18.0,6
Philadelphia,Stage IV,Winter,2022,317,2022-02-13 06:00:00+00:00,2022-02-14 04:00:00+00:00,23,19,0.42700246989887175,0.018565324778211816,0.0529421401521724,120.0,2.0,4
Philadelphia,Stage IV,Winter,2022,318,2022-02-18 02:00:00+00:00,2022-02-18 12:00:00+00:00,11,10,0.46013256274344644,0.04183023297667695,0.1080502754818306,93.0,10.0,1
Philadelphia,Stage IV,Winter,2022,319,2022-02-22 14:00:00+00:00,2022-02-23 01:00:00+00:00,12,10,0.21093472160909257,0.01757789346742438,0.0704263393470279,65.0,8.0,2
Philadelphia,Stage IV,Winter,2022,320,2022-02-24 18:00:00+00:00,2022-02-25 15:00:00+00:00,22,14,0.9096834986409612,0.04134924993822551,0.1431966291770547,40.0,20.0,7
Philadelphia,Stage IV,Spring,2022,321,2022-03-07 21:00:00+00:00,2022-03-08 03:00:00+00:00,7,4,0.12132596617479399,0.017332280882113426,0.0767049596123223,26.0,6.0,3
Philadelphia,Stage IV,Spring,2022,322,2022-03-09 14:00:00+00:00,2022-03-09 23:00:00+00:00,10,10,0.45285304876904364,0.04528530487690437,0.1190165949413683,34.0,1.0,0
Philadelphia,Stage IV,Spring,2022,323,2022-03-12 09:00:00+00:00,2022-03-12 23:00:00+00:00,15,14,0.660251314377625,0.04401675429184167,0.2052957251872326,57.0,5.0,1
Philadelphia,Stage IV,Spring,2022,324,2022-03-17 09:00:00+00:00,2022-03-18 02:00:00+00:00,18,12,0.2426316592095298,0.013479536622751656,0.0639641363127768,105.0,5.0,5
Philadelphia,Stage IV,Spring,2022,325,2022-03-20 01:00:00+00:00,2022-03-20 04:00:00+00:00,4,4,0.21672093267148976,0.05418023316787244,0.2096271200694655,46.0,1.0,0
Philadelphia,Stage IV,Spring,2022,326,2022-03-23 20:00:00+00:00,2022-03-25 05:00:00+00:00,34,20,1.001073042367229,0.029443324775506735,0.1636577270060288,87.0,9.0,9
Philadelphia,Stage IV,Spring,2022,327,2022-03-31 18:00:00+00:00,2022-04-01 20:00:00+00:00,27,16,0.5659065821658887,0.020959503043181064,0.1063864557522829,115.0,6.0,7
Philadelphia,Stage IV,Spring,2022,328,2022-04-03 11:00:00+00:00,2022-04-03 20:00:00+00:00,10,8,0.21945170913530287,0.021945170913530286,0.0454601875922985,38.0,8.0,2
Philadelphia,Stage IV,Spring,2022,329,2022-04-06 00:00:00+00:00,2022-04-06 15:00:00+00:00,16,16,1.201132977534992,0.075070811095937,0.2050060276998642,51.0,8.0,0
Philadelphia,Stage IV,Spring,2022,330,2022-04-07 14:00:00+00:00,2022-04-08 05:00:00+00:00,16,16,2.859514352985522,0.17871964706159513,0.9639383633668194,22.0,10.0,0
Philadelphia,Stage IV,Spring,2022,331,2022-04-09 02:00:00+00:00,2022-04-09 23:00:00+00:00,22,12,0.2212267936842626,0.010055763349284664,0.0648373749383725,20.0,6.0,5
Philadelphia,Stage IV,Spring,2022,332,2022-04-17 00:00:00+00:00,2022-04-17 05:00:00+00:00,6,6,0.1737785047042128,0.0289630841173688,0.0625716233133707,10.0,2.0,0
Philadelphia,Stage IV,Spring,2022,333,2022-04-18 18:00:00+00:00,2022-04-19 23:00:00+00:00,30,19,1.5699822736722382,0.05233274245574127,0.2217444169745707,36.0,10.0,6
Philadelphia,Stage IV,Spring,2022,334,2022-05-01 22:00:00+00:00,2022-05-02 11:00:00+00:00,14,7,0.3224618147742141,0.023032986769586723,0.1510434219784039,114.0,11.0,6
Philadelphia,Stage IV,Spring,2022,335,2022-05-04 06:00:00+00:00,2022-05-04 14:00:00+00:00,9,9,0.18487035572257898,0.02054115063584211,0.0593743013406939,42.0,3.0,0
Philadelphia,Stage IV,Spring,2022,336,2022-05-06 13:00:00+00:00,2022-05-08 17:00:00+00:00,53,51,2.732213024571077,0.051551189142850506,0.2193698168699478,46.0,25.0,2
Philadelphia,Stage IV,Spring,2022,337,2022-05-13 10:00:00+00:00,2022-05-13 21:00:00+00:00,12,9,0.3949366763069203,0.03291138969224336,0.3207570476816734,112.0,10.0,2
Philadelphia,Stage IV,Spring,2022,338,2022-05-14 11:00:00+00:00,2022-05-14 23:00:00+00:00,13,10,0.2725710688642741,0.020967005297251855,0.0519562169229903,13.0,0.0,2
Philadelphia,Stage IV,Spring,2022,339,2022-05-16 02:00:00+00:00,2022-05-17 00:00:00+00:00,23,10,0.3848406476368589,0.016732202071167778,0.1304105671737875,26.0,21.0,5
Philadelphia,Stage IV,Spring,2022,340,2022-05-19 02:00:00+00:00,2022-05-19 11:00:00+00:00,10,9,0.6644684203247608,0.06644684203247608,0.2042113767119875,49.0,7.0,1
Philadelphia,Stage IV,Spring,2022,341,2022-05-20 04:00:00+00:00,2022-05-20 21:00:00+00:00,18,7,0.4106248386785608,0.02281249103769782,0.2515934328833306,16.0,15.0,7
Philadelphia,Stage IV,Spring,2022,342,2022-05-27 20:00:00+00:00,2022-05-28 12:00:00+00:00,17,8,1.0723216729718599,0.06307774546893294,0.6320072229918003,79.0,8.0,5
Philadelphia,Stage IV,Summer,2022,343,2022-06-02 04:00:00+00:00,2022-06-02 23:00:00+00:00,20,10,0.6955737508380563,0.03477868754190282,0.3080231387556638,97.0,17.0,6
Philadelphia,Stage IV,Summer,2022,344,2022-06-07 20:00:00+00:00,2022-06-08 07:00:00+00:00,12,10,0.20538550377542839,0.017115458647952365,0.0782770002605473,101.0,7.0,2
Philadelphia,Stage IV,Summer,2022,345,2022-06-09 03:00:00+00:00,2022-06-09 10:00:00+00:00,8,8,1.2959024023803347,0.16198780029754184,0.4997557666101668,19.0,6.0,0
Philadelphia,Stage IV,Summer,2022,346,2022-06-12 10:00:00+00:00,2022-06-13 11:00:00+00:00,26,10,1.2277207442737579,0.04722002862591376,0.5186938272602996,14.0,4.0,9
Philadelphia,Stage IV,Summer,2022,347,2022-06-16 10:00:00+00:00,2022-06-16 14:00:00+00:00,5,5,0.7980902907774287,0.15961805815548574,0.3627574697645617,43.0,2.0,0
Philadelphia,Stage IV,Summer,2022,348,2022-06-22 22:00:00+00:00,2022-06-23 20:00:00+00:00,23,13,0.4087278077103601,0.017770774248276527,0.1654218912739377,136.0,18.0,4
Philadelphia,Stage IV,Summer,2022,349,2022-06-27 13:00:00+00:00,2022-06-27 23:00:00+00:00,11,8,0.36657713210746323,0.033325193827951204,0.1298407366723368,88.0,5.0,2
Philadelphia,Stage IV,Summer,2022,350,2022-07-07 05:00:00+00:00,2022-07-07 13:00:00+00:00,9,8,0.36603182917733157,0.04067020324192573,0.125687378296445,28.0,5.0,1
Philadelphia,Stage IV,Summer,2022,351,2022-07-09 03:00:00+00:00,2022-07-09 16:00:00+00:00,14,10,0.26898832347053936,0.019213451676467097,0.1841078873295341,37.0,0.0,3
Philadelphia,Stage IV,Summer,2022,352,2022-07-16 22:00:00+00:00,2022-07-17 07:00:00+00:00,10,8,0.2083278256206054,0.020832782562060538,0.0676163231782403,20.0,8.0,2
Philadelphia,Stage IV,Summer,2022,353,2022-07-25 20:00:00+00:00,2022-07-25 21:00:00+00:00,2,2,0.1369763873858314,0.0684881936929157,0.07507241204408,161.0,0.0,0
Philadelphia,Stage IV,Summer,2022,354,2022-07-28 21:00:00+00:00,2022-07-29 02:00:00+00:00,6,6,0.5374565384133083,0.08957608973555138,0.4381059055687008,13.0,4.0,0
Philadelphia,Stage IV,Summer,2022,355,2022-08-01 00:00:00+00:00,2022-08-01 10:00:00+00:00,11,11,0.5412671505548349,0.04920610459589408,0.2420065776962022,47.0,6.0,0
Philadelphia,Stage IV,Summer,2022,356,2022-08-05 01:00:00+00:00,2022-08-06 04:00:00+00:00,28,10,0.11094773756048254,0.003962419198588662,0.0401627218530144,64.0,24.0,9
Philadelphia,Stage IV,Summer,2022,357,2022-08-11 08:00:00+00:00,2022-08-11 10:00:00+00:00,3,3,0.5297803780791652,0.17659345935972173,0.3535999061306616,26.0,1.0,0
Philadelphia,Stage IV,Summer,2022,358,2022-08-21 20:00:00+00:00,2022-08-23 02:00:00+00:00,31,23,2.393775421789284,0.07721856199320272,0.7066899055103071,31.0,29.0,5
Philadelphia,Stage IV,Summer,2022,359,2022-08-31 00:00:00+00:00,2022-08-31 02:00:00+00:00,3,3,0.26936414304821316,0.08978804768273772,0.2638476073175044,48.0,0.0,0
Philadelphia,Stage IV,Fall,2022,360,2022-09-06 00:00:00+00:00,2022-09-06 23:00:00+00:00,24,17,2.461401981193116,0.1025584158830465,0.7832363438819514,141.0,13.0,4
Philadelphia,Stage IV,Fall,2022,361,2022-09-11 06:00:00+00:00,2022-09-12 05:00:00+00:00,24,17,0.6526331954110851,0.027193049808795212,0.1308867066835108,79.0,15.0,7
Philadelphia,Stage IV,Fall,2022,362,2022-09-12 23:00:00+00:00,2022-09-13 07:00:00+00:00,9,7,0.48550531657155566,0.053945035174617295,0.2753127606878764,17.0,7.0,2
Philadelphia,Stage IV,Fall,2022,363,2022-09-25 09:00:00+00:00,2022-09-26 04:00:00+00:00,20,7,0.3386610723817171,0.016933053619085855,0.295322699334578,61.0,11.0,8
Philadelphia,Stage IV,Fall,2023,364,2022-10-01 01:00:00+00:00,2022-10-06 00:00:00+00:00,120,87,4.8839758351965745,0.04069979862663812,0.2907706916451884,94.0,36.0,8
Philadelphia,Stage IV,Fall,2023,365,2022-10-13 10:00:00+00:00,2022-10-14 07:00:00+00:00,22,21,1.1364865746409243,0.05165848066549656,0.2744093670275181,121.0,16.0,1
Philadelphia,Stage IV,Fall,2023,366,2022-10-17 22:00:00+00:00,2022-10-18 00:00:00+00:00,3,3,0.4482636714743553,0.1494212238247851,0.2159106566758008,15.0,0.0,0
Philadelphia,Stage IV,Fall,2023,367,2022-10-23 17:00:00+00:00,2022-10-25 02:00:00+00:00,34,20,0.542837677914901,0.015965814056320617,0.127777079144445,136.0,16.0,8
Philadelphia,Stage IV,Fall,2023,368,2022-10-31 23:00:00+00:00,2022-11-01 08:00:00+00:00,10,10,0.32317888452251264,0.03231788845225127,0.1102206776497088,123.0,3.0,0
Philadelphia,Stage IV,Fall,2023,369,2022-11-11 14:00:00+00:00,2022-11-12 10:00:00+00:00,21,16,0.780040793563703,0.037144799693509666,0.3377800557010514,113.0,6.0,5
Philadelphia,Stage IV,Fall,2023,370,2022-11-15 23:00:00+00:00,2022-11-16 10:00:00+00:00,12,12,1.3724211020570072,0.11436842517141727,0.3101004134163484,58.0,5.0,0
Philadelphia,Stage IV,Fall,2023,371,2022-11-27 16:00:00+00:00,2022-11-28 02:00:00+00:00,11,10,0.4921410039445171,0.04474009126768337,0.1810846008769461,47.0,4.0,1
Philadelphia,Stage IV,Fall,2023,372,2022-11-30 14:00:00+00:00,2022-11-30 22:00:00+00:00,9,9,0.580109012987577,0.06445655699861967,0.1433915308493087,47.0,4.0,0
Philadelphia,Stage IV,Winter,2023,373,2022-12-03 11:00:00+00:00,2022-12-04 00:00:00+00:00,14,10,0.5992549354542389,0.042803923961017065,0.1221678883477237,60.0,5.0,4
Philadelphia,Stage IV,Winter,2023,374,2022-12-06 13:00:00+00:00,2022-12-07 11:00:00+00:00,23,23,0.8527851335776051,0.037077614503374136,0.1412205135236426,60.0,14.0,0
Philadelphia,Stage IV,Winter,2023,375,2022-12-11 14:00:00+00:00,2022-12-11 23:00:00+00:00,10,10,0.12539881516003712,0.012539881516003711,0.0310788885709403,98.0,5.0,0
Philadelphia,Stage IV,Winter,2023,376,2022-12-15 13:00:00+00:00,2022-12-16 19:00:00+00:00,31,31,1.9598540581750592,0.06322109865080836,0.291009419618883,85.0,11.0,0
Philadelphia,Stage IV,Winter,2023,377,2022-12-22 15:00:00+00:00,2022-12-23 19:00:00+00:00,29,26,1.571178782636634,0.05417857871160807,0.1910788455394227,139.0,16.0,3
Philadelphia,Stage IV,Winter,2023,378,2022-12-31 18:00:00+00:00,2023-01-01 05:00:00+00:00,12,12,0.3828415103183923,0.03190345919319936,0.1042519148228078,190.0,8.0,0
Philadelphia,Stage IV,Winter,2023,379,2023-01-02 20:00:00+00:00,2023-01-03 19:00:00+00:00,24,9,0.23604338573822803,0.009835141072426168,0.1018962591174209,38.0,21.0,9
Philadelphia,Stage IV,Winter,2023,380,2023-01-05 22:00:00+00:00,2023-01-06 16:00:00+00:00,19,11,0.2169197295228563,0.011416827869624016,0.0702131478034242,23.0,7.0,5
Philadelphia,Stage IV,Winter,2023,381,2023-01-12 10:00:00+00:00,2023-01-13 15:00:00+00:00,30,15,0.18490123172226883,0.0061633743907422945,0.0569797578205875,71.0,12.0,8
Philadelphia,Stage IV,Winter,2023,382,2023-01-19 10:00:00+00:00,2023-01-20 03:00:00+00:00,18,17,1.2803777858581837,0.07113209921434355,0.3191532550490685,40.0,16.0,1
Philadelphia,Stage IV,Winter,2023,383,2023-01-22 20:00:00+00:00,2023-01-23 20:00:00+00:00,25,23,1.1293881483554904,0.04517552593421961,0.1464618128962607,48.0,8.0,2
Philadelphia,Stage IV,Winter,2023,384,2023-01-25 18:00:00+00:00,2023-01-26 07:00:00+00:00,14,14,2.0268491531883552,0.14477493951345394,0.3537563973506395,45.0,8.0,0
Philadelphia,Stage IV,Winter,2023,385,2023-02-12 22:00:00+00:00,2023-02-13 08:00:00+00:00,11,10,0.21245582227121773,0.019314165661019792,0.0822314707417196,79.0,5.0,1
Philadelphia,Stage IV,Winter,2023,386,2023-02-16 19:00:00+00:00,2023-02-17 23:00:00+00:00,29,17,1.0207056284630498,0.03519674580907068,0.3107786297987637,82.0,20.0,9
Philadelphia,Stage IV,Winter,2023,387,2023-02-21 07:00:00+00:00,2023-02-21 23:00:00+00:00,17,9,0.1720968601626029,0.010123344715447229,0.0744745869420178,79.0,3.0,8
Philadelphia,Stage IV,Winter,2023,388,2023-02-27 22:00:00+00:00,2023-02-28 14:00:00+00:00,17,13,0.5339297699176402,0.03140763352456707,0.1217389314403318,108.0,7.0,3
Philadelphia,Stage IV,Spring,2023,389,2023-03-03 21:00:00+00:00,2023-03-04 08:00:00+00:00,12,12,1.4105614410090668,0.11754678675075557,0.433157404078702,78.0,9.0,0
Philadelphia,Stage IV,Spring,2023,390,2023-03-10 21:00:00+00:00,2023-03-11 20:00:00+00:00,24,13,0.5299234539381041,0.022080143914087674,0.1445330594712541,83.0,5.0,8
Philadelphia,Stage IV,Spring,2023,391,2023-03-13 07:00:00+00:00,2023-03-14 02:00:00+00:00,20,16,0.2978072305965278,0.01489036152982639,0.0518284388079201,34.0,15.0,3
Philadelphia,Stage IV,Spring,2023,392,2023-03-23 10:00:00+00:00,2023-03-24 17:00:00+00:00,32,20,0.6387562125867666,0.019961131643336457,0.1086511812940945,123.0,16.0,6
Philadelphia,Stage IV,Spring,2023,393,2023-03-25 10:00:00+00:00,2023-03-26 03:00:00+00:00,18,6,0.21945888925700335,0.012192160514277964,0.1025051865872389,16.0,6.0,6
Philadelphia,Stage IV,Spring,2023,394,2023-03-27 20:00:00+00:00,2023-03-27 23:00:00+00:00,4,4,0.2859087551591018,0.07147718878977545,0.134554813832525,40.0,2.0,0
Philadelphia,Stage IV,Spring,2023,395,2023-04-01 10:00:00+00:00,2023-04-02 01:00:00+00:00,16,11,0.9821020067990345,0.061381375424939655,0.3569406459900081,51.0,14.0,4
Philadelphia,Stage IV,Spring,2023,396,2023-04-06 21:00:00+00:00,2023-04-07 04:00:00+00:00,8,5,0.2648340743461709,0.03310425929327136,0.1403572084660058,10.0,4.0,3
Philadelphia,Stage IV,Spring,2023,397,2023-04-15 16:00:00+00:00,2023-04-16 00:00:00+00:00,9,8,0.35747719399450206,0.03971968822161134,0.3071787018176973,203.0,6.0,1
Philadelphia,Stage IV,Spring,2023,398,2023-04-17 06:00:00+00:00,2023-04-17 10:00:00+00:00,5,5,0.20469370470905682,0.040938740941811366,0.1142848553707741,29.0,1.0,0
Philadelphia,Stage IV,Spring,2023,399,2023-04-22 23:00:00+00:00,2023-04-23 12:00:00+00:00,14,14,1.2484704495304997,0.08917646068074998,0.5445456881193007,132.0,0.0,0
Philadelphia,Stage IV,Spring,2023,400,2023-04-26 15:00:00+00:00,2023-04-27 13:00:00+00:00,23,18,0.46196841011806244,0.02008558304861141,0.0943117745180919,74.0,16.0,4
Philadelphia,Stage IV,Spring,2023,401,2023-04-28 17:00:00+00:00,2023-04-29 13:00:00+00:00,21,20,2.0028205584968926,0.09537240754747107,0.2435448338787161,27.0,14.0,1
Philadelphia,Stage IV,Spring,2023,402,2023-04-30 13:00:00+00:00,2023-05-01 07:00:00+00:00,19,18,1.9421359366191484,0.10221768087469202,0.4780497296744711,23.0,14.0,1
Philadelphia,Stage IV,Spring,2023,403,2023-05-20 14:00:00+00:00,2023-05-21 07:00:00+00:00,18,10,0.40445624061394675,0.022469791145219263,0.0887067077391806,161.0,1.0,7
Philadelphia,Stage IV,Summer,2023,404,2023-06-12 11:00:00+00:00,2023-06-13 01:00:00+00:00,15,9,1.3011990831782816,0.08674660554521878,0.504035446407487,12.0,11.0,6
Philadelphia,Stage IV,Summer,2023,405,2023-06-14 16:00:00+00:00,2023-06-14 20:00:00+00:00,5,4,0.12416222251418199,0.0248324445028364,0.0663977964862998,38.0,2.0,1
Philadelphia,Stage IV,Summer,2023,406,2023-06-16 15:00:00+00:00,2023-06-16 18:00:00+00:00,4,4,1.2491809863030912,0.3122952465757728,1.0553326659537343,42.0,2.0,0
Philadelphia,Stage IV,Summer,2023,407,2023-06-21 18:00:00+00:00,2023-06-22 11:00:00+00:00,18,17,0.1575085703881425,0.008750476132674583,0.0247073253457886,91.0,14.0,1
Philadelphia,Stage IV,Summer,2023,408,2023-06-23 13:00:00+00:00,2023-06-24 19:00:00+00:00,31,19,1.411465654059598,0.045531150130954774,0.8299660941169053,25.0,8.0,5
Philadelphia,Stage IV,Summer,2023,409,2023-06-25 18:00:00+00:00,2023-06-28 02:00:00+00:00,57,35,4.867562202481887,0.0853958281137173,0.7906820907150612,22.0,3.0,5
Philadelphia,Stage IV,Summer,2023,410,2023-07-02 19:00:00+00:00,2023-07-03 14:00:00+00:00,20,5,0.14657063923020128,0.0073285319615100635,0.1053750649906821,12.0,10.0,8
Philadelphia,Stage IV,Summer,2023,411,2023-07-04 02:00:00+00:00,2023-07-04 07:00:00+00:00,6,6,0.1093224267084571,0.018220404451409516,0.0497948255863891,11.0,0.0,0
Philadelphia,Stage IV,Summer,2023,412,2023-07-08 17:00:00+00:00,2023-07-09 00:00:00+00:00,8,8,0.18736874771980658,0.023421093464975822,0.1299282293341934,18.0,1.0,0
Philadelphia,Stage IV,Summer,2023,413,2023-07-09 14:00:00+00:00,2023-07-10 01:00:00+00:00,12,9,1.2833338601708668,0.10694448834757224,0.7616091135801473,13.0,9.0,3
Philadelphia,Stage IV,Summer,2023,414,2023-07-14 10:00:00+00:00,2023-07-14 11:00:00+00:00,2,2,0.16730444388844232,0.08365222194422116,0.1671024359134226,80.0,0.0,0
Philadelphia,Stage IV,Summer,2023,415,2023-07-15 19:00:00+00:00,2023-07-17 00:00:00+00:00,30,18,1.143250150857358,0.038108338361911936,0.2480845531761348,12.0,20.0,9
Philadelphia,Stage IV,Summer,2023,416,2023-07-19 10:00:00+00:00,2023-07-20 01:00:00+00:00,16,7,0.2494674844778364,0.015591717779864775,0.1376420250217999,17.0,0.0,7
Philadelphia,Stage IV,Summer,2023,417,2023-07-20 22:00:00+00:00,2023-07-21 12:00:00+00:00,15,7,0.8169902387116544,0.054466015914110294,0.1895168541088207,20.0,11.0,8
Philadelphia,Stage IV,Summer,2023,418,2023-07-25 18:00:00+00:00,2023-07-25 22:00:00+00:00,5,5,0.8013127628611056,0.16026255257222113,0.3477246349843648,19.0,2.0,0
Philadelphia,Stage IV,Summer,2023,419,2023-07-29 02:00:00+00:00,2023-07-30 00:00:00+00:00,23,7,0.44773445122943,0.019466715270844783,0.147779296330593,75.0,22.0,9
Philadelphia,Stage IV,Summer,2023,420,2023-08-07 05:00:00+00:00,2023-08-07 11:00:00+00:00,7,7,0.6396362893063331,0.09137661275804758,0.2327592108677943,58.0,1.0,0
Philadelphia,Stage IV,Summer,2023,421,2023-08-07 23:00:00+00:00,2023-08-08 11:00:00+00:00,13,7,0.8096481410445426,0.062280626234195585,0.5132634259230516,11.0,1.0,6
Philadelphia,Stage IV,Summer,2023,422,2023-08-10 15:00:00+00:00,2023-08-10 23:00:00+00:00,9,9,1.6663239901501838,0.1851471100166871,0.7490527490342487,51.0,4.0,0
Philadelphia,Stage IV,Summer,2023,423,2023-08-15 00:00:00+00:00,2023-08-15 10:00:00+00:00,11,9,0.19419126343421408,0.017653751221292188,0.0807938592945674,41.0,5.0,1
Philadelphia,Stage IV,Summer,2023,424,2023-08-15 22:00:00+00:00,2023-08-16 10:00:00+00:00,13,8,0.3204354259657439,0.02464887892044184,0.1468785576912473,11.0,2.0,3
Philadelphia,Stage IV,Summer,2023,425,2023-08-18 07:00:00+00:00,2023-08-18 12:00:00+00:00,6,5,0.14108049130796202,0.02351341521799367,0.0652137875281536,44.0,1.0,1
Philadelphia,Stage IV,Summer,2023,426,2023-08-24 10:00:00+00:00,2023-08-25 15:00:00+00:00,30,15,0.27821690338010463,0.009273896779336821,0.0756035983332952,141.0,11.0,8
Philadelphia,Stage IV,Summer,2023,427,2023-08-30 11:00:00+00:00,2023-08-30 14:00:00+00:00,4,3,0.1955959811641322,0.04889899529103305,0.194336241361034,56.0,2.0,1
Philadelphia,Stage IV,Fall,2023,428,2023-09-09 20:00:00+00:00,2023-09-11 09:00:00+00:00,38,26,3.4582301764576067,0.09100605727520017,1.42427730170558,15.0,26.0,9
Philadelphia,Stage IV,Fall,2023,429,2023-09-11 21:00:00+00:00,2023-09-11 23:00:00+00:00,3,3,0.12436119407036071,0.041453731356786906,0.1186843802083318,11.0,1.0,0
Philadelphia,Stage IV,Fall,2023,430,2023-09-13 07:00:00+00:00,2023-09-13 10:00:00+00:00,4,4,0.2228146365057432,0.0557036591264358,0.1515790669312657,31.0,1.0,0
Philadelphia,Stage IV,Fall,2023,431,2023-09-17 21:00:00+00:00,2023-09-18 17:00:00+00:00,21,21,1.4667449607346845,0.06984499813022307,0.2235935739030861,106.0,0.0,0
Philadelphia,Stage IV,Fall,2023,432,2023-09-23 07:00:00+00:00,2023-09-25 22:00:00+00:00,64,56,2.781740635456929,0.043464697429014515,0.2258701941358844,109.0,6.0,2
Philadelphia,Stage IV,Fall,2023,433,2023-09-29 01:00:00+00:00,2023-09-29 14:00:00+00:00,14,12,0.7038823721183509,0.050277312294167924,0.190396059764959,51.0,8.0,1
Philadelphia,Stage IV,Fall,2024,434,2023-10-14 13:00:00+00:00,2023-10-15 06:00:00+00:00,18,18,0.7788617132497535,0.04327009518054186,0.1285964274871901,104.0,5.0,0
Philadelphia,Stage IV,Fall,2024,435,2023-10-20 08:00:00+00:00,2023-10-20 19:00:00+00:00,12,4,0.156324494992956,0.013027041249413,0.1137905293362095,58.0,2.0,8
Philadelphia,Stage IV,Fall,2024,436,2023-10-29 14:00:00+00:00,2023-10-30 09:00:00+00:00,20,18,0.2763590382779435,0.013817951913897175,0.0797354729386026,192.0,5.0,1
Philadelphia,Stage IV,Fall,2024,437,2023-11-01 01:00:00+00:00,2023-11-01 07:00:00+00:00,7,7,0.237578428336458,0.03393977547663686,0.0610574714736176,23.0,3.0,0
Philadelphia,Stage IV,Fall,2024,438,2023-11-21 19:00:00+00:00,2023-11-22 09:00:00+00:00,15,15,2.266780166362523,0.15111867775750154,0.4776654602894229,82.0,12.0,0
Philadelphia,Stage IV,Fall,2024,439,2023-11-26 19:00:00+00:00,2023-11-27 04:00:00+00:00,10,10,1.0795748704960961,0.10795748704960961,0.3189066333706395,85.0,7.0,0
Philadelphia,Stage IV,Winter,2024,440,2023-12-01 20:00:00+00:00,2023-12-02 02:00:00+00:00,7,7,0.38283218452632806,0.05469031207518972,0.1185910115592852,76.0,3.0,0
Philadelphia,Stage IV,Winter,2024,441,2023-12-03 05:00:00+00:00,2023-12-03 19:00:00+00:00,15,15,0.7214553016725318,0.04809702011150212,0.0899555223399659,26.0,7.0,0
Philadelphia,Stage IV,Winter,2024,442,2023-12-10 15:00:00+00:00,2023-12-11 14:00:00+00:00,24,24,2.3439235489302765,0.09766348120542818,0.4071738403979438,13.0,10.0,0
Philadelphia,Stage IV,Winter,2024,443,2023-12-17 18:00:00+00:00,2023-12-18 18:00:00+00:00,25,25,3.8339608564489307,0.15335843425795723,0.904579588608692,147.0,14.0,0
Philadelphia,Stage IV,Winter,2024,444,2023-12-27 10:00:00+00:00,2023-12-28 08:00:00+00:00,23,22,1.5606284082669595,0.06785340905508519,0.3686016902063569,67.0,20.0,1
Philadelphia,Stage IV,Winter,2024,445,2024-01-06 17:00:00+00:00,2024-01-07 17:00:00+00:00,25,21,1.1145799618175394,0.04458319847270158,0.3191109740239909,125.0,6.0,4
Philadelphia,Stage IV,Winter,2024,446,2024-01-09 15:00:00+00:00,2024-01-10 12:00:00+00:00,22,20,2.416414468541879,0.10983702129735815,0.311536489429662,45.0,11.0,1
Philadelphia,Stage IV,Winter,2024,447,2024-01-13 02:00:00+00:00,2024-01-13 18:00:00+00:00,17,12,0.8468166291169754,0.049812742889233846,0.295124876893147,61.0,4.0,4
Philadelphia,Stage IV,Winter,2024,448,2024-01-15 23:00:00+00:00,2024-01-16 19:00:00+00:00,21,21,0.48521341927993666,0.023105400918092222,0.0477741208358793,27.0,10.0,0
Philadelphia,Stage IV,Winter,2024,449,2024-01-19 11:00:00+00:00,2024-01-19 22:00:00+00:00,12,12,0.3909716029661158,0.03258096691384298,0.0836464271578592,63.0,5.0,0
Philadelphia,Stage IV,Winter,2024,450,2024-01-24 22:00:00+00:00,2024-01-26 16:00:00+00:00,43,26,0.4745002987658961,0.011034890668974328,0.0694812650555931,13.0,13.0,6
Philadelphia,Stage IV,Winter,2024,451,2024-01-28 05:00:00+00:00,2024-01-28 21:00:00+00:00,17,17,0.8828096933733498,0.05192998196313822,0.2579495950181046,36.0,8.0,0
Philadelphia,Stage IV,Winter,2024,452,2024-02-02 04:00:00+00:00,2024-02-02 23:00:00+00:00,20,16,0.34391511044180667,0.017195755522090333,0.0666648979978033,88.0,4.0,1
Philadelphia,Stage IV,Winter,2024,453,2024-02-13 02:00:00+00:00,2024-02-13 17:00:00+00:00,16,14,0.8969748948457144,0.05606093092785715,0.1184692816755857,20.0,9.0,2
Philadelphia,Stage IV,Winter,2024,454,2024-02-17 05:00:00+00:00,2024-02-17 16:00:00+00:00,12,9,0.2759591488063456,0.022996595733862132,0.0642188879165305,25.0,4.0,2
Philadelphia,Stage IV,Winter,2024,455,2024-02-22 20:00:00+00:00,2024-02-23 08:00:00+00:00,13,8,0.16546237849890533,0.012727875269146564,0.0503433002700753,123.0,4.0,3
Philadelphia,Stage IV,Winter,2024,456,2024-02-27 22:00:00+00:00,2024-02-28 00:00:00+00:00,3,3,0.1271581147601596,0.04238603825338653,0.0678329694479807,79.0,0.0,0
Philadelphia,Stage IV,Winter,2024,457,2024-02-28 11:00:00+00:00,2024-02-29 03:00:00+00:00,17,15,0.3002918676656181,0.017664227509742243,0.0775529620048274,10.0,15.0,1
Philadelphia,Stage IV,Spring,2024,458,2024-03-02 05:00:00+00:00,2024-03-02 21:00:00+00:00,17,17,1.3993644521428554,0.08231555600840326,0.1996517804361264,49.0,13.0,0
Philadelphia,Stage IV,Spring,2024,459,2024-03-05 07:00:00+00:00,2024-03-05 20:00:00+00:00,14,12,0.27462555069860145,0.019616110764185818,0.0921263821852383,57.0,4.0,2
Philadelphia,Stage IV,Spring,2024,460,2024-03-06 17:00:00+00:00,2024-03-07 10:00:00+00:00,18,18,1.0440386593224784,0.05800214774013769,0.2710494933003372,20.0,6.0,0
Philadelphia,Stage IV,Spring,2024,461,2024-03-09 17:00:00+00:00,2024-03-11 00:00:00+00:00,32,20,1.4930705915156097,0.046658455984862804,0.5405695247138962,39.0,8.0,5
Philadelphia,Stage IV,Spring,2024,462,2024-03-23 06:00:00+00:00,2024-03-23 20:00:00+00:00,15,15,3.1600558172326325,0.21067038781550884,0.5838489041291764,56.0,12.0,0
Philadelphia,Stage IV,Spring,2024,463,2024-03-27 19:00:00+00:00,2024-03-28 23:00:00+00:00,29,24,0.5005566110066507,0.017260572793332783,0.0787290108211983,94.0,1.0,3
Philadelphia,Stage IV,Spring,2024,464,2024-04-01 11:00:00+00:00,2024-04-01 20:00:00+00:00,10,9,0.4549622132094527,0.04549622132094527,0.1028672709218244,31.0,2.0,1
Philadelphia,Stage IV,Spring,2024,465,2024-04-02 08:00:00+00:00,2024-04-04 07:00:00+00:00,48,38,3.1486973961990903,0.06559786242081438,0.302258940499549,11.0,10.0,3
Philadelphia,Stage IV,Spring,2024,466,2024-04-11 12:00:00+00:00,2024-04-13 11:00:00+00:00,48,26,1.2656699955318471,0.02636812490691348,0.2396920908106123,145.0,17.0,7
Philadelphia,Stage IV,Spring,2024,467,2024-04-15 02:00:00+00:00,2024-04-15 06:00:00+00:00,5,4,0.1003462263542153,0.020069245270843063,0.0483414587179734,38.0,0.0,1
Philadelphia,Stage IV,Spring,2024,468,2024-04-17 17:00:00+00:00,2024-04-18 02:00:00+00:00,10,5,0.1394729388309575,0.013947293883095749,0.1029353836527312,42.0,1.0,5
Philadelphia,Stage IV,Spring,2024,469,2024-04-20 10:00:00+00:00,2024-04-20 13:00:00+00:00,4,4,0.1293907610536481,0.03234769026341203,0.0706453675077231,10.0,0.0,0
Philadelphia,Stage IV,Spring,2024,470,2024-05-04 16:00:00+00:00,2024-05-06 02:00:00+00:00,35,25,0.6141309591324076,0.0175465988323545,0.0713154588860759,80.0,24.0,5
Philadelphia,Stage IV,Spring,2024,471,2024-05-09 21:00:00+00:00,2024-05-11 06:00:00+00:00,34,29,0.537831469703135,0.0158185726383275,0.0566896075770872,32.0,19.0,4
Philadelphia,Stage IV,Spring,2024,472,2024-05-12 01:00:00+00:00,2024-05-12 18:00:00+00:00,18,13,0.1886386130200934,0.010479922945560745,0.0952672720430848,18.0,8.0,3
Philadelphia,Stage IV,Spring,2024,473,2024-05-14 20:00:00+00:00,2024-05-16 00:00:00+00:00,29,23,0.5066633217371714,0.017471149025419706,0.0757558597283235,49.0,28.0,6
Philadelphia,Stage IV,Spring,2024,474,2024-05-18 13:00:00+00:00,2024-05-19 01:00:00+00:00,13,13,0.20327217348648002,0.01563632103742154,0.0348881252196531,60.0,6.0,0
Philadelphia,Stage IV,Spring,2024,475,2024-05-23 10:00:00+00:00,2024-05-23 20:00:00+00:00,11,9,0.23943257788557987,0.02176659798959817,0.0874872952200255,104.0,1.0,1
Philadelphia,Stage IV,Spring,2024,476,2024-05-26 11:00:00+00:00,2024-05-28 03:00:00+00:00,41,13,1.1291385074826388,0.02753996359713753,0.416899051953463,62.0,33.0,9
Philadelphia,Stage IV,Spring,2024,477,2024-05-29 23:00:00+00:00,2024-05-30 03:00:00+00:00,5,5,0.2180143683575776,0.04360287367151552,0.075389245371788,43.0,0.0,0
Philadelphia,Stage IV,Summer,2024,478,2024-06-05 21:00:00+00:00,2024-06-06 23:00:00+00:00,27,16,0.5876047647669488,0.021763139435812918,0.2293364384871169,161.0,7.0,6
Philadelphia,Stage IV,Summer,2024,479,2024-06-14 21:00:00+00:00,2024-06-15 06:00:00+00:00,10,5,0.5644482964958016,0.05644482964958016,0.3941783368529479,125.0,1.0,5
Philadelphia,Stage IV,Summer,2024,480,2024-06-22 18:00:00+00:00,2024-06-22 20:00:00+00:00,3,3,0.22512896098967722,0.07504298699655908,0.1550841523452257,179.0,1.0,0
Philadelphia,Stage IV,Summer,2024,481,2024-06-27 03:00:00+00:00,2024-06-27 08:00:00+00:00,6,6,0.6978807746293635,0.11631346243822725,0.4410650950404215,68.0,2.0,0
Philadelphia,Stage IV,Summer,2024,482,2024-06-29 17:00:00+00:00,2024-07-01 01:00:00+00:00,33,18,0.7218263648501895,0.021873526207581498,0.1215928880602235,56.0,28.0,8
Philadelphia,Stage IV,Summer,2024,483,2024-07-07 08:00:00+00:00,2024-07-07 10:00:00+00:00,3,3,0.1011430697644482,0.0337143565881494,0.06939087377024,150.0,1.0,0
Philadelphia,Stage IV,Summer,2024,484,2024-07-11 06:00:00+00:00,2024-07-11 08:00:00+00:00,3,3,0.3327773957194063,0.11092579857313543,0.1846731066082068,91.0,1.0,0
Philadelphia,Stage IV,Summer,2024,485,2024-07-12 12:00:00+00:00,2024-07-13 14:00:00+00:00,27,18,0.16423520760972898,0.006082785467027,0.0577304643967282,27.0,5.0,4
Philadelphia,Stage IV,Summer,2024,486,2024-07-14 19:00:00+00:00,2024-07-14 21:00:00+00:00,3,3,0.30767923848528844,0.10255974616176282,0.2560931423182247,28.0,2.0,0
Philadelphia,Stage IV,Summer,2024,487,2024-07-16 23:00:00+00:00,2024-07-17 02:00:00+00:00,4,4,0.42754966259372884,0.10688741564843221,0.2241263817482302,49.0,2.0,0
Philadelphia,Stage IV,Summer,2024,488,2024-07-17 20:00:00+00:00,2024-07-18 02:00:00+00:00,7,4,0.8783817703916725,0.12548311005595322,0.5759590330582567,17.0,6.0,3
Philadelphia,Stage IV,Summer,2024,489,2024-07-21 19:00:00+00:00,2024-07-22 02:00:00+00:00,8,8,0.1726789962804426,0.021584874535055323,0.0622221251071255,88.0,5.0,0
Philadelphia,Stage IV,Summer,2024,490,2024-07-22 18:00:00+00:00,2024-07-23 09:00:00+00:00,16,12,0.39237787089365933,0.024523616930853708,0.1758879029045813,15.0,14.0,2
Philadelphia,Stage IV,Summer,2024,491,2024-07-24 08:00:00+00:00,2024-07-24 19:00:00+00:00,12,7,0.48279889297424927,0.04023324108118744,0.3243713088391977,22.0,9.0,5
Philadelphia,Stage IV,Summer,2024,492,2024-08-02 21:00:00+00:00,2024-08-03 06:00:00+00:00,10,7,0.5677883178508515,0.05677883178508515,0.408809114345502,46.0,1.0,3
Philadelphia,Stage IV,Summer,2024,493,2024-08-03 23:00:00+00:00,2024-08-04 03:00:00+00:00,5,5,0.4798638398334944,0.09597276796669887,0.3025824027675793,16.0,0.0,0
Philadelphia,Stage IV,Summer,2024,494,2024-08-04 14:00:00+00:00,2024-08-04 22:00:00+00:00,9,7,0.276373423127656,0.03070815812529511,0.1082513238107012,10.0,5.0,2
Philadelphia,Stage IV,Summer,2024,495,2024-08-06 18:00:00+00:00,2024-08-10 03:00:00+00:00,82,52,4.396648861710256,0.05361766904524702,0.8533320605242979,43.0,8.0,7
Philadelphia,Stage IV,Summer,2024,496,2024-08-17 09:00:00+00:00,2024-08-19 05:00:00+00:00,45,21,0.9121332636453711,0.020269628081008247,0.400058770403401,173.0,21.0,8
Philadelphia,Stage IV,Summer,2024,497,2024-08-30 06:00:00+00:00,2024-08-30 10:00:00+00:00,5,5,0.2440046077306502,0.04880092154613004,0.1052117898106193,23.0,2.0,0
Philadelphia,Stage IV,Fall,2024,498,2024-09-07 15:00:00+00:00,2024-09-08 00:00:00+00:00,10,7,0.10929727905808809,0.010929727905808808,0.0713688127513355,129.0,4.0,2
Philadelphia,Stage IV,Fall,2024,499,2024-09-23 17:00:00+00:00,2024-09-24 04:00:00+00:00,12,8,0.1363567512492415,0.011363062604103457,0.0747616589359475,125.0,3.0,2
Philadelphia,Stage IV,Fall,2024,500,2024-09-25 13:00:00+00:00,2024-09-25 21:00:00+00:00,9,8,0.1493067380391953,0.01658963755991059,0.0394634178616301,32.0,6.0,1
Philadelphia,Stage IV,Fall,2024,501,2024-09-27 12:00:00+00:00,2024-09-28 17:00:00+00:00,30,19,0.3498457703953252,0.011661525679844175,0.0669341771678759,12.0,20.0,6
Philadelphia,Stage IV,Fall,2025,502,2024-11-10 21:00:00+00:00,2024-11-11 10:00:00+00:00,14,12,0.38508102423342505,0.027505787445244647,0.0987906743953372,222.0,10.0,2
Philadelphia,Stage IV,Fall,2025,503,2024-11-21 04:00:00+00:00,2024-11-23 10:00:00+00:00,55,39,1.5225526805676772,0.027682776010321403,0.4575518650948301,22.0,1.0,5
Philadelphia,Stage IV,Fall,2025,504,2024-11-26 12:00:00+00:00,2024-11-26 15:00:00+00:00,4,4,0.2424909873872258,0.06062274684680645,0.1282191733615551,73.0,2.0,0
Philadelphia,Stage IV,Fall,2025,505,2024-11-28 06:00:00+00:00,2024-11-28 18:00:00+00:00,13,12,0.8241392112822036,0.06339532394478489,0.1887545874875299,38.0,5.0,1
Philadelphia,Stage IV,Winter,2025,506,2024-12-05 01:00:00+00:00,2024-12-05 16:00:00+00:00,16,8,0.1821566191294902,0.011384788695593137,0.1196755618062848,123.0,4.0,4
Philadelphia,Stage IV,Winter,2025,507,2024-12-09 15:00:00+00:00,2024-12-09 21:00:00+00:00,7,7,0.1182239567497733,0.016889136678539043,0.0383811953717,94.0,3.0,0
Philadelphia,Stage IV,Winter,2025,508,2024-12-11 00:00:00+00:00,2024-12-12 02:00:00+00:00,27,24,1.1950449085460755,0.04426092253874354,0.154497535418059,26.0,17.0,2
Philadelphia,Stage IV,Winter,2025,509,2024-12-16 02:00:00+00:00,2024-12-17 07:00:00+00:00,30,22,0.9649994121256892,0.03216664707085631,0.1404613226912912,95.0,8.0,8
Philadelphia,Stage IV,Winter,2025,510,2024-12-18 23:00:00+00:00,2024-12-19 06:00:00+00:00,8,8,0.1552658970227118,0.019408237127838974,0.0513350994864473,39.0,5.0,0
Philadelphia,Stage IV,Winter,2025,511,2024-12-20 18:00:00+00:00,2024-12-21 07:00:00+00:00,14,13,0.2326435218335712,0.016617394416683657,0.0350388388776871,35.0,10.0,1
Philadelphia,Stage IV,Winter,2025,512,2024-12-24 13:00:00+00:00,2024-12-24 15:00:00+00:00,3,3,0.1272015104511488,0.04240050348371627,0.0797718140000802,77.0,0.0,0
Philadelphia,Stage IV,Winter,2025,513,2024-12-28 05:00:00+00:00,2024-12-29 13:00:00+00:00,33,30,0.9370428700962365,0.028395238487764745,0.0728208188907244,85.0,3.0,1
Philadelphia,Stage IV,Winter,2025,514,2024-12-30 03:00:00+00:00,2024-12-30 07:00:00+00:00,5,5,0.5774353108633244,0.11548706217266488,0.2333856900196166,13.0,1.0,0
Philadelphia,Stage IV,Winter,2025,515,2024-12-31 23:00:00+00:00,2025-01-01 03:00:00+00:00,5,5,0.20880934899128828,0.041761869798257654,0.0966105355099921,39.0,2.0,0
Philadelphia,Stage IV,Winter,2025,516,2025-01-06 13:00:00+00:00,2025-01-07 02:00:00+00:00,14,11,0.253395094709358,0.018099649622097,0.0417258820834134,61.0,2.0,3
Philadelphia,Stage IV,Winter,2025,517,2025-01-16 20:00:00+00:00,2025-01-17 04:00:00+00:00,9,7,0.10386265035652159,0.011540294484057955,0.0410449220972641,128.0,1.0,1
Philadelphia,Stage IV,Winter,2025,518,2025-01-19 17:00:00+00:00,2025-01-20 03:00:00+00:00,11,11,0.32777047146397525,0.029797315587634113,0.0616569255135021,19.0,2.0,0
Philadelphia,Stage IV,Winter,2025,519,2025-01-31 08:00:00+00:00,2025-02-01 06:00:00+00:00,23,15,0.506114106403509,0.02200496114797865,0.1187565332955894,268.0,19.0,8
Philadelphia,Stage IV,Winter,2025,520,2025-02-06 08:00:00+00:00,2025-02-06 18:00:00+00:00,11,11,0.3269869572926908,0.029726087026608252,0.0710431014664326,76.0,2.0,0
Philadelphia,Stage IV,Winter,2025,521,2025-02-09 01:00:00+00:00,2025-02-09 07:00:00+00:00,7,7,0.5242344722550311,0.07489063889357586,0.1670310037910924,54.0,3.0,0
Philadelphia,Stage IV,Winter,2025,522,2025-02-11 22:00:00+00:00,2025-02-12 08:00:00+00:00,11,11,0.4630564150911992,0.042096037735563564,0.0774732547799344,62.0,5.0,0
Philadelphia,Stage IV,Winter,2025,523,2025-02-13 00:00:00+00:00,2025-02-13 15:00:00+00:00,16,13,0.3179700064259477,0.01987312540162173,0.0455894642317399,15.0,7.0,3
Philadelphia,Stage IV,Winter,2025,524,2025-02-15 18:00:00+00:00,2025-02-16 23:00:00+00:00,30,28,1.184795836000279,0.039493194533342636,0.2320008468075099,50.0,23.0,2
Philadelphia,Stage IV,Spring,2025,525,2025-03-05 19:00:00+00:00,2025-03-06 12:00:00+00:00,18,9,1.4583051681289616,0.08101695378494231,0.5377920823802931,140.0,3.0,7
Philadelphia,Stage IV,Spring,2025,526,2025-03-16 23:00:00+00:00,2025-03-17 11:00:00+00:00,13,12,1.4310543744838793,0.11008110572952917,0.3825354668582846,206.0,6.0,1
Philadelphia,Stage IV,Spring,2025,527,2025-03-21 00:00:00+00:00,2025-03-21 09:00:00+00:00,10,8,0.6302537772331875,0.06302537772331876,0.3181326196962311,84.0,1.0,2
Philadelphia,Stage IV,Spring,2025,528,2025-03-24 05:00:00+00:00,2025-03-24 21:00:00+00:00,17,17,0.57661115690794,0.03391830334752588,0.0762325971714167,28.0,13.0,0
Philadelphia,Stage IV,Spring,2025,529,2025-04-01 01:00:00+00:00,2025-04-01 07:00:00+00:00,7,7,1.7385871242148214,0.24836958917354593,0.6659212950669466,12.0,0.0,0
Philadelphia,Stage IV,Spring,2025,530,2025-04-04 09:00:00+00:00,2025-04-04 13:00:00+00:00,5,5,0.3895183960387254,0.07790367920774507,0.1850551146732266,17.0,1.0,0
Philadelphia,Stage IV,Spring,2025,531,2025-04-06 19:00:00+00:00,2025-04-07 20:00:00+00:00,26,15,0.20348246148532464,0.007826248518666333,0.0599159600760902,25.0,20.0,5
Philadelphia,Stage IV,Spring,2025,532,2025-04-11 05:00:00+00:00,2025-04-13 05:00:00+00:00,49,38,1.5489814782308948,0.03161186690267132,0.2533993663650374,80.0,25.0,5
Philadelphia,Stage IV,Spring,2025,533,2025-04-26 00:00:00+00:00,2025-04-26 21:00:00+00:00,22,15,0.5626964649112237,0.02557711204141926,0.3709818808649561,92.0,20.0,5
Philadelphia,Stage IV,Spring,2025,534,2025-05-04 01:00:00+00:00,2025-05-04 01:00:00+00:00,1,1,0.3206409501826798,0.3206409501826798,0.3206409501826798,29.0,0.0,0
Philadelphia,Stage IV,Spring,2025,535,2025-05-04 13:00:00+00:00,2025-05-05 03:00:00+00:00,15,8,0.14436360072510698,0.009624240048340466,0.0676891184902285,11.0,5.0,4
Philadelphia,Stage IV,Spring,2025,536,2025-05-09 01:00:00+00:00,2025-05-09 21:00:00+00:00,21,18,0.3127770682979821,0.014894146109427717,0.0638337769956286,56.0,17.0,3
Philadelphia,Stage IV,Spring,2025,537,2025-05-13 09:00:00+00:00,2025-05-14 20:00:00+00:00,36,36,2.8696625544178893,0.07971284873383026,0.4672538630560653,83.0,32.0,0
Philadelphia,Stage IV,Spring,2025,538,2025-05-15 11:00:00+00:00,2025-05-15 14:00:00+00:00,4,4,0.1300039946279814,0.03250099865699535,0.0550099610679726,14.0,0.0,0
Philadelphia,Stage IV,Spring,2025,539,2025-05-16 16:00:00+00:00,2025-05-16 18:00:00+00:00,3,3,0.7333295054442801,0.2444431684814267,0.6977961264571182,25.0,1.0,0
Philadelphia,Stage IV,Spring,2025,540,2025-05-21 10:00:00+00:00,2025-05-23 10:00:00+00:00,49,40,1.125915850851624,0.022977874507176,0.1512734909910761,78.0,18.0,3
Philadelphia,Stage IV,Spring,2025,541,2025-05-28 05:00:00+00:00,2025-05-29 05:00:00+00:00,25,25,0.7026254989505437,0.028105019958021747,0.097467381410856,79.0,20.0,0
Philadelphia,Stage IV,Spring,2025,542,2025-05-31 01:00:00+00:00,2025-06-01 03:00:00+00:00,27,18,1.161428262800745,0.04301586158521278,0.4846007860996057,11.0,4.0,5
Philadelphia,Stage IV,Summer,2025,543,2025-06-07 14:00:00+00:00,2025-06-07 22:00:00+00:00,9,8,0.1186159352922192,0.013179548365802133,0.0368005228293952,17.0,4.0,1
Philadelphia,Stage IV,Summer,2025,544,2025-06-10 08:00:00+00:00,2025-06-10 16:00:00+00:00,9,6,0.3395933292454833,0.03773259213838703,0.3306224979884143,17.0,7.0,3
Philadelphia,Stage IV,Summer,2025,545,2025-06-14 09:00:00+00:00,2025-06-15 15:00:00+00:00,31,23,1.0457825430684358,0.03373492074414309,0.3347774631564481,88.0,24.0,5
Philadelphia,Stage IV,Summer,2025,546,2025-06-18 01:00:00+00:00,2025-06-18 10:00:00+00:00,10,6,0.17758536192260188,0.01775853619226019,0.158695313107499,24.0,6.0,2
Philadelphia,Stage IV,Summer,2025,547,2025-06-19 19:00:00+00:00,2025-06-20 00:00:00+00:00,6,5,0.5042324248524325,0.08403873747540541,0.4101407144207508,19.0,3.0,1
Philadelphia,Stage IV,Summer,2025,548,2025-06-27 00:00:00+00:00,2025-06-28 07:00:00+00:00,32,13,0.2442116107869074,0.007631612837090856,0.0714303457545429,21.0,31.0,6
Philadelphia,Stage IV,Summer,2025,549,2025-06-30 19:00:00+00:00,2025-07-02 14:00:00+00:00,44,33,2.566692324192617,0.058333916458923114,0.8962652512822317,38.0,25.0,7
Philadelphia,Stage IV,Summer,2025,550,2025-07-07 18:00:00+00:00,2025-07-08 01:00:00+00:00,8,8,0.36129717868008493,0.045162147335010616,0.1042032459992607,87.0,4.0,0
Philadelphia,Stage IV,Summer,2025,551,2025-07-08 21:00:00+00:00,2025-07-09 01:00:00+00:00,5,5,1.3565371915559972,0.2713074383111994,0.6720738030644606,19.0,1.0,0
Philadelphia,Stage IV,Summer,2025,552,2025-07-10 00:00:00+00:00,2025-07-10 06:00:00+00:00,7,6,0.8103039164708555,0.11575770235297936,0.4408644010424367,22.0,1.0,1
Philadelphia,Stage IV,Summer,2025,553,2025-07-14 20:00:00+00:00,2025-07-15 06:00:00+00:00,11,8,1.2610444641836491,0.1146404058348772,0.9717425774067218,17.0,4.0,2
Philadelphia,Stage IV,Summer,2025,554,2025-07-17 00:00:00+00:00,2025-07-17 10:00:00+00:00,11,6,0.10508502793621441,0.009553184357837674,0.0479957154348655,41.0,4.0,3
Philadelphia,Stage IV,Summer,2025,555,2025-07-19 11:00:00+00:00,2025-07-20 20:00:00+00:00,34,13,0.23835578846923233,0.007010464366742127,0.0537503172294893,48.0,4.0,9
Philadelphia,Stage IV,Summer,2025,556,2025-07-25 22:00:00+00:00,2025-07-26 04:00:00+00:00,7,3,0.1145746709684376,0.01636781013834823,0.0888932900175111,121.0,0.0,4
Philadelphia,Stage IV,Summer,2025,557,2025-07-27 02:00:00+00:00,2025-07-28 01:00:00+00:00,24,8,0.3224263964494184,0.013434433185392433,0.1515762322841791,21.0,18.0,9
Philadelphia,Stage IV,Summer,2025,558,2025-07-31 18:00:00+00:00,2025-08-01 01:00:00+00:00,8,8,0.8194420337367645,0.10243025421709556,0.5173017055012464,88.0,1.0,0
Philadelphia,Stage IV,Summer,2025,559,2025-08-13 22:00:00+00:00,2025-08-14 02:00:00+00:00,5,5,1.3444383985971518,0.26888767971943034,0.9062165579311136,165.0,1.0,0
Philadelphia,Stage IV,Summer,2025,560,2025-08-17 22:00:00+00:00,2025-08-18 14:00:00+00:00,17,9,2.3071373125253487,0.13571395956031462,1.3958012416998336,34.0,4.0,6
Philadelphia,Stage IV,Summer,2025,561,2025-08-20 09:00:00+00:00,2025-08-21 12:00:00+00:00,28,17,0.28844480711610365,0.010301600254146559,0.0673361754003711,42.0,17.0,7
Philadelphia,Stage IV,Fall,2025,562,2025-09-04 23:00:00+00:00,2025-09-05 04:00:00+00:00,6,6,0.42737756112972497,0.07122959352162082,0.1728096213457555,346.0,0.0,0
Philadelphia,Stage IV,Fall,2025,563,2025-09-06 19:00:00+00:00,2025-09-07 17:00:00+00:00,23,20,0.6802190113693474,0.029574739624754234,0.1185104431134892,38.0,16.0,2
Philadelphia,Stage IV,Fall,2025,564,2025-09-17 18:00:00+00:00,2025-09-17 23:00:00+00:00,6,6,0.36220597096518997,0.060367661827531664,0.1978864867385189,15.0,4.0,0
Philadelphia,Stage IV,Fall,2025,565,2025-09-24 02:00:00+00:00,2025-09-24 04:00:00+00:00,3,3,0.1157515736238181,0.03858385787460603,0.0511317430855565,146.0,1.0,0
Philadelphia,Stage IV,Fall,2025,566,2025-09-24 19:00:00+00:00,2025-09-26 03:00:00+00:00,33,16,0.5728279832643844,0.017358423735284376,0.1677236394720559,14.0,29.0,7
Philadelphia,Stage IV,Fall,2025,567,2025-09-27 23:00:00+00:00,2025-09-28 08:00:00+00:00,10,10,0.3148322218846143,0.03148322218846143,0.0879860257843514,43.0,6.0,0
Philadelphia,Point Gage,Fall,2018,1,2017-10-08 11:00:00+00:00,2017-10-08 15:00:00+00:00,5,3,0.14,0.028000000000000004,0.12,,0.0,2
Philadelphia,Point Gage,Fall,2018,2,2017-10-09 13:00:00+00:00,2017-10-09 17:00:00+00:00,5,5,0.87,0.174,0.52,21.0,2.0,0
Philadelphia,Point Gage,Fall,2018,3,2017-10-12 06:00:00+00:00,2017-10-12 11:00:00+00:00,6,6,0.32,0.05333333333333334,0.1,60.0,3.0,0
Philadelphia,Point Gage,Fall,2018,4,2017-10-24 11:00:00+00:00,2017-10-24 15:00:00+00:00,5,5,0.38,0.076,0.21,194.0,3.0,0
Philadelphia,Point Gage,Fall,2018,5,2017-10-29 12:00:00+00:00,2017-10-30 10:00:00+00:00,23,21,3.23,0.14043478260869566,0.64,64.0,10.0,2
Philadelphia,Point Gage,Fall,2018,6,2017-11-07 19:00:00+00:00,2017-11-08 03:00:00+00:00,9,9,0.47000000000000003,0.052222222222222225,0.21,57.0,3.0,0
Philadelphia,Point Gage,Fall,2018,7,2017-11-13 09:00:00+00:00,2017-11-13 14:00:00+00:00,6,6,0.2,0.03333333333333333,0.09,125.0,2.0,0
Philadelphia,Point Gage,Fall,2018,8,2017-11-18 22:00:00+00:00,2017-11-19 11:00:00+00:00,14,8,0.35,0.024999999999999998,0.11,60.0,10.0,6
Philadelphia,Point Gage,Winter,2018,9,2017-12-05 23:00:00+00:00,2017-12-06 03:00:00+00:00,5,5,0.41000000000000003,0.082,0.23,115.0,2.0,0
Philadelphia,Point Gage,Winter,2018,10,2017-12-09 15:00:00+00:00,2017-12-10 01:00:00+00:00,11,11,0.32999999999999996,0.029999999999999995,0.04,83.0,1.0,0
Philadelphia,Point Gage,Winter,2018,11,2017-12-15 19:00:00+00:00,2017-12-15 22:00:00+00:00,4,4,0.18,0.045,0.06,37.0,2.0,0
Philadelphia,Point Gage,Winter,2018,12,2017-12-23 07:00:00+00:00,2017-12-24 00:00:00+00:00,18,12,0.5900000000000001,0.03277777777777778,0.16,176.0,16.0,4
Philadelphia,Point Gage,Winter,2018,13,2017-12-25 00:00:00+00:00,2017-12-25 07:00:00+00:00,8,8,0.16,0.02,0.03,23.0,1.0,0
Philadelphia,Point Gage,Winter,2018,14,2018-01-12 08:00:00+00:00,2018-01-13 07:00:00+00:00,24,17,1.4500000000000002,0.060416666666666674,0.31,78.0,10.0,3
Philadelphia,Point Gage,Winter,2018,15,2018-01-23 09:00:00+00:00,2018-01-23 16:00:00+00:00,8,8,0.51,0.06375,0.12,138.0,0.0,0
Philadelphia,Point Gage,Winter,2018,16,2018-01-28 08:00:00+00:00,2018-01-28 18:00:00+00:00,11,11,0.29000000000000004,0.026363636363636367,0.04,111.0,0.0,0
Philadelphia,Point Gage,Winter,2018,17,2018-02-02 03:00:00+00:00,2018-02-02 09:00:00+00:00,7,7,0.23000000000000004,0.03285714285714286,0.06,55.0,2.0,0
Philadelphia,Point Gage,Winter,2018,18,2018-02-04 18:00:00+00:00,2018-02-05 02:00:00+00:00,9,9,0.8500000000000001,0.09444444444444446,0.18,56.0,7.0,0
Philadelphia,Point Gage,Winter,2018,19,2018-02-07 11:00:00+00:00,2018-02-08 00:00:00+00:00,14,12,0.84,0.06,0.16,56.0,11.0,1
Philadelphia,Point Gage,Winter,2018,20,2018-02-10 18:00:00+00:00,2018-02-11 21:00:00+00:00,28,25,2.14,0.07642857142857143,0.39,65.0,27.0,1
Philadelphia,Point Gage,Winter,2018,21,2018-02-15 02:00:00+00:00,2018-02-15 07:00:00+00:00,6,5,0.15,0.024999999999999998,0.05,62.0,2.0,1
Philadelphia,Point Gage,Winter,2018,22,2018-02-16 01:00:00+00:00,2018-02-16 21:00:00+00:00,21,14,0.9700000000000001,0.04619047619047619,0.32,17.0,1.0,7
Philadelphia,Point Gage,Winter,2018,23,2018-02-17 23:00:00+00:00,2018-02-18 03:00:00+00:00,5,5,0.29000000000000004,0.05800000000000001,0.12,25.0,1.0,0
Philadelphia,Point Gage,Winter,2018,24,2018-02-25 06:00:00+00:00,2018-02-25 15:00:00+00:00,10,10,0.88,0.088,0.14,11.0,3.0,0
Philadelphia,Point Gage,Spring,2018,25,2018-03-01 22:00:00+00:00,2018-03-02 22:00:00+00:00,25,24,1.83,0.0732,0.21,102.0,5.0,1
Philadelphia,Point Gage,Spring,2018,26,2018-03-07 03:00:00+00:00,2018-03-07 21:00:00+00:00,19,19,2.04,0.10736842105263159,0.38,100.0,15.0,0
Philadelphia,Point Gage,Spring,2018,27,2018-03-20 17:00:00+00:00,2018-03-22 05:00:00+00:00,37,26,1.06,0.02864864864864865,0.13,172.0,24.0,5
Philadelphia,Point Gage,Spring,2018,28,2018-03-30 18:00:00+00:00,2018-03-30 19:00:00+00:00,2,2,0.13,0.065,0.08,32.0,1.0,0
Philadelphia,Point Gage,Spring,2018,29,2018-04-02 09:00:00+00:00,2018-04-02 13:00:00+00:00,5,5,0.29000000000000004,0.05800000000000001,0.14,61.0,2.0,0
Philadelphia,Point Gage,Spring,2018,30,2018-04-03 13:00:00+00:00,2018-04-03 23:00:00+00:00,11,6,0.12000000000000001,0.01090909090909091,0.05,23.0,10.0,5
Philadelphia,Point Gage,Spring,2018,31,2018-04-15 21:00:00+00:00,2018-04-16 14:00:00+00:00,18,18,2.47,0.13722222222222225,0.71,225.0,14.0,0
Philadelphia,Point Gage,Spring,2018,32,2018-04-25 01:00:00+00:00,2018-04-26 02:00:00+00:00,26,13,0.45,0.01730769230769231,0.08,126.0,25.0,9
Philadelphia,Point Gage,Spring,2018,33,2018-04-27 10:00:00+00:00,2018-04-27 13:00:00+00:00,4,4,0.22000000000000003,0.05500000000000001,0.08,31.0,1.0,0
Philadelphia,Point Gage,Spring,2018,34,2018-04-28 23:00:00+00:00,2018-04-29 08:00:00+00:00,10,9,0.27,0.027000000000000003,0.09,33.0,1.0,1
Philadelphia,Point Gage,Spring,2018,35,2018-05-12 07:00:00+00:00,2018-05-12 10:00:00+00:00,4,4,0.41000000000000003,0.10250000000000001,0.19,310.0,2.0,0
Philadelphia,Point Gage,Spring,2018,36,2018-05-12 23:00:00+00:00,2018-05-13 00:00:00+00:00,2,2,0.43,0.215,0.31,12.0,0.0,0
Philadelphia,Point Gage,Spring,2018,37,2018-05-13 16:00:00+00:00,2018-05-14 04:00:00+00:00,13,6,0.61,0.04692307692307692,0.23,15.0,11.0,7
Philadelphia,Point Gage,Spring,2018,38,2018-05-15 22:00:00+00:00,2018-05-17 18:00:00+00:00,45,21,1.6000000000000003,0.03555555555555556,0.56,41.0,34.0,9
Philadelphia,Point Gage,Spring,2018,39,2018-05-19 06:00:00+00:00,2018-05-19 21:00:00+00:00,16,12,0.5800000000000001,0.036250000000000004,0.21,15.0,7.0,4
Philadelphia,Point Gage,Spring,2018,40,2018-05-22 17:00:00+00:00,2018-05-22 21:00:00+00:00,5,4,0.28,0.05600000000000001,0.2,67.0,1.0,1
Philadelphia,Point Gage,Spring,2018,41,2018-05-27 11:00:00+00:00,2018-05-27 15:00:00+00:00,5,5,1.32,0.264,0.69,109.0,1.0,0
Philadelphia,Point Gage,Summer,2018,42,2018-06-02 20:00:00+00:00,2018-06-03 10:00:00+00:00,15,4,0.19,0.012666666666666666,0.09,37.0,7.0,6
Philadelphia,Point Gage,Summer,2018,43,2018-06-03 23:00:00+00:00,2018-06-04 09:00:00+00:00,11,6,0.85,0.07727272727272727,0.32,12.0,2.0,5
Philadelphia,Point Gage,Summer,2018,44,2018-06-10 15:00:00+00:00,2018-06-11 11:00:00+00:00,21,17,2.12,0.10095238095238096,0.4,110.0,13.0,3
Philadelphia,Point Gage,Summer,2018,45,2018-06-19 01:00:00+00:00,2018-06-19 01:00:00+00:00,1,1,0.17,0.17,0.17,181.0,0.0,0
Philadelphia,Point Gage,Summer,2018,46,2018-06-23 00:00:00+00:00,2018-06-23 05:00:00+00:00,6,4,0.15,0.024999999999999998,0.09,94.0,1.0,2
Philadelphia,Point Gage,Summer,2018,47,2018-06-25 00:00:00+00:00,2018-06-25 00:00:00+00:00,1,1,0.15,0.15,0.15,30.0,0.0,0
Philadelphia,Point Gage,Summer,2018,48,2018-06-28 06:00:00+00:00,2018-06-28 10:00:00+00:00,5,3,0.51,0.10200000000000001,0.38,77.0,4.0,2
Philadelphia,Point Gage,Summer,2018,49,2018-07-03 22:00:00+00:00,2018-07-04 00:00:00+00:00,3,3,0.55,0.18333333333333335,0.5,131.0,0.0,0
Philadelphia,Point Gage,Summer,2018,50,2018-07-06 10:00:00+00:00,2018-07-06 17:00:00+00:00,8,3,0.17,0.02125,0.07,57.0,7.0,5
Philadelphia,Point Gage,Summer,2018,51,2018-07-15 14:00:00+00:00,2018-07-15 17:00:00+00:00,4,4,0.73,0.1825,0.4,212.0,1.0,0
Philadelphia,Point Gage,Summer,2018,52,2018-07-17 18:00:00+00:00,2018-07-17 21:00:00+00:00,4,4,0.41000000000000003,0.10250000000000001,0.24,48.0,2.0,0
Philadelphia,Point Gage,Summer,2018,53,2018-07-21 20:00:00+00:00,2018-07-22 21:00:00+00:00,26,16,1.17,0.045,0.22,94.0,7.0,7
Philadelphia,Point Gage,Summer,2018,54,2018-07-23 17:00:00+00:00,2018-07-24 08:00:00+00:00,16,4,0.1,0.00625,0.05,19.0,15.0,7
Philadelphia,Point Gage,Summer,2018,55,2018-07-25 01:00:00+00:00,2018-07-26 03:00:00+00:00,27,11,0.6200000000000001,0.022962962962962966,0.19,16.0,6.0,6
Philadelphia,Point Gage,Summer,2018,56,2018-07-27 20:00:00+00:00,2018-07-28 01:00:00+00:00,6,3,1.3399999999999999,0.2233333333333333,1.18,40.0,0.0,3
Philadelphia,Point Gage,Summer,2018,57,2018-08-01 07:00:00+00:00,2018-08-01 09:00:00+00:00,3,3,0.27,0.09000000000000001,0.18,101.0,2.0,0
Philadelphia,Point Gage,Summer,2018,58,2018-08-03 17:00:00+00:00,2018-08-03 18:00:00+00:00,2,2,0.32999999999999996,0.16499999999999998,0.3,16.0,0.0,0
Philadelphia,Point Gage,Summer,2018,59,2018-08-08 00:00:00+00:00,2018-08-08 02:00:00+00:00,3,2,0.16,0.05333333333333334,0.15,81.0,0.0,1
Philadelphia,Point Gage,Summer,2018,60,2018-08-11 17:00:00+00:00,2018-08-12 01:00:00+00:00,9,8,1.05,0.11666666666666667,0.9,59.0,1.0,1
Philadelphia,Point Gage,Summer,2018,61,2018-08-13 11:00:00+00:00,2018-08-14 01:00:00+00:00,15,7,1.23,0.082,0.76,33.0,4.0,8
Philadelphia,Point Gage,Summer,2018,62,2018-08-14 18:00:00+00:00,2018-08-15 00:00:00+00:00,7,4,0.58,0.08285714285714285,0.47,16.0,3.0,2
Philadelphia,Point Gage,Summer,2018,63,2018-08-18 05:00:00+00:00,2018-08-18 07:00:00+00:00,3,3,0.21,0.06999999999999999,0.11,76.0,1.0,0
Philadelphia,Point Gage,Summer,2018,64,2018-08-22 02:00:00+00:00,2018-08-22 07:00:00+00:00,6,4,0.12000000000000001,0.02,0.07,57.0,1.0,2
Philadelphia,Point Gage,Summer,2018,65,2018-08-31 08:00:00+00:00,2018-09-01 00:00:00+00:00,17,12,1.56,0.09176470588235294,0.62,216.0,3.0,2
Philadelphia,Point Gage,Fall,2018,66,2018-09-07 20:00:00+00:00,2018-09-10 19:00:00+00:00,72,49,3.16,0.043888888888888894,0.53,149.0,0.0,8
Philadelphia,Point Gage,Fall,2018,67,2018-09-12 20:00:00+00:00,2018-09-12 23:00:00+00:00,4,4,0.5800000000000001,0.14500000000000002,0.48,48.0,0.0,0
Philadelphia,Point Gage,Fall,2018,68,2018-09-17 17:00:00+00:00,2018-09-18 18:00:00+00:00,26,9,1.7600000000000002,0.0676923076923077,0.89,113.0,23.0,6
Philadelphia,Point Gage,Fall,2018,69,2018-09-23 10:00:00+00:00,2018-09-24 11:00:00+00:00,26,15,0.55,0.021153846153846155,0.09,111.0,6.0,5
Philadelphia,Point Gage,Fall,2018,70,2018-09-25 07:00:00+00:00,2018-09-26 12:00:00+00:00,30,12,1.77,0.059000000000000004,1.02,19.0,13.0,7
Philadelphia,Point Gage,Fall,2018,71,2018-09-27 00:00:00+00:00,2018-09-27 02:00:00+00:00,3,3,0.21,0.06999999999999999,0.18,11.0,1.0,0
Philadelphia,Point Gage,Fall,2018,72,2018-09-27 23:00:00+00:00,2018-09-28 10:00:00+00:00,12,9,1.22,0.10166666666666667,0.54,20.0,8.0,2
Philadelphia,Point Gage,Fall,2019,73,2018-10-03 02:00:00+00:00,2018-10-03 06:00:00+00:00,5,4,0.25,0.05,0.19,111.0,1.0,1
Philadelphia,Point Gage,Fall,2019,74,2018-10-11 13:00:00+00:00,2018-10-12 07:00:00+00:00,19,12,1.34,0.07052631578947369,0.19,54.0,1.0,6
Philadelphia,Point Gage,Fall,2019,75,2018-10-15 07:00:00+00:00,2018-10-15 14:00:00+00:00,8,3,0.11,0.01375,0.07,42.0,6.0,5
Philadelphia,Point Gage,Fall,2019,76,2018-10-27 02:00:00+00:00,2018-10-27 23:00:00+00:00,22,16,1.27,0.05772727272727273,0.2,160.0,4.0,6
Philadelphia,Point Gage,Fall,2019,77,2018-11-02 22:00:00+00:00,2018-11-03 13:00:00+00:00,16,11,0.67,0.041875,0.22,13.0,7.0,4
Philadelphia,Point Gage,Fall,2019,78,2018-11-05 12:00:00+00:00,2018-11-05 22:00:00+00:00,11,10,0.5,0.045454545454545456,0.09,46.0,2.0,1
Philadelphia,Point Gage,Fall,2019,79,2018-11-06 14:00:00+00:00,2018-11-06 22:00:00+00:00,9,6,1.15,0.12777777777777777,0.42,15.0,2.0,3
Philadelphia,Point Gage,Fall,2019,80,2018-11-09 18:00:00+00:00,2018-11-10 03:00:00+00:00,10,8,0.8300000000000001,0.083,0.29,67.0,3.0,2
Philadelphia,Point Gage,Fall,2019,81,2018-11-13 02:00:00+00:00,2018-11-13 12:00:00+00:00,11,11,1.1,0.1,0.18,70.0,7.0,0
Philadelphia,Point Gage,Fall,2019,82,2018-11-15 16:00:00+00:00,2018-11-16 11:00:00+00:00,20,19,1.47,0.0735,0.22,51.0,2.0,1
Philadelphia,Point Gage,Fall,2019,83,2018-11-24 21:00:00+00:00,2018-11-25 06:00:00+00:00,10,10,2.6100000000000003,0.261,0.46,201.0,5.0,0
Philadelphia,Point Gage,Fall,2019,84,2018-11-26 17:00:00+00:00,2018-11-26 21:00:00+00:00,5,5,0.8500000000000001,0.17,0.38,34.0,2.0,0
Philadelphia,Point Gage,Winter,2019,85,2018-12-01 20:00:00+00:00,2018-12-03 00:00:00+00:00,29,17,0.72,0.02482758620689655,0.09,118.0,12.0,5
Philadelphia,Point Gage,Winter,2019,86,2018-12-15 01:00:00+00:00,2018-12-16 23:00:00+00:00,47,26,1.1400000000000001,0.024255319148936173,0.24,288.0,30.0,8
Philadelphia,Point Gage,Winter,2019,87,2018-12-20 19:00:00+00:00,2018-12-21 17:00:00+00:00,23,20,1.2800000000000002,0.05565217391304349,0.15,91.0,13.0,1
Philadelphia,Point Gage,Winter,2019,88,2018-12-28 06:00:00+00:00,2018-12-28 21:00:00+00:00,16,15,1.76,0.11,0.33,92.0,8.0,1
Philadelphia,Point Gage,Winter,2019,89,2018-12-31 18:00:00+00:00,2019-01-01 07:00:00+00:00,14,13,0.95,0.06785714285714285,0.25,68.0,9.0,1
Philadelphia,Point Gage,Winter,2019,90,2019-01-05 04:00:00+00:00,2019-01-05 19:00:00+00:00,16,12,0.49,0.030625,0.13,92.0,14.0,2
Philadelphia,Point Gage,Winter,2019,91,2019-01-09 03:00:00+00:00,2019-01-09 04:00:00+00:00,2,2,0.18000000000000002,0.09000000000000001,0.14,18.0,0.0,0
Philadelphia,Point Gage,Winter,2019,92,2019-01-20 00:00:00+00:00,2019-01-20 15:00:00+00:00,16,14,1.48,0.0925,0.24,38.0,4.0,2
Philadelphia,Point Gage,Winter,2019,93,2019-01-24 09:00:00+00:00,2019-01-24 20:00:00+00:00,12,12,1.24,0.10333333333333333,0.27,89.0,9.0,0
Philadelphia,Point Gage,Winter,2019,94,2019-01-29 20:00:00+00:00,2019-01-30 02:00:00+00:00,7,6,0.19999999999999998,0.02857142857142857,0.09,119.0,2.0,1
Philadelphia,Point Gage,Winter,2019,95,2019-02-06 23:00:00+00:00,2019-02-07 06:00:00+00:00,8,8,0.35,0.04375,0.08,121.0,4.0,0
Philadelphia,Point Gage,Winter,2019,96,2019-02-11 04:00:00+00:00,2019-02-11 14:00:00+00:00,11,7,0.18000000000000002,0.016363636363636365,0.05,60.0,2.0,4
Philadelphia,Point Gage,Winter,2019,97,2019-02-12 03:00:00+00:00,2019-02-13 07:00:00+00:00,29,25,1.2300000000000002,0.04241379310344828,0.13,12.0,13.0,3
Philadelphia,Point Gage,Winter,2019,98,2019-02-18 02:00:00+00:00,2019-02-18 10:00:00+00:00,9,6,0.23000000000000004,0.02555555555555556,0.08,114.0,1.0,3
Philadelphia,Point Gage,Winter,2019,99,2019-02-20 15:00:00+00:00,2019-02-21 06:00:00+00:00,16,16,0.7100000000000001,0.044375000000000005,0.08,52.0,2.0,0
Philadelphia,Point Gage,Winter,2019,100,2019-02-24 01:00:00+00:00,2019-02-24 14:00:00+00:00,14,11,0.38000000000000006,0.027142857142857146,0.13,66.0,8.0,2
Philadelphia,Point Gage,Spring,2019,101,2019-03-01 08:00:00+00:00,2019-03-01 14:00:00+00:00,7,5,0.21000000000000002,0.030000000000000002,0.13,113.0,1.0,2
Philadelphia,Point Gage,Spring,2019,102,2019-03-02 03:00:00+00:00,2019-03-02 10:00:00+00:00,8,8,0.47,0.05875,0.13,12.0,4.0,0
Philadelphia,Point Gage,Spring,2019,103,2019-03-03 20:00:00+00:00,2019-03-04 09:00:00+00:00,14,14,1.2700000000000002,0.09071428571428573,0.34,33.0,8.0,0
Philadelphia,Point Gage,Spring,2019,104,2019-03-10 06:00:00+00:00,2019-03-10 15:00:00+00:00,10,10,0.9200000000000002,0.09200000000000001,0.21,140.0,3.0,0
Philadelphia,Point Gage,Spring,2019,105,2019-03-21 07:00:00+00:00,2019-03-22 13:00:00+00:00,31,28,1.31,0.04225806451612903,0.13,124.0,25.0,1
Philadelphia,Point Gage,Spring,2019,106,2019-04-05 10:00:00+00:00,2019-04-06 01:00:00+00:00,16,7,0.17,0.010625,0.04,112.0,13.0,8
Philadelphia,Point Gage,Spring,2019,107,2019-04-08 05:00:00+00:00,2019-04-08 07:00:00+00:00,3,3,0.24,0.08,0.13,51.0,1.0,0
Philadelphia,Point Gage,Spring,2019,108,2019-04-12 20:00:00+00:00,2019-04-13 09:00:00+00:00,14,6,0.4,0.028571428571428574,0.09,69.0,0.0,5
Philadelphia,Point Gage,Spring,2019,109,2019-04-14 20:00:00+00:00,2019-04-15 15:00:00+00:00,20,7,0.89,0.0445,0.53,34.0,12.0,5
Philadelphia,Point Gage,Spring,2019,110,2019-04-20 00:00:00+00:00,2019-04-20 13:00:00+00:00,14,10,1.3,0.09285714285714286,0.59,104.0,10.0,1
Philadelphia,Point Gage,Spring,2019,111,2019-04-26 07:00:00+00:00,2019-04-27 00:00:00+00:00,18,12,1.3,0.07222222222222223,0.43,83.0,15.0,3
Philadelphia,Point Gage,Spring,2019,112,2019-05-05 07:00:00+00:00,2019-05-06 03:00:00+00:00,21,20,1.4000000000000001,0.06666666666666668,0.25,15.0,9.0,1
Philadelphia,Point Gage,Spring,2019,113,2019-05-08 03:00:00+00:00,2019-05-08 03:00:00+00:00,1,1,0.17,0.17,0.17,47.0,0.0,0
Philadelphia,Point Gage,Spring,2019,114,2019-05-12 00:00:00+00:00,2019-05-12 20:00:00+00:00,21,19,1.2899999999999998,0.06142857142857142,0.19,24.0,18.0,1
Philadelphia,Point Gage,Spring,2019,115,2019-05-13 10:00:00+00:00,2019-05-14 10:00:00+00:00,25,14,0.8100000000000002,0.032400000000000005,0.22,13.0,9.0,9
Philadelphia,Point Gage,Spring,2019,116,2019-05-17 23:00:00+00:00,2019-05-18 00:00:00+00:00,2,2,0.39,0.195,0.38,84.0,0.0,0
Philadelphia,Point Gage,Spring,2019,117,2019-05-23 15:00:00+00:00,2019-05-23 20:00:00+00:00,6,3,0.22,0.03666666666666667,0.11,134.0,4.0,3
Philadelphia,Point Gage,Spring,2019,118,2019-05-28 13:00:00+00:00,2019-05-28 23:00:00+00:00,11,3,0.32999999999999996,0.029999999999999995,0.18,33.0,0.0,8
Philadelphia,Point Gage,Spring,2019,119,2019-05-29 22:00:00+00:00,2019-05-30 00:00:00+00:00,3,3,1.98,0.66,1.7,22.0,0.0,0
Philadelphia,Point Gage,Spring,2019,120,2019-05-30 19:00:00+00:00,2019-05-31 02:00:00+00:00,8,5,0.78,0.0975,0.38,18.0,2.0,3
Philadelphia,Point Gage,Summer,2019,121,2019-06-05 23:00:00+00:00,2019-06-06 07:00:00+00:00,9,5,0.63,0.07,0.25,71.0,3.0,2
Philadelphia,Point Gage,Summer,2019,122,2019-06-10 08:00:00+00:00,2019-06-11 10:00:00+00:00,27,10,0.46,0.017037037037037038,0.14,96.0,4.0,7
Philadelphia,Point Gage,Summer,2019,123,2019-06-13 08:00:00+00:00,2019-06-13 13:00:00+00:00,6,6,1.04,0.17333333333333334,0.34,45.0,1.0,0
Philadelphia,Point Gage,Summer,2019,124,2019-06-14 00:00:00+00:00,2019-06-14 01:00:00+00:00,2,2,1.23,0.615,1.19,10.0,0.0,0
Philadelphia,Point Gage,Summer,2019,125,2019-06-16 22:00:00+00:00,2019-06-16 22:00:00+00:00,1,1,0.37,0.37,0.37,68.0,0.0,0
Philadelphia,Point Gage,Summer,2019,126,2019-06-18 22:00:00+00:00,2019-06-20 19:00:00+00:00,46,14,2.07,0.045,0.96,47.0,23.0,9
Philadelphia,Point Gage,Summer,2019,127,2019-06-21 06:00:00+00:00,2019-06-21 07:00:00+00:00,2,2,0.21000000000000002,0.10500000000000001,0.16,10.0,1.0,0
Philadelphia,Point Gage,Summer,2019,128,2019-06-25 07:00:00+00:00,2019-06-25 07:00:00+00:00,1,1,0.17,0.17,0.17,95.0,0.0,0
Philadelphia,Point Gage,Summer,2019,129,2019-07-06 16:00:00+00:00,2019-07-06 23:00:00+00:00,8,5,0.45,0.05625,0.29,87.0,1.0,3
Philadelphia,Point Gage,Summer,2019,130,2019-07-08 09:00:00+00:00,2019-07-08 17:00:00+00:00,9,8,0.15000000000000002,0.01666666666666667,0.04,33.0,6.0,1
Philadelphia,Point Gage,Summer,2019,131,2019-07-11 19:00:00+00:00,2019-07-12 02:00:00+00:00,8,6,2.38,0.2975,1.7,73.0,4.0,1
Philadelphia,Point Gage,Summer,2019,132,2019-07-18 00:00:00+00:00,2019-07-18 22:00:00+00:00,23,9,0.32000000000000006,0.013913043478260872,0.12,21.0,1.0,7
Philadelphia,Point Gage,Summer,2019,133,2019-07-22 21:00:00+00:00,2019-07-23 12:00:00+00:00,16,11,1.1500000000000001,0.07187500000000001,0.55,17.0,12.0,1
Philadelphia,Point Gage,Summer,2019,134,2019-07-31 17:00:00+00:00,2019-07-31 20:00:00+00:00,4,4,1.83,0.4575,0.78,180.0,0.0,0
Philadelphia,Point Gage,Summer,2019,135,2019-08-07 19:00:00+00:00,2019-08-08 00:00:00+00:00,6,6,1.62,0.27,0.79,166.0,1.0,0
Philadelphia,Point Gage,Summer,2019,136,2019-08-13 16:00:00+00:00,2019-08-14 14:00:00+00:00,23,6,0.26,0.011304347826086957,0.11,135.0,16.0,8
Philadelphia,Point Gage,Summer,2019,137,2019-08-15 01:00:00+00:00,2019-08-15 02:00:00+00:00,2,2,0.16999999999999998,0.08499999999999999,0.09,10.0,0.0,0
Philadelphia,Point Gage,Summer,2019,138,2019-08-18 20:00:00+00:00,2019-08-18 20:00:00+00:00,1,1,0.29,0.29,0.29,89.0,0.0,0
Philadelphia,Point Gage,Summer,2019,139,2019-08-19 19:00:00+00:00,2019-08-19 19:00:00+00:00,1,1,0.1,0.1,0.1,22.0,0.0,0
Philadelphia,Point Gage,Summer,2019,140,2019-08-21 21:00:00+00:00,2019-08-22 02:00:00+00:00,6,3,0.8200000000000001,0.1366666666666667,0.54,49.0,5.0,3
Philadelphia,Point Gage,Summer,2019,141,2019-08-23 02:00:00+00:00,2019-08-23 04:00:00+00:00,3,3,0.11,0.03666666666666667,0.08,23.0,1.0,0
Philadelphia,Point Gage,Fall,2019,142,2019-09-02 14:00:00+00:00,2019-09-02 20:00:00+00:00,7,2,0.24,0.03428571428571429,0.18,235.0,6.0,5
Philadelphia,Point Gage,Fall,2019,143,2019-09-06 15:00:00+00:00,2019-09-07 02:00:00+00:00,12,5,0.11000000000000001,0.009166666666666668,0.04,90.0,5.0,4
Philadelphia,Point Gage,Fall,2019,144,2019-09-12 20:00:00+00:00,2019-09-13 04:00:00+00:00,9,5,0.55,0.061111111111111116,0.42,137.0,0.0,3
Philadelphia,Point Gage,Fall,2020,145,2019-10-03 07:00:00+00:00,2019-10-03 13:00:00+00:00,7,7,0.20000000000000004,0.028571428571428577,0.05,99.0,2.0,0
Philadelphia,Point Gage,Fall,2020,146,2019-10-08 00:00:00+00:00,2019-10-08 07:00:00+00:00,8,7,0.11,0.01375,0.04,90.0,5.0,1
Philadelphia,Point Gage,Fall,2020,147,2019-10-16 17:00:00+00:00,2019-10-17 00:00:00+00:00,8,8,1.7400000000000002,0.21750000000000003,0.67,160.0,4.0,0
Philadelphia,Point Gage,Fall,2020,148,2019-10-20 15:00:00+00:00,2019-10-21 02:00:00+00:00,12,10,0.48000000000000004,0.04,0.09,86.0,4.0,1
Philadelphia,Point Gage,Fall,2020,149,2019-10-22 19:00:00+00:00,2019-10-23 03:00:00+00:00,9,9,0.5800000000000001,0.06444444444444446,0.26,40.0,3.0,0
Philadelphia,Point Gage,Fall,2020,150,2019-10-27 02:00:00+00:00,2019-10-27 17:00:00+00:00,16,10,0.8800000000000001,0.05500000000000001,0.28,94.0,13.0,6
Philadelphia,Point Gage,Fall,2020,151,2019-10-30 17:00:00+00:00,2019-10-31 14:00:00+00:00,22,15,0.65,0.029545454545454545,0.19,26.0,18.0,7
Philadelphia,Point Gage,Fall,2020,152,2019-11-01 03:00:00+00:00,2019-11-01 05:00:00+00:00,3,3,0.36000000000000004,0.12000000000000001,0.27,12.0,1.0,0
Philadelphia,Point Gage,Fall,2020,153,2019-11-07 22:00:00+00:00,2019-11-08 01:00:00+00:00,4,4,0.11,0.0275,0.07,160.0,1.0,0
Philadelphia,Point Gage,Fall,2020,154,2019-11-12 11:00:00+00:00,2019-11-12 13:00:00+00:00,3,3,0.1,0.03333333333333333,0.05,105.0,1.0,0
Philadelphia,Point Gage,Fall,2020,155,2019-11-24 00:00:00+00:00,2019-11-24 17:00:00+00:00,18,15,1.1,0.061111111111111116,0.21,29.0,17.0,2
Philadelphia,Point Gage,Winter,2020,156,2019-12-01 16:00:00+00:00,2019-12-03 06:00:00+00:00,39,21,0.71,0.018205128205128204,0.17,166.0,5.0,8
Philadelphia,Point Gage,Winter,2020,157,2019-12-09 07:00:00+00:00,2019-12-10 03:00:00+00:00,21,17,1.42,0.06761904761904762,0.28,57.0,15.0,3
Philadelphia,Point Gage,Winter,2020,158,2019-12-10 16:00:00+00:00,2019-12-11 13:00:00+00:00,22,13,0.31000000000000005,0.014090909090909093,0.12,12.0,1.0,7
Philadelphia,Point Gage,Winter,2020,159,2019-12-13 19:00:00+00:00,2019-12-14 19:00:00+00:00,25,18,0.73,0.0292,0.14,53.0,7.0,4
Philadelphia,Point Gage,Winter,2020,160,2019-12-16 19:00:00+00:00,2019-12-18 00:00:00+00:00,30,26,1.31,0.043666666666666666,0.21,47.0,10.0,2
Philadelphia,Point Gage,Winter,2020,161,2019-12-29 19:00:00+00:00,2019-12-30 20:00:00+00:00,26,25,0.98,0.03769230769230769,0.11,282.0,7.0,1
Philadelphia,Point Gage,Winter,2020,162,2020-01-04 01:00:00+00:00,2020-01-04 09:00:00+00:00,9,8,0.19999999999999998,0.02222222222222222,0.04,12.0,0.0,1
Philadelphia,Point Gage,Winter,2020,163,2020-01-12 06:00:00+00:00,2020-01-12 12:00:00+00:00,7,5,0.16,0.022857142857142857,0.06,99.0,2.0,2
Philadelphia,Point Gage,Winter,2020,164,2020-01-16 07:00:00+00:00,2020-01-16 07:00:00+00:00,1,1,0.11,0.11,0.11,90.0,0.0,0
Philadelphia,Point Gage,Winter,2020,165,2020-01-18 15:00:00+00:00,2020-01-19 07:00:00+00:00,17,10,0.30000000000000004,0.017647058823529415,0.05,55.0,6.0,5
Philadelphia,Point Gage,Winter,2020,166,2020-01-25 11:00:00+00:00,2020-01-25 17:00:00+00:00,7,7,1.7000000000000002,0.24285714285714288,0.51,147.0,5.0,0
Philadelphia,Point Gage,Winter,2020,167,2020-02-06 04:00:00+00:00,2020-02-07 15:00:00+00:00,36,22,0.7400000000000001,0.02055555555555556,0.12,18.0,1.0,8
Philadelphia,Point Gage,Winter,2020,168,2020-02-10 11:00:00+00:00,2020-02-11 18:00:00+00:00,32,20,0.65,0.0203125,0.11,67.0,24.0,5
Philadelphia,Point Gage,Winter,2020,169,2020-02-13 02:00:00+00:00,2020-02-13 19:00:00+00:00,18,13,0.32,0.017777777777777778,0.05,31.0,16.0,3
Philadelphia,Point Gage,Winter,2020,170,2020-02-25 14:00:00+00:00,2020-02-25 21:00:00+00:00,8,8,0.21,0.02625,0.04,282.0,2.0,0
Philadelphia,Point Gage,Winter,2020,171,2020-02-27 04:00:00+00:00,2020-02-27 08:00:00+00:00,5,5,0.32000000000000006,0.06400000000000002,0.17,30.0,3.0,0
Philadelphia,Point Gage,Spring,2020,172,2020-03-03 19:00:00+00:00,2020-03-04 03:00:00+00:00,9,4,0.33,0.03666666666666667,0.19,12.0,7.0,5
Philadelphia,Point Gage,Spring,2020,173,2020-03-06 18:00:00+00:00,2020-03-07 08:00:00+00:00,15,12,0.29000000000000004,0.019333333333333334,0.07,62.0,3.0,3
Philadelphia,Point Gage,Spring,2020,174,2020-03-13 09:00:00+00:00,2020-03-13 12:00:00+00:00,4,4,0.26,0.065,0.1,144.0,0.0,0
Philadelphia,Point Gage,Spring,2020,175,2020-03-19 02:00:00+00:00,2020-03-19 11:00:00+00:00,10,10,1.03,0.10300000000000001,0.27,38.0,6.0,0
Philadelphia,Point Gage,Spring,2020,176,2020-03-23 09:00:00+00:00,2020-03-23 22:00:00+00:00,14,14,0.86,0.06142857142857143,0.17,93.0,10.0,0
Philadelphia,Point Gage,Spring,2020,177,2020-03-28 13:00:00+00:00,2020-03-29 02:00:00+00:00,14,13,1.0100000000000002,0.07214285714285716,0.23,67.0,3.0,1
Philadelphia,Point Gage,Spring,2020,178,2020-04-08 07:00:00+00:00,2020-04-08 09:00:00+00:00,3,3,0.55,0.18333333333333335,0.35,47.0,1.0,0
Philadelphia,Point Gage,Spring,2020,179,2020-04-13 04:00:00+00:00,2020-04-13 20:00:00+00:00,17,16,1.7,0.09999999999999999,0.48,86.0,6.0,1
Philadelphia,Point Gage,Spring,2020,180,2020-04-21 15:00:00+00:00,2020-04-21 18:00:00+00:00,4,3,0.16,0.04,0.11,74.0,3.0,1
Philadelphia,Point Gage,Spring,2020,181,2020-04-24 00:00:00+00:00,2020-04-24 20:00:00+00:00,21,16,0.94,0.04476190476190476,0.15,53.0,4.0,4
Philadelphia,Point Gage,Spring,2020,182,2020-04-26 04:00:00+00:00,2020-04-26 23:00:00+00:00,20,10,0.25,0.0125,0.12,31.0,16.0,6
Philadelphia,Point Gage,Spring,2020,183,2020-04-30 15:00:00+00:00,2020-05-01 22:00:00+00:00,32,13,0.52,0.01625,0.13,63.0,8.0,9
Philadelphia,Point Gage,Spring,2020,184,2020-05-08 16:00:00+00:00,2020-05-09 05:00:00+00:00,14,10,0.39,0.027857142857142858,0.11,11.0,9.0,4
Philadelphia,Point Gage,Spring,2020,185,2020-05-22 15:00:00+00:00,2020-05-22 21:00:00+00:00,7,5,0.22,0.03142857142857143,0.12,259.0,4.0,2
Philadelphia,Point Gage,Spring,2020,186,2020-05-23 10:00:00+00:00,2020-05-23 20:00:00+00:00,11,8,1.83,0.16636363636363638,1.0,12.0,1.0,2
Philadelphia,Point Gage,Summer,2020,187,2020-06-03 16:00:00+00:00,2020-06-04 01:00:00+00:00,10,4,0.48000000000000004,0.048,0.22,143.0,0.0,6
Philadelphia,Point Gage,Summer,2020,188,2020-06-05 03:00:00+00:00,2020-06-05 08:00:00+00:00,6,4,0.44,0.07333333333333333,0.26,25.0,0.0,2
Philadelphia,Point Gage,Summer,2020,189,2020-06-05 19:00:00+00:00,2020-06-06 06:00:00+00:00,12,6,0.47000000000000003,0.03916666666666667,0.29,10.0,1.0,3
Philadelphia,Point Gage,Summer,2020,190,2020-06-11 04:00:00+00:00,2020-06-11 18:00:00+00:00,15,5,0.19,0.012666666666666666,0.06,117.0,13.0,9
Philadelphia,Point Gage,Summer,2020,191,2020-06-18 09:00:00+00:00,2020-06-18 15:00:00+00:00,7,2,0.11,0.015714285714285715,0.1,158.0,6.0,5
Philadelphia,Point Gage,Summer,2020,192,2020-06-20 21:00:00+00:00,2020-06-20 22:00:00+00:00,2,2,0.1,0.05,0.07,21.0,0.0,0
Philadelphia,Point Gage,Summer,2020,193,2020-07-06 16:00:00+00:00,2020-07-06 20:00:00+00:00,5,5,2.2499999999999996,0.4499999999999999,0.97,62.0,1.0,0
Philadelphia,Point Gage,Summer,2020,194,2020-07-07 23:00:00+00:00,2020-07-07 23:00:00+00:00,1,1,0.51,0.51,0.51,26.0,0.0,0
Philadelphia,Point Gage,Summer,2020,195,2020-07-10 12:00:00+00:00,2020-07-11 01:00:00+00:00,14,14,2.5799999999999996,0.18428571428571425,0.78,60.0,4.0,0
Philadelphia,Point Gage,Summer,2020,196,2020-07-13 03:00:00+00:00,2020-07-13 05:00:00+00:00,3,3,0.16,0.05333333333333334,0.08,49.0,1.0,0
Philadelphia,Point Gage,Summer,2020,197,2020-07-22 22:00:00+00:00,2020-07-23 00:00:00+00:00,3,3,0.47000000000000003,0.15666666666666668,0.27,17.0,0.0,0
Philadelphia,Point Gage,Summer,2020,198,2020-07-23 12:00:00+00:00,2020-07-23 15:00:00+00:00,4,4,0.8200000000000001,0.20500000000000002,0.65,11.0,1.0,0
Philadelphia,Point Gage,Summer,2020,199,2020-07-24 04:00:00+00:00,2020-07-24 19:00:00+00:00,16,9,2.04,0.1275,1.08,12.0,14.0,6
Philadelphia,Point Gage,Summer,2020,200,2020-08-03 23:00:00+00:00,2020-08-04 16:00:00+00:00,18,11,2.4,0.13333333333333333,1.48,47.0,15.0,6
Philadelphia,Point Gage,Summer,2020,201,2020-08-06 12:00:00+00:00,2020-08-06 13:00:00+00:00,2,2,0.25,0.125,0.16,30.0,1.0,0
Philadelphia,Point Gage,Summer,2020,202,2020-08-07 22:00:00+00:00,2020-08-08 00:00:00+00:00,3,3,0.32,0.10666666666666667,0.2,13.0,1.0,0
Philadelphia,Point Gage,Summer,2020,203,2020-08-13 20:00:00+00:00,2020-08-13 23:00:00+00:00,4,3,0.28,0.07,0.22,24.0,2.0,1
Philadelphia,Point Gage,Summer,2020,204,2020-08-16 07:00:00+00:00,2020-08-16 15:00:00+00:00,9,8,0.38,0.042222222222222223,0.07,55.0,2.0,1
Philadelphia,Point Gage,Summer,2020,205,2020-08-17 19:00:00+00:00,2020-08-18 00:00:00+00:00,6,3,0.15,0.024999999999999998,0.08,27.0,0.0,3
Philadelphia,Point Gage,Summer,2020,206,2020-08-23 17:00:00+00:00,2020-08-24 02:00:00+00:00,10,4,1.65,0.16499999999999998,1.43,136.0,0.0,6
Philadelphia,Point Gage,Summer,2020,207,2020-08-28 20:00:00+00:00,2020-08-28 21:00:00+00:00,2,2,0.71,0.355,0.49,113.0,0.0,0
Philadelphia,Point Gage,Fall,2020,208,2020-09-10 04:00:00+00:00,2020-09-10 11:00:00+00:00,8,3,0.22,0.0275,0.18,148.0,0.0,5
Philadelphia,Point Gage,Fall,2020,209,2020-09-26 10:00:00+00:00,2020-09-26 12:00:00+00:00,3,2,0.17,0.05666666666666667,0.16,212.0,2.0,1
Philadelphia,Point Gage,Fall,2020,210,2020-09-27 22:00:00+00:00,2020-09-28 05:00:00+00:00,8,3,0.23,0.02875,0.12,33.0,7.0,5
Philadelphia,Point Gage,Fall,2020,211,2020-09-29 19:00:00+00:00,2020-09-30 10:00:00+00:00,16,14,3.09,0.193125,0.84,37.0,10.0,2
Philadelphia,Point Gage,Fall,2021,212,2020-10-02 03:00:00+00:00,2020-10-02 13:00:00+00:00,11,5,0.11,0.01,0.05,40.0,0.0,5
Philadelphia,Point Gage,Fall,2021,213,2020-10-11 23:00:00+00:00,2020-10-12 15:00:00+00:00,17,17,1.11,0.06529411764705884,0.16,225.0,13.0,0
Philadelphia,Point Gage,Fall,2021,214,2020-10-16 12:00:00+00:00,2020-10-17 05:00:00+00:00,18,9,1.11,0.061666666666666675,0.24,77.0,2.0,9
Philadelphia,Point Gage,Fall,2021,215,2020-10-29 08:00:00+00:00,2020-10-30 15:00:00+00:00,32,29,2.35,0.0734375,0.26,68.0,7.0,1
Philadelphia,Point Gage,Fall,2021,216,2020-11-01 16:00:00+00:00,2020-11-01 23:00:00+00:00,8,7,0.58,0.0725,0.18,48.0,2.0,1
Philadelphia,Point Gage,Fall,2021,217,2020-11-11 18:00:00+00:00,2020-11-12 21:00:00+00:00,28,18,1.29,0.046071428571428576,0.35,234.0,5.0,7
Philadelphia,Point Gage,Fall,2021,218,2020-11-15 23:00:00+00:00,2020-11-16 01:00:00+00:00,3,3,0.33,0.11,0.25,55.0,2.0,0
Philadelphia,Point Gage,Fall,2021,219,2020-11-23 04:00:00+00:00,2020-11-23 12:00:00+00:00,9,7,0.34,0.03777777777777778,0.17,170.0,7.0,2
Philadelphia,Point Gage,Fall,2021,220,2020-11-26 06:00:00+00:00,2020-11-26 14:00:00+00:00,9,6,0.5800000000000001,0.06444444444444446,0.21,65.0,4.0,3
Philadelphia,Point Gage,Fall,2021,221,2020-11-30 11:00:00+00:00,2020-12-01 00:00:00+00:00,14,12,1.96,0.13999999999999999,0.68,92.0,11.0,1
Philadelphia,Point Gage,Winter,2021,222,2020-12-04 15:00:00+00:00,2020-12-05 15:00:00+00:00,25,23,0.95,0.038,0.17,86.0,18.0,2
Philadelphia,Point Gage,Winter,2021,223,2020-12-14 13:00:00+00:00,2020-12-14 20:00:00+00:00,8,8,0.54,0.0675,0.1,113.0,1.0,0
Philadelphia,Point Gage,Winter,2021,224,2020-12-16 18:00:00+00:00,2020-12-17 12:00:00+00:00,19,16,0.5,0.02631578947368421,0.1,45.0,3.0,2
Philadelphia,Point Gage,Winter,2021,225,2020-12-22 04:00:00+00:00,2020-12-22 12:00:00+00:00,9,7,0.12000000000000001,0.013333333333333334,0.03,111.0,4.0,1
Philadelphia,Point Gage,Winter,2021,226,2020-12-24 23:00:00+00:00,2020-12-25 14:00:00+00:00,16,14,2.0199999999999996,0.12624999999999997,0.43,58.0,5.0,1
Philadelphia,Point Gage,Winter,2021,227,2020-12-31 12:00:00+00:00,2020-12-31 20:00:00+00:00,9,5,0.12,0.013333333333333332,0.07,141.0,1.0,4
Philadelphia,Point Gage,Winter,2021,228,2021-01-01 18:00:00+00:00,2021-01-02 06:00:00+00:00,13,13,0.8900000000000001,0.06846153846153848,0.22,21.0,7.0,0
Philadelphia,Point Gage,Winter,2021,229,2021-01-03 12:00:00+00:00,2021-01-04 08:00:00+00:00,21,8,0.14,0.006666666666666667,0.04,29.0,1.0,7
Philadelphia,Point Gage,Winter,2021,230,2021-01-16 01:00:00+00:00,2021-01-16 11:00:00+00:00,11,8,0.28,0.025454545454545455,0.04,280.0,0.0,2
Philadelphia,Point Gage,Winter,2021,231,2021-01-26 14:00:00+00:00,2021-01-26 20:00:00+00:00,7,6,0.13,0.018571428571428572,0.07,146.0,2.0,1
Philadelphia,Point Gage,Winter,2021,232,2021-01-31 17:00:00+00:00,2021-02-02 16:00:00+00:00,48,41,1.11,0.023125000000000003,0.08,116.0,24.0,2
Philadelphia,Point Gage,Winter,2021,233,2021-02-07 12:00:00+00:00,2021-02-07 20:00:00+00:00,9,9,0.47000000000000003,0.052222222222222225,0.1,46.0,7.0,0
Philadelphia,Point Gage,Winter,2021,234,2021-02-11 04:00:00+00:00,2021-02-11 09:00:00+00:00,6,6,0.22999999999999998,0.03833333333333333,0.08,79.0,1.0,0
Philadelphia,Point Gage,Winter,2021,235,2021-02-16 05:00:00+00:00,2021-02-16 11:00:00+00:00,7,7,0.9700000000000001,0.1385714285714286,0.27,50.0,1.0,0
Philadelphia,Point Gage,Winter,2021,236,2021-02-18 10:00:00+00:00,2021-02-18 19:00:00+00:00,10,10,0.8800000000000001,0.08800000000000001,0.25,46.0,6.0,0
Philadelphia,Point Gage,Winter,2021,237,2021-02-19 14:00:00+00:00,2021-02-19 23:00:00+00:00,10,6,0.13,0.013000000000000001,0.05,18.0,0.0,3
Philadelphia,Point Gage,Winter,2021,238,2021-02-22 15:00:00+00:00,2021-02-22 21:00:00+00:00,7,7,0.56,0.08,0.2,63.0,2.0,0
Philadelphia,Point Gage,Winter,2021,239,2021-02-27 05:00:00+00:00,2021-02-27 15:00:00+00:00,11,10,0.39,0.035454545454545454,0.07,103.0,3.0,1
Philadelphia,Point Gage,Winter,2021,240,2021-02-28 15:00:00+00:00,2021-03-01 12:00:00+00:00,22,21,0.9400000000000002,0.04272727272727273,0.15,23.0,3.0,1
Philadelphia,Point Gage,Spring,2021,241,2021-03-18 11:00:00+00:00,2021-03-19 05:00:00+00:00,19,16,0.78,0.04105263157894737,0.11,32.0,3.0,3
Philadelphia,Point Gage,Spring,2021,242,2021-03-24 15:00:00+00:00,2021-03-25 00:00:00+00:00,10,10,1.48,0.148,0.42,129.0,3.0,0
Philadelphia,Point Gage,Spring,2021,243,2021-03-28 12:00:00+00:00,2021-03-29 00:00:00+00:00,13,6,0.52,0.04,0.17,83.0,11.0,7
Philadelphia,Point Gage,Spring,2021,244,2021-03-31 14:00:00+00:00,2021-04-01 12:00:00+00:00,23,13,0.46,0.02,0.08,61.0,4.0,5
Philadelphia,Point Gage,Spring,2021,245,2021-04-11 09:00:00+00:00,2021-04-12 05:00:00+00:00,21,9,0.9400000000000002,0.04476190476190477,0.17,24.0,20.0,8
Philadelphia,Point Gage,Spring,2021,246,2021-04-25 04:00:00+00:00,2021-04-25 11:00:00+00:00,8,8,0.52,0.065,0.12,81.0,5.0,0
Philadelphia,Point Gage,Spring,2021,247,2021-04-29 18:00:00+00:00,2021-04-30 00:00:00+00:00,7,2,0.25,0.03571428571428571,0.24,102.0,6.0,5
Philadelphia,Point Gage,Spring,2021,248,2021-05-04 00:00:00+00:00,2021-05-04 08:00:00+00:00,9,7,0.29000000000000004,0.03222222222222223,0.08,95.0,0.0,1
Philadelphia,Point Gage,Spring,2021,249,2021-05-05 13:00:00+00:00,2021-05-05 17:00:00+00:00,5,5,0.29000000000000004,0.05800000000000001,0.18,28.0,3.0,0
Philadelphia,Point Gage,Spring,2021,250,2021-05-08 04:00:00+00:00,2021-05-08 09:00:00+00:00,6,6,0.36,0.06,0.13,58.0,4.0,0
Philadelphia,Point Gage,Spring,2021,251,2021-05-26 22:00:00+00:00,2021-05-27 03:00:00+00:00,6,6,0.9299999999999999,0.155,0.41,406.0,4.0,0
Philadelphia,Point Gage,Spring,2021,252,2021-05-28 19:00:00+00:00,2021-05-30 19:00:00+00:00,49,32,1.8600000000000003,0.03795918367346939,0.19,39.0,16.0,7
Philadelphia,Point Gage,Summer,2021,253,2021-06-03 22:00:00+00:00,2021-06-04 03:00:00+00:00,6,6,0.6800000000000002,0.11333333333333336,0.33,12.0,2.0,0
Philadelphia,Point Gage,Summer,2021,254,2021-06-04 19:00:00+00:00,2021-06-04 20:00:00+00:00,2,2,1.24,0.62,1.02,15.0,1.0,0
Philadelphia,Point Gage,Summer,2021,255,2021-06-08 21:00:00+00:00,2021-06-08 23:00:00+00:00,3,3,0.18,0.06,0.15,96.0,1.0,0
Philadelphia,Point Gage,Summer,2021,256,2021-06-11 10:00:00+00:00,2021-06-11 18:00:00+00:00,9,4,0.13,0.014444444444444446,0.06,36.0,7.0,5
Philadelphia,Point Gage,Summer,2021,257,2021-06-15 01:00:00+00:00,2021-06-15 06:00:00+00:00,6,4,0.42,0.06999999999999999,0.16,78.0,0.0,2
Philadelphia,Point Gage,Summer,2021,258,2021-06-19 20:00:00+00:00,2021-06-19 22:00:00+00:00,3,3,0.11,0.03666666666666667,0.05,13.0,2.0,0
Philadelphia,Point Gage,Summer,2021,259,2021-06-22 17:00:00+00:00,2021-06-22 20:00:00+00:00,4,3,0.11000000000000001,0.027500000000000004,0.07,15.0,0.0,1
Philadelphia,Point Gage,Summer,2021,260,2021-07-01 15:00:00+00:00,2021-07-02 07:00:00+00:00,17,10,1.01,0.05941176470588235,0.36,125.0,6.0,4
Philadelphia,Point Gage,Summer,2021,261,2021-07-02 20:00:00+00:00,2021-07-03 00:00:00+00:00,5,4,0.32,0.064,0.23,12.0,1.0,1
Philadelphia,Point Gage,Summer,2021,262,2021-07-03 20:00:00+00:00,2021-07-04 00:00:00+00:00,5,5,0.37000000000000005,0.07400000000000001,0.14,19.0,0.0,0
Philadelphia,Point Gage,Summer,2021,263,2021-07-06 20:00:00+00:00,2021-07-07 03:00:00+00:00,8,3,0.9299999999999999,0.11624999999999999,0.7,67.0,7.0,5
Philadelphia,Point Gage,Summer,2021,264,2021-07-08 21:00:00+00:00,2021-07-09 10:00:00+00:00,14,9,1.3,0.09285714285714286,0.41,41.0,8.0,5
Philadelphia,Point Gage,Summer,2021,265,2021-07-12 18:00:00+00:00,2021-07-13 05:00:00+00:00,12,6,4.16,0.3466666666666667,2.42,79.0,3.0,6
Philadelphia,Point Gage,Summer,2021,266,2021-07-17 23:00:00+00:00,2021-07-18 10:00:00+00:00,12,6,2.3800000000000003,0.19833333333333336,1.54,113.0,3.0,6
Philadelphia,Point Gage,Summer,2021,267,2021-07-21 19:00:00+00:00,2021-07-22 01:00:00+00:00,7,3,0.45999999999999996,0.06571428571428571,0.38,80.0,0.0,4
Philadelphia,Point Gage,Summer,2021,268,2021-07-29 20:00:00+00:00,2021-07-29 23:00:00+00:00,4,3,0.26,0.065,0.24,94.0,3.0,1
Philadelphia,Point Gage,Summer,2021,269,2021-08-01 17:00:00+00:00,2021-08-02 02:00:00+00:00,10,4,0.28,0.028000000000000004,0.2,65.0,1.0,4
Philadelphia,Point Gage,Summer,2021,270,2021-08-08 04:00:00+00:00,2021-08-08 09:00:00+00:00,6,6,0.64,0.10666666666666667,0.26,145.0,2.0,0
Philadelphia,Point Gage,Summer,2021,271,2021-08-10 07:00:00+00:00,2021-08-10 07:00:00+00:00,1,1,0.37,0.37,0.37,45.0,0.0,0
Philadelphia,Point Gage,Summer,2021,272,2021-08-10 22:00:00+00:00,2021-08-11 02:00:00+00:00,5,4,0.78,0.156,0.52,14.0,0.0,1
Philadelphia,Point Gage,Summer,2021,273,2021-08-19 00:00:00+00:00,2021-08-19 07:00:00+00:00,8,5,1.61,0.20125,1.16,29.0,6.0,3
Philadelphia,Point Gage,Summer,2021,274,2021-08-22 01:00:00+00:00,2021-08-22 13:00:00+00:00,13,11,1.34,0.10307692307692308,0.28,33.0,5.0,2
Philadelphia,Point Gage,Summer,2021,275,2021-08-23 03:00:00+00:00,2021-08-23 19:00:00+00:00,17,10,0.44,0.02588235294117647,0.14,13.0,7.0,7
Philadelphia,Point Gage,Summer,2021,276,2021-08-26 22:00:00+00:00,2021-08-26 22:00:00+00:00,1,1,0.22,0.22,0.22,74.0,0.0,0
Philadelphia,Point Gage,Summer,2021,277,2021-08-27 17:00:00+00:00,2021-08-27 18:00:00+00:00,2,2,0.15000000000000002,0.07500000000000001,0.14,18.0,0.0,0
Philadelphia,Point Gage,Summer,2021,278,2021-08-28 08:00:00+00:00,2021-08-28 17:00:00+00:00,10,5,0.36999999999999994,0.03699999999999999,0.17,13.0,0.0,4
Philadelphia,Point Gage,Fall,2021,279,2021-09-01 09:00:00+00:00,2021-09-02 03:00:00+00:00,19,12,3.53,0.1857894736842105,1.38,87.0,13.0,7
Philadelphia,Point Gage,Fall,2021,280,2021-09-09 06:00:00+00:00,2021-09-09 17:00:00+00:00,12,6,0.27,0.022500000000000003,0.11,79.0,5.0,3
Philadelphia,Point Gage,Fall,2021,281,2021-09-16 03:00:00+00:00,2021-09-16 04:00:00+00:00,2,2,0.27,0.135,0.21,153.0,1.0,0
Philadelphia,Point Gage,Fall,2021,282,2021-09-23 16:00:00+00:00,2021-09-24 04:00:00+00:00,13,10,1.3300000000000003,0.10230769230769234,0.97,149.0,2.0,3
Philadelphia,Point Gage,Fall,2021,283,2021-09-28 14:00:00+00:00,2021-09-28 16:00:00+00:00,3,3,0.14,0.04666666666666667,0.11,105.0,0.0,0
Philadelphia,Point Gage,Fall,2022,284,2021-10-05 06:00:00+00:00,2021-10-05 09:00:00+00:00,4,4,0.63,0.1575,0.34,17.0,0.0,0
Philadelphia,Point Gage,Winter,2022,285,2022-01-01 11:00:00+00:00,2022-01-02 10:00:00+00:00,24,19,0.92,0.03833333333333334,0.23,2113.0,16.0,2
Philadelphia,Point Gage,Winter,2022,286,2022-01-07 06:00:00+00:00,2022-01-07 11:00:00+00:00,6,6,0.15,0.024999999999999998,0.04,43.0,2.0,0
Philadelphia,Point Gage,Winter,2022,287,2022-01-09 15:00:00+00:00,2022-01-10 01:00:00+00:00,11,9,0.24,0.021818181818181816,0.06,51.0,8.0,1
Philadelphia,Point Gage,Winter,2022,288,2022-01-16 23:00:00+00:00,2022-01-17 13:00:00+00:00,15,12,1.4400000000000002,0.09600000000000002,0.34,165.0,7.0,3
Philadelphia,Point Gage,Winter,2022,289,2022-01-20 07:00:00+00:00,2022-01-20 14:00:00+00:00,8,8,0.33,0.04125,0.07,65.0,5.0,0
Philadelphia,Point Gage,Winter,2022,290,2022-01-28 14:00:00+00:00,2022-01-29 15:00:00+00:00,26,18,0.31000000000000005,0.011923076923076925,0.04,191.0,16.0,5
Philadelphia,Point Gage,Winter,2022,291,2022-02-03 08:00:00+00:00,2022-02-04 22:00:00+00:00,39,32,1.1300000000000001,0.028974358974358978,0.1,112.0,35.0,2
Philadelphia,Point Gage,Winter,2022,292,2022-02-13 06:00:00+00:00,2022-02-13 20:00:00+00:00,15,13,0.3400000000000001,0.022666666666666672,0.06,123.0,1.0,1
Philadelphia,Point Gage,Winter,2022,293,2022-02-18 02:00:00+00:00,2022-02-18 11:00:00+00:00,10,8,0.38,0.038,0.14,101.0,9.0,1
Philadelphia,Point Gage,Winter,2022,294,2022-02-22 14:00:00+00:00,2022-02-23 00:00:00+00:00,11,8,0.17,0.015454545454545455,0.07,98.0,7.0,1
Philadelphia,Point Gage,Winter,2022,295,2022-02-24 18:00:00+00:00,2022-02-25 15:00:00+00:00,22,12,0.91,0.041363636363636366,0.16,41.0,12.0,9
Philadelphia,Point Gage,Spring,2022,296,2022-03-06 14:00:00+00:00,2022-03-06 18:00:00+00:00,5,5,0.10999999999999999,0.022,0.04,214.0,1.0,0
Philadelphia,Point Gage,Spring,2022,297,2022-03-09 13:00:00+00:00,2022-03-09 23:00:00+00:00,11,11,0.44,0.04,0.1,34.0,1.0,0
Philadelphia,Point Gage,Spring,2022,298,2022-03-12 11:00:00+00:00,2022-03-12 17:00:00+00:00,7,7,0.51,0.07285714285714286,0.15,59.0,1.0,0
Philadelphia,Point Gage,Spring,2022,299,2022-03-17 10:00:00+00:00,2022-03-17 23:00:00+00:00,14,7,0.17,0.012142857142857144,0.08,112.0,1.0,6
Philadelphia,Point Gage,Spring,2022,300,2022-03-20 01:00:00+00:00,2022-03-20 02:00:00+00:00,2,2,0.17,0.085,0.16,49.0,0.0,0
Philadelphia,Point Gage,Spring,2022,301,2022-03-24 01:00:00+00:00,2022-03-24 10:00:00+00:00,10,10,0.5900000000000001,0.05900000000000001,0.14,94.0,3.0,0
Philadelphia,Point Gage,Spring,2022,302,2022-03-25 01:00:00+00:00,2022-03-25 04:00:00+00:00,4,4,0.15000000000000002,0.037500000000000006,0.07,14.0,3.0,0
Philadelphia,Point Gage,Spring,2022,303,2022-03-31 18:00:00+00:00,2022-04-01 09:00:00+00:00,16,6,0.3,0.01875,0.11,157.0,6.0,5
Philadelphia,Point Gage,Spring,2022,304,2022-04-03 11:00:00+00:00,2022-04-03 19:00:00+00:00,9,6,0.13,0.014444444444444446,0.04,49.0,1.0,3
Philadelphia,Point Gage,Spring,2022,305,2022-04-06 00:00:00+00:00,2022-04-06 14:00:00+00:00,15,14,1.1300000000000001,0.07533333333333334,0.2,52.0,7.0,1
Philadelphia,Point Gage,Spring,2022,306,2022-04-07 13:00:00+00:00,2022-04-08 04:00:00+00:00,16,16,1.9,0.11875,0.39,22.0,1.0,0
Philadelphia,Point Gage,Spring,2022,307,2022-04-09 06:00:00+00:00,2022-04-09 22:00:00+00:00,17,6,0.19,0.011176470588235295,0.06,25.0,1.0,8
Philadelphia,Point Gage,Spring,2022,308,2022-04-17 01:00:00+00:00,2022-04-17 04:00:00+00:00,4,4,0.16,0.04,0.07,51.0,0.0,0
Philadelphia,Point Gage,Spring,2022,309,2022-04-18 17:00:00+00:00,2022-04-19 08:00:00+00:00,16,13,1.35,0.084375,0.26,36.0,11.0,3
Philadelphia,Point Gage,Spring,2022,310,2022-05-01 22:00:00+00:00,2022-05-02 10:00:00+00:00,13,5,0.29000000000000004,0.02230769230769231,0.12,116.0,10.0,8
Philadelphia,Point Gage,Spring,2022,311,2022-05-04 06:00:00+00:00,2022-05-04 13:00:00+00:00,8,6,0.13,0.01625,0.05,43.0,2.0,2
Philadelphia,Point Gage,Spring,2022,312,2022-05-06 13:00:00+00:00,2022-05-08 10:00:00+00:00,46,30,0.53,0.011521739130434782,0.05,47.0,29.0,5
Philadelphia,Point Gage,Spring,2022,313,2022-05-13 15:00:00+00:00,2022-05-13 19:00:00+00:00,5,3,0.43000000000000005,0.08600000000000001,0.28,105.0,4.0,2
Philadelphia,Point Gage,Spring,2022,314,2022-05-14 17:00:00+00:00,2022-05-14 23:00:00+00:00,7,4,0.22,0.03142857142857143,0.16,21.0,0.0,2
Philadelphia,Point Gage,Spring,2022,315,2022-05-16 15:00:00+00:00,2022-05-16 23:00:00+00:00,9,5,0.49,0.05444444444444444,0.15,39.0,8.0,3
Philadelphia,Point Gage,Spring,2022,316,2022-05-20 18:00:00+00:00,2022-05-20 20:00:00+00:00,3,3,0.49,0.16333333333333333,0.32,36.0,0.0,0
Philadelphia,Point Gage,Spring,2022,317,2022-05-27 19:00:00+00:00,2022-05-28 04:00:00+00:00,10,4,0.42000000000000004,0.042,0.2,81.0,0.0,6
Philadelphia,Point Gage,Summer,2022,318,2022-06-02 20:00:00+00:00,2022-06-02 20:00:00+00:00,1,1,0.52,0.52,0.52,15.0,0.0,0
Philadelphia,Point Gage,Summer,2022,319,2022-06-03 12:00:00+00:00,2022-06-03 13:00:00+00:00,2,2,0.13,0.065,0.1,15.0,1.0,0
Philadelphia,Point Gage,Summer,2022,320,2022-06-07 21:00:00+00:00,2022-06-08 03:00:00+00:00,7,4,0.18000000000000002,0.025714285714285717,0.08,103.0,0.0,3
Philadelphia,Point Gage,Summer,2022,321,2022-06-09 03:00:00+00:00,2022-06-09 09:00:00+00:00,7,5,0.41000000000000003,0.05857142857142857,0.15,23.0,6.0,2
Philadelphia,Point Gage,Summer,2022,322,2022-06-11 15:00:00+00:00,2022-06-11 18:00:00+00:00,4,4,0.19,0.0475,0.09,53.0,0.0,0
Philadelphia,Point Gage,Summer,2022,323,2022-06-12 09:00:00+00:00,2022-06-12 14:00:00+00:00,6,6,0.26,0.043333333333333335,0.17,14.0,4.0,0
Philadelphia,Point Gage,Summer,2022,324,2022-06-14 12:00:00+00:00,2022-06-14 13:00:00+00:00,2,2,0.13,0.065,0.11,27.0,0.0,0
Philadelphia,Point Gage,Summer,2022,325,2022-06-16 10:00:00+00:00,2022-06-16 12:00:00+00:00,3,3,0.17,0.05666666666666667,0.09,44.0,1.0,0
Philadelphia,Point Gage,Summer,2022,326,2022-06-23 14:00:00+00:00,2022-06-23 16:00:00+00:00,3,3,0.13,0.043333333333333335,0.08,169.0,1.0,0
Philadelphia,Point Gage,Summer,2022,327,2022-06-27 17:00:00+00:00,2022-06-27 19:00:00+00:00,3,3,0.21000000000000002,0.07,0.16,96.0,0.0,0
Philadelphia,Point Gage,Summer,2022,328,2022-07-07 06:00:00+00:00,2022-07-07 09:00:00+00:00,4,4,0.1,0.025,0.04,31.0,2.0,0
Philadelphia,Point Gage,Summer,2022,329,2022-07-09 02:00:00+00:00,2022-07-09 03:00:00+00:00,2,2,0.24,0.12,0.13,40.0,1.0,0
Philadelphia,Point Gage,Summer,2022,330,2022-07-15 21:00:00+00:00,2022-07-15 22:00:00+00:00,2,2,0.15000000000000002,0.07500000000000001,0.1,161.0,1.0,0
Philadelphia,Point Gage,Summer,2022,331,2022-07-16 22:00:00+00:00,2022-07-17 04:00:00+00:00,7,3,0.1,0.014285714285714287,0.07,23.0,5.0,4
Philadelphia,Point Gage,Summer,2022,332,2022-07-18 21:00:00+00:00,2022-07-19 02:00:00+00:00,6,4,0.19,0.03166666666666667,0.1,40.0,2.0,1
Philadelphia,Point Gage,Summer,2022,333,2022-07-25 19:00:00+00:00,2022-07-25 20:00:00+00:00,2,2,0.38999999999999996,0.19499999999999998,0.35,95.0,1.0,0
Philadelphia,Point Gage,Summer,2022,334,2022-07-29 00:00:00+00:00,2022-07-29 01:00:00+00:00,2,2,0.19,0.095,0.12,16.0,1.0,0
Philadelphia,Point Gage,Summer,2022,335,2022-08-01 00:00:00+00:00,2022-08-01 05:00:00+00:00,6,4,0.18000000000000002,0.030000000000000002,0.07,48.0,0.0,2
Philadelphia,Point Gage,Summer,2022,336,2022-08-05 23:00:00+00:00,2022-08-06 03:00:00+00:00,5,4,0.27,0.054000000000000006,0.18,19.0,2.0,1
Philadelphia,Point Gage,Summer,2022,337,2022-08-11 08:00:00+00:00,2022-08-11 15:00:00+00:00,8,3,0.23,0.02875,0.2,29.0,0.0,5
Philadelphia,Point Gage,Summer,2022,338,2022-08-21 21:00:00+00:00,2022-08-23 00:00:00+00:00,28,8,0.9199999999999999,0.032857142857142856,0.32,245.0,21.0,7
Philadelphia,Point Gage,Summer,2022,339,2022-08-30 23:00:00+00:00,2022-08-31 00:00:00+00:00,2,2,0.26,0.13,0.2,190.0,0.0,0
Philadelphia,Point Gage,Fall,2022,340,2022-09-06 06:00:00+00:00,2022-09-06 16:00:00+00:00,11,9,1.7500000000000002,0.15909090909090912,0.77,149.0,6.0,2
Philadelphia,Point Gage,Fall,2022,341,2022-09-11 14:00:00+00:00,2022-09-11 22:00:00+00:00,9,7,0.41,0.04555555555555555,0.12,117.0,7.0,2
Philadelphia,Point Gage,Fall,2022,342,2022-09-25 19:00:00+00:00,2022-09-25 21:00:00+00:00,3,3,0.35,0.11666666666666665,0.3,73.0,0.0,0
Philadelphia,Point Gage,Fall,2023,343,2022-10-01 01:00:00+00:00,2022-10-01 19:00:00+00:00,19,9,1.14,0.06,0.27,123.0,8.0,5
Philadelphia,Point Gage,Fall,2023,344,2022-10-02 11:00:00+00:00,2022-10-04 14:00:00+00:00,52,38,2.44,0.04692307692307692,0.41,15.0,7.0,4
Philadelphia,Point Gage,Fall,2023,345,2022-10-13 19:00:00+00:00,2022-10-14 05:00:00+00:00,11,7,0.9000000000000001,0.08181818181818183,0.27,131.0,6.0,4
Philadelphia,Point Gage,Fall,2023,346,2022-10-17 22:00:00+00:00,2022-10-17 23:00:00+00:00,2,2,0.45,0.225,0.44,88.0,0.0,0
Philadelphia,Point Gage,Fall,2023,347,2022-10-31 23:00:00+00:00,2022-11-01 06:00:00+00:00,8,5,0.24000000000000002,0.030000000000000002,0.1,124.0,0.0,3
Philadelphia,Point Gage,Fall,2023,348,2022-11-11 14:00:00+00:00,2022-11-12 10:00:00+00:00,21,11,0.7,0.03333333333333333,0.32,247.0,6.0,9
Philadelphia,Point Gage,Fall,2023,349,2022-11-15 23:00:00+00:00,2022-11-16 09:00:00+00:00,11,11,1.23,0.11181818181818182,0.27,58.0,4.0,0
Philadelphia,Point Gage,Fall,2023,350,2022-11-27 16:00:00+00:00,2022-11-27 21:00:00+00:00,6,5,0.31,0.051666666666666666,0.13,270.0,2.0,1
Philadelphia,Point Gage,Fall,2023,351,2022-11-30 14:00:00+00:00,2022-11-30 20:00:00+00:00,7,7,0.5900000000000001,0.0842857142857143,0.15,64.0,4.0,0
Philadelphia,Point Gage,Winter,2023,352,2022-12-03 11:00:00+00:00,2022-12-03 22:00:00+00:00,12,8,0.5,0.041666666666666664,0.12,62.0,5.0,4
Philadelphia,Point Gage,Winter,2023,353,2022-12-06 13:00:00+00:00,2022-12-07 10:00:00+00:00,22,15,0.43000000000000005,0.019545454545454546,0.09,62.0,13.0,2
Philadelphia,Point Gage,Winter,2023,354,2022-12-15 13:00:00+00:00,2022-12-16 18:00:00+00:00,30,26,1.4800000000000002,0.04933333333333334,0.21,87.0,11.0,1
Philadelphia,Point Gage,Winter,2023,355,2022-12-22 15:00:00+00:00,2022-12-23 17:00:00+00:00,27,22,1.01,0.03740740740740741,0.13,140.0,13.0,4
Philadelphia,Point Gage,Winter,2023,356,2022-12-31 18:00:00+00:00,2023-01-01 02:00:00+00:00,9,5,0.30000000000000004,0.03333333333333334,0.1,192.0,7.0,4
Philadelphia,Point Gage,Winter,2023,357,2023-01-03 15:00:00+00:00,2023-01-03 17:00:00+00:00,3,3,0.12000000000000001,0.04,0.07,60.0,1.0,0
Philadelphia,Point Gage,Winter,2023,358,2023-01-06 03:00:00+00:00,2023-01-06 06:00:00+00:00,4,4,0.11,0.0275,0.06,57.0,1.0,0
Philadelphia,Point Gage,Winter,2023,359,2023-01-19 11:00:00+00:00,2023-01-20 03:00:00+00:00,17,14,0.8400000000000001,0.049411764705882356,0.18,144.0,15.0,2
Philadelphia,Point Gage,Winter,2023,360,2023-01-22 20:00:00+00:00,2023-01-23 19:00:00+00:00,24,18,0.75,0.03125,0.11,64.0,4.0,4
Philadelphia,Point Gage,Winter,2023,361,2023-01-25 19:00:00+00:00,2023-01-26 07:00:00+00:00,13,13,1.21,0.09307692307692307,0.23,47.0,6.0,0
Philadelphia,Point Gage,Winter,2023,362,2023-02-12 22:00:00+00:00,2023-02-13 02:00:00+00:00,5,4,0.15000000000000002,0.030000000000000006,0.07,113.0,4.0,1
Philadelphia,Point Gage,Winter,2023,363,2023-02-16 19:00:00+00:00,2023-02-16 20:00:00+00:00,2,2,0.15000000000000002,0.07500000000000001,0.1,88.0,0.0,0
Philadelphia,Point Gage,Winter,2023,364,2023-02-17 10:00:00+00:00,2023-02-17 21:00:00+00:00,12,7,0.7,0.05833333333333333,0.33,13.0,4.0,5
Philadelphia,Point Gage,Winter,2023,365,2023-02-21 07:00:00+00:00,2023-02-21 10:00:00+00:00,4,3,0.1,0.025,0.07,81.0,2.0,1
Philadelphia,Point Gage,Winter,2023,366,2023-02-27 22:00:00+00:00,2023-02-28 07:00:00+00:00,10,7,0.39,0.039,0.11,122.0,3.0,2
Philadelphia,Point Gage,Spring,2023,367,2023-03-03 21:00:00+00:00,2023-03-04 07:00:00+00:00,11,9,0.9100000000000001,0.08272727272727275,0.33,85.0,8.0,2
Philadelphia,Point Gage,Spring,2023,368,2023-03-10 21:00:00+00:00,2023-03-11 19:00:00+00:00,23,10,0.29000000000000004,0.012608695652173915,0.06,157.0,0.0,8
Philadelphia,Point Gage,Spring,2023,369,2023-03-13 07:00:00+00:00,2023-03-13 22:00:00+00:00,16,6,0.12,0.0075,0.03,35.0,10.0,8
Philadelphia,Point Gage,Spring,2023,370,2023-03-14 13:00:00+00:00,2023-03-15 00:00:00+00:00,12,5,0.1,0.008333333333333333,0.04,14.0,1.0,5
Philadelphia,Point Gage,Spring,2023,371,2023-03-23 09:00:00+00:00,2023-03-24 16:00:00+00:00,32,15,0.34,0.010625,0.05,123.0,0.0,6
Philadelphia,Point Gage,Spring,2023,372,2023-03-25 09:00:00+00:00,2023-03-25 18:00:00+00:00,10,4,0.16999999999999998,0.016999999999999998,0.11,16.0,6.0,4
Philadelphia,Point Gage,Spring,2023,373,2023-03-27 19:00:00+00:00,2023-03-27 22:00:00+00:00,4,2,0.13,0.0325,0.12,48.0,0.0,2
Philadelphia,Point Gage,Spring,2023,374,2023-04-01 12:00:00+00:00,2023-04-01 23:00:00+00:00,12,9,0.8500000000000001,0.07083333333333335,0.6,109.0,11.0,3
Philadelphia,Point Gage,Spring,2023,375,2023-04-15 18:00:00+00:00,2023-04-16 00:00:00+00:00,7,3,0.24,0.03428571428571429,0.21,207.0,3.0,2
Philadelphia,Point Gage,Spring,2023,376,2023-04-22 22:00:00+00:00,2023-04-23 08:00:00+00:00,11,9,0.7,0.06363636363636363,0.3,132.0,0.0,2
Philadelphia,Point Gage,Spring,2023,377,2023-04-26 14:00:00+00:00,2023-04-27 11:00:00+00:00,22,10,0.58,0.026363636363636363,0.24,77.0,8.0,7
Philadelphia,Point Gage,Spring,2023,378,2023-04-28 17:00:00+00:00,2023-04-29 11:00:00+00:00,19,18,1.6300000000000001,0.08578947368421053,0.22,29.0,14.0,1
Philadelphia,Point Gage,Spring,2023,379,2023-04-30 13:00:00+00:00,2023-05-01 04:00:00+00:00,16,15,1.5700000000000003,0.09812500000000002,0.31,25.0,12.0,1
Philadelphia,Point Gage,Spring,2023,380,2023-05-20 13:00:00+00:00,2023-05-21 05:00:00+00:00,17,8,0.38,0.02235294117647059,0.1,346.0,1.0,8
Philadelphia,Point Gage,Summer,2023,381,2023-06-10 00:00:00+00:00,2023-06-10 00:00:00+00:00,1,1,0.13,0.13,0.13,378.0,0.0,0
Philadelphia,Point Gage,Summer,2023,382,2023-06-12 20:00:00+00:00,2023-06-13 00:00:00+00:00,5,5,0.88,0.176,0.37,67.0,3.0,0
Philadelphia,Point Gage,Summer,2023,383,2023-06-16 14:00:00+00:00,2023-06-16 17:00:00+00:00,4,4,1.3800000000000001,0.34500000000000003,1.27,42.0,2.0,0
Philadelphia,Point Gage,Summer,2023,384,2023-06-23 13:00:00+00:00,2023-06-24 17:00:00+00:00,29,7,1.49,0.05137931034482759,0.88,29.0,7.0,8
Philadelphia,Point Gage,Summer,2023,385,2023-06-25 19:00:00+00:00,2023-06-26 05:00:00+00:00,11,6,1.7200000000000002,0.15636363636363637,0.85,25.0,1.0,5
Philadelphia,Point Gage,Summer,2023,386,2023-06-27 00:00:00+00:00,2023-06-28 00:00:00+00:00,25,14,2.53,0.1012,0.82,18.0,21.0,5
Philadelphia,Point Gage,Summer,2023,387,2023-07-09 14:00:00+00:00,2023-07-09 23:00:00+00:00,10,4,1.0,0.1,0.71,20.0,8.0,4
Philadelphia,Point Gage,Summer,2023,388,2023-07-16 08:00:00+00:00,2023-07-16 19:00:00+00:00,12,7,1.01,0.08416666666666667,0.44,45.0,7.0,5
Philadelphia,Point Gage,Summer,2023,389,2023-07-19 10:00:00+00:00,2023-07-19 14:00:00+00:00,5,2,0.23,0.046,0.22,19.0,0.0,3
Philadelphia,Point Gage,Summer,2023,390,2023-07-20 21:00:00+00:00,2023-07-21 11:00:00+00:00,15,6,0.8999999999999999,0.05999999999999999,0.24,30.0,11.0,9
Philadelphia,Point Gage,Summer,2023,391,2023-07-25 19:00:00+00:00,2023-07-25 20:00:00+00:00,2,2,0.24,0.12,0.15,103.0,1.0,0
Philadelphia,Point Gage,Summer,2023,392,2023-07-29 02:00:00+00:00,2023-07-29 03:00:00+00:00,2,2,0.1,0.05,0.06,77.0,0.0,0
Philadelphia,Point Gage,Summer,2023,393,2023-07-29 23:00:00+00:00,2023-07-29 23:00:00+00:00,1,1,0.15,0.15,0.15,19.0,0.0,0
Philadelphia,Point Gage,Summer,2023,394,2023-08-07 04:00:00+00:00,2023-08-07 08:00:00+00:00,5,5,0.47000000000000003,0.094,0.21,196.0,1.0,0
Philadelphia,Point Gage,Summer,2023,395,2023-08-10 17:00:00+00:00,2023-08-10 22:00:00+00:00,6,4,1.05,0.17500000000000002,0.55,80.0,1.0,2
Philadelphia,Point Gage,Summer,2023,396,2023-08-15 23:00:00+00:00,2023-08-16 09:00:00+00:00,11,3,0.29000000000000004,0.026363636363636367,0.2,16.0,0.0,8
Philadelphia,Point Gage,Summer,2023,397,2023-08-30 12:00:00+00:00,2023-08-30 13:00:00+00:00,2,2,0.11,0.055,0.1,119.0,0.0,0
Philadelphia,Point Gage,Fall,2023,398,2023-09-10 11:00:00+00:00,2023-09-11 08:00:00+00:00,22,15,2.3599999999999994,0.10727272727272724,1.08,14.0,11.0,5
Philadelphia,Point Gage,Fall,2023,399,2023-09-13 07:00:00+00:00,2023-09-13 07:00:00+00:00,1,1,0.18,0.18,0.18,46.0,0.0,0
Philadelphia,Point Gage,Fall,2023,400,2023-09-17 21:00:00+00:00,2023-09-18 15:00:00+00:00,19,15,1.07,0.056315789473684215,0.22,109.0,0.0,2
Philadelphia,Point Gage,Fall,2023,401,2023-09-23 08:00:00+00:00,2023-09-25 17:00:00+00:00,58,39,1.63,0.028103448275862065,0.16,112.0,5.0,6
Philadelphia,Point Gage,Fall,2023,402,2023-09-29 01:00:00+00:00,2023-09-29 10:00:00+00:00,10,9,0.9199999999999999,0.092,0.61,79.0,7.0,1
Philadelphia,Point Gage,Fall,2024,403,2023-10-14 13:00:00+00:00,2023-10-15 05:00:00+00:00,17,14,0.5,0.029411764705882353,0.09,107.0,4.0,2
Philadelphia,Point Gage,Fall,2024,404,2023-10-20 09:00:00+00:00,2023-10-20 10:00:00+00:00,2,2,0.15000000000000002,0.07500000000000001,0.14,123.0,0.0,0
Philadelphia,Point Gage,Fall,2024,405,2023-11-01 00:00:00+00:00,2023-11-01 05:00:00+00:00,6,6,0.11,0.018333333333333333,0.03,24.0,3.0,0
Philadelphia,Point Gage,Fall,2024,406,2023-11-21 18:00:00+00:00,2023-11-22 09:00:00+00:00,16,16,1.9200000000000002,0.12000000000000001,0.65,83.0,12.0,0
Philadelphia,Point Gage,Fall,2024,407,2023-11-26 19:00:00+00:00,2023-11-27 04:00:00+00:00,10,10,0.8799999999999999,0.088,0.42,105.0,7.0,0
Philadelphia,Point Gage,Winter,2024,408,2023-12-01 20:00:00+00:00,2023-12-02 00:00:00+00:00,5,5,0.38,0.076,0.13,111.0,3.0,0
Philadelphia,Point Gage,Winter,2024,409,2023-12-03 05:00:00+00:00,2023-12-03 17:00:00+00:00,13,13,0.6400000000000001,0.04923076923076924,0.12,28.0,6.0,0
Philadelphia,Point Gage,Winter,2024,410,2023-12-10 15:00:00+00:00,2023-12-11 12:00:00+00:00,22,20,1.8300000000000003,0.08318181818181819,0.44,69.0,9.0,1
Philadelphia,Point Gage,Winter,2024,411,2023-12-17 20:00:00+00:00,2023-12-18 17:00:00+00:00,22,19,2.8099999999999996,0.12772727272727272,0.7,151.0,11.0,2
Philadelphia,Point Gage,Winter,2024,412,2023-12-27 10:00:00+00:00,2023-12-28 08:00:00+00:00,23,15,1.31,0.05695652173913044,0.36,68.0,18.0,3
Philadelphia,Point Gage,Winter,2024,413,2024-01-06 18:00:00+00:00,2024-01-07 15:00:00+00:00,22,15,0.8300000000000001,0.03772727272727273,0.16,212.0,8.0,3
Philadelphia,Point Gage,Winter,2024,414,2024-01-09 15:00:00+00:00,2024-01-10 06:00:00+00:00,16,16,2.3499999999999996,0.14687499999999998,0.36,47.0,12.0,0
Philadelphia,Point Gage,Winter,2024,415,2024-01-13 02:00:00+00:00,2024-01-13 16:00:00+00:00,15,8,0.79,0.05266666666666667,0.3,67.0,3.0,4
Philadelphia,Point Gage,Winter,2024,416,2024-01-16 00:00:00+00:00,2024-01-16 18:00:00+00:00,19,19,0.4,0.021052631578947368,0.04,55.0,2.0,0
Philadelphia,Point Gage,Winter,2024,417,2024-01-19 12:00:00+00:00,2024-01-19 21:00:00+00:00,10,10,0.22000000000000003,0.022000000000000002,0.04,65.0,1.0,0
Philadelphia,Point Gage,Winter,2024,418,2024-01-25 08:00:00+00:00,2024-01-25 17:00:00+00:00,10,7,0.16000000000000003,0.016000000000000004,0.05,130.0,2.0,2
Philadelphia,Point Gage,Winter,2024,419,2024-01-26 04:00:00+00:00,2024-01-26 12:00:00+00:00,9,8,0.24,0.026666666666666665,0.1,10.0,1.0,1
Philadelphia,Point Gage,Winter,2024,420,2024-01-28 06:00:00+00:00,2024-01-28 20:00:00+00:00,15,13,0.7600000000000001,0.05066666666666667,0.26,41.0,6.0,1
Philadelphia,Point Gage,Winter,2024,421,2024-02-02 07:00:00+00:00,2024-02-02 15:00:00+00:00,9,7,0.12,0.013333333333333332,0.03,94.0,1.0,2
Philadelphia,Point Gage,Winter,2024,422,2024-02-13 02:00:00+00:00,2024-02-13 16:00:00+00:00,15,13,0.6900000000000002,0.04600000000000001,0.14,250.0,10.0,2
Philadelphia,Point Gage,Winter,2024,423,2024-02-17 06:00:00+00:00,2024-02-17 09:00:00+00:00,4,4,0.22999999999999998,0.057499999999999996,0.08,85.0,2.0,0
Philadelphia,Point Gage,Winter,2024,424,2024-02-22 23:00:00+00:00,2024-02-23 04:00:00+00:00,6,6,0.12,0.02,0.03,133.0,1.0,0
Philadelphia,Point Gage,Winter,2024,425,2024-02-27 21:00:00+00:00,2024-02-27 23:00:00+00:00,3,3,0.11,0.03666666666666667,0.08,80.0,1.0,0
Philadelphia,Point Gage,Winter,2024,426,2024-02-28 11:00:00+00:00,2024-02-29 02:00:00+00:00,16,4,0.13,0.008125,0.05,11.0,15.0,6
Philadelphia,Point Gage,Spring,2024,427,2024-03-02 05:00:00+00:00,2024-03-02 20:00:00+00:00,16,15,1.34,0.08375,0.21,50.0,12.0,1
Philadelphia,Point Gage,Spring,2024,428,2024-03-05 07:00:00+00:00,2024-03-05 19:00:00+00:00,13,8,0.22,0.016923076923076923,0.09,58.0,3.0,4
Philadelphia,Point Gage,Spring,2024,429,2024-03-06 17:00:00+00:00,2024-03-07 09:00:00+00:00,17,10,1.09,0.06411764705882353,0.34,21.0,5.0,5
Philadelphia,Point Gage,Spring,2024,430,2024-03-09 17:00:00+00:00,2024-03-10 03:00:00+00:00,11,11,1.27,0.11545454545454546,0.4,55.0,8.0,0
Philadelphia,Point Gage,Spring,2024,431,2024-03-23 06:00:00+00:00,2024-03-23 19:00:00+00:00,14,14,3.0900000000000003,0.22071428571428572,0.54,295.0,11.0,0
Philadelphia,Point Gage,Spring,2024,432,2024-03-27 19:00:00+00:00,2024-03-28 08:00:00+00:00,14,11,0.3400000000000001,0.024285714285714292,0.05,95.0,0.0,1
Philadelphia,Point Gage,Spring,2024,433,2024-04-01 11:00:00+00:00,2024-04-01 19:00:00+00:00,9,8,0.30000000000000004,0.03333333333333334,0.07,33.0,1.0,1
Philadelphia,Point Gage,Spring,2024,434,2024-04-02 08:00:00+00:00,2024-04-04 07:00:00+00:00,48,34,2.51,0.05229166666666666,0.26,12.0,10.0,4
Philadelphia,Point Gage,Spring,2024,435,2024-04-11 20:00:00+00:00,2024-04-12 16:00:00+00:00,21,11,0.78,0.037142857142857144,0.35,166.0,11.0,5
Philadelphia,Point Gage,Spring,2024,436,2024-04-20 09:00:00+00:00,2024-04-20 10:00:00+00:00,2,2,0.11000000000000001,0.05500000000000001,0.07,55.0,1.0,0
Philadelphia,Point Gage,Spring,2024,437,2024-05-04 16:00:00+00:00,2024-05-05 19:00:00+00:00,28,13,0.25000000000000006,0.00892857142857143,0.05,83.0,3.0,8
Philadelphia,Point Gage,Spring,2024,438,2024-05-10 01:00:00+00:00,2024-05-10 21:00:00+00:00,21,10,0.28,0.013333333333333334,0.06,37.0,5.0,3
Philadelphia,Point Gage,Spring,2024,439,2024-05-12 08:00:00+00:00,2024-05-12 14:00:00+00:00,7,4,0.12,0.017142857142857144,0.07,34.0,0.0,3
Philadelphia,Point Gage,Spring,2024,440,2024-05-15 00:00:00+00:00,2024-05-15 23:00:00+00:00,24,13,0.31000000000000005,0.012916666666666668,0.07,57.0,23.0,8
Philadelphia,Point Gage,Spring,2024,441,2024-05-18 17:00:00+00:00,2024-05-19 01:00:00+00:00,9,7,0.15000000000000002,0.01666666666666667,0.05,65.0,2.0,2
Philadelphia,Point Gage,Spring,2024,442,2024-05-23 10:00:00+00:00,2024-05-23 12:00:00+00:00,3,2,0.22,0.07333333333333333,0.18,104.0,0.0,1
Philadelphia,Point Gage,Spring,2024,443,2024-05-26 21:00:00+00:00,2024-05-26 21:00:00+00:00,1,1,0.24,0.24,0.24,80.0,0.0,0
Philadelphia,Point Gage,Spring,2024,444,2024-05-27 16:00:00+00:00,2024-05-27 18:00:00+00:00,3,3,0.33,0.11,0.21,18.0,1.0,0
Philadelphia,Point Gage,Summer,2024,445,2024-06-06 02:00:00+00:00,2024-06-06 05:00:00+00:00,4,4,0.52,0.13,0.29,167.0,1.0,0
Philadelphia,Point Gage,Summer,2024,446,2024-06-14 21:00:00+00:00,2024-06-14 22:00:00+00:00,2,2,0.46,0.23,0.33,125.0,1.0,0
Philadelphia,Point Gage,Summer,2024,447,2024-06-27 02:00:00+00:00,2024-06-27 07:00:00+00:00,6,6,0.7,0.11666666666666665,0.51,102.0,2.0,0
Philadelphia,Point Gage,Summer,2024,448,2024-06-30 03:00:00+00:00,2024-06-30 22:00:00+00:00,20,8,0.62,0.031,0.21,67.0,18.0,7
Philadelphia,Point Gage,Summer,2024,449,2024-07-07 08:00:00+00:00,2024-07-07 09:00:00+00:00,2,2,0.22,0.11,0.16,153.0,1.0,0
Philadelphia,Point Gage,Summer,2024,450,2024-07-11 05:00:00+00:00,2024-07-11 07:00:00+00:00,3,3,0.46,0.15333333333333335,0.2,91.0,1.0,0
Philadelphia,Point Gage,Summer,2024,451,2024-07-14 19:00:00+00:00,2024-07-14 20:00:00+00:00,2,2,0.32,0.16,0.3,29.0,1.0,0
Philadelphia,Point Gage,Summer,2024,452,2024-07-17 00:00:00+00:00,2024-07-17 01:00:00+00:00,2,2,0.45,0.225,0.44,51.0,1.0,0
Philadelphia,Point Gage,Summer,2024,453,2024-07-17 20:00:00+00:00,2024-07-18 01:00:00+00:00,6,3,0.8200000000000001,0.1366666666666667,0.66,18.0,5.0,3
Philadelphia,Point Gage,Summer,2024,454,2024-07-23 00:00:00+00:00,2024-07-23 07:00:00+00:00,8,4,0.25,0.03125,0.18,118.0,7.0,4
Philadelphia,Point Gage,Summer,2024,455,2024-07-24 15:00:00+00:00,2024-07-24 17:00:00+00:00,3,3,0.38,0.12666666666666668,0.24,31.0,2.0,0
Philadelphia,Point Gage,Summer,2024,456,2024-08-02 21:00:00+00:00,2024-08-03 05:00:00+00:00,9,5,0.5700000000000001,0.06333333333333334,0.34,219.0,1.0,4
Philadelphia,Point Gage,Summer,2024,457,2024-08-03 22:00:00+00:00,2024-08-04 02:00:00+00:00,5,5,0.43000000000000005,0.08600000000000001,0.27,16.0,1.0,0
Philadelphia,Point Gage,Summer,2024,458,2024-08-04 18:00:00+00:00,2024-08-04 20:00:00+00:00,3,2,0.11,0.03666666666666667,0.08,15.0,0.0,1
Philadelphia,Point Gage,Summer,2024,459,2024-08-06 23:00:00+00:00,2024-08-07 06:00:00+00:00,8,8,2.18,0.2725,1.01,50.0,3.0,0
Philadelphia,Point Gage,Summer,2024,460,2024-08-08 01:00:00+00:00,2024-08-09 08:00:00+00:00,32,17,1.22,0.038125,0.35,18.0,22.0,4
Philadelphia,Point Gage,Summer,2024,461,2024-08-09 20:00:00+00:00,2024-08-10 02:00:00+00:00,7,6,0.6200000000000001,0.08857142857142859,0.28,11.0,0.0,1
Philadelphia,Point Gage,Summer,2024,462,2024-08-18 05:00:00+00:00,2024-08-18 21:00:00+00:00,17,5,0.6900000000000002,0.040588235294117654,0.56,13.0,1.0,9
Philadelphia,Point Gage,Summer,2024,463,2024-08-30 06:00:00+00:00,2024-08-30 08:00:00+00:00,3,2,0.42000000000000004,0.14,0.39,272.0,0.0,1
Philadelphia,Point Gage,Fall,2024,464,2024-09-07 18:00:00+00:00,2024-09-07 19:00:00+00:00,2,2,0.12,0.06,0.08,133.0,1.0,0
Philadelphia,Point Gage,Fall,2024,465,2024-09-27 12:00:00+00:00,2024-09-28 16:00:00+00:00,29,10,0.21000000000000002,0.007241379310344828,0.04,39.0,19.0,7
Philadelphia,Point Gage,Fall,2025,466,2024-11-10 20:00:00+00:00,2024-11-11 08:00:00+00:00,13,8,0.27,0.02076923076923077,0.07,357.0,11.0,4
Philadelphia,Point Gage,Fall,2025,467,2024-11-21 04:00:00+00:00,2024-11-23 04:00:00+00:00,49,20,0.8799999999999999,0.017959183673469385,0.27,22.0,1.0,9
Philadelphia,Point Gage,Fall,2025,468,2024-11-26 12:00:00+00:00,2024-11-26 14:00:00+00:00,3,3,0.17,0.05666666666666667,0.1,79.0,1.0,0
Philadelphia,Point Gage,Fall,2025,469,2024-11-28 09:00:00+00:00,2024-11-28 16:00:00+00:00,8,8,0.7100000000000001,0.08875000000000001,0.16,42.0,2.0,0
Philadelphia,Point Gage,Winter,2025,470,2024-12-11 01:00:00+00:00,2024-12-12 01:00:00+00:00,25,17,0.8200000000000001,0.0328,0.16,28.0,21.0,3
Philadelphia,Point Gage,Winter,2025,471,2024-12-16 03:00:00+00:00,2024-12-16 15:00:00+00:00,13,13,0.75,0.057692307692307696,0.14,97.0,6.0,0
Philadelphia,Point Gage,Winter,2025,472,2024-12-17 02:00:00+00:00,2024-12-17 06:00:00+00:00,5,4,0.1,0.02,0.04,10.0,1.0,1
Philadelphia,Point Gage,Winter,2025,473,2024-12-18 23:00:00+00:00,2024-12-19 05:00:00+00:00,7,5,0.14,0.02,0.05,40.0,4.0,2
Philadelphia,Point Gage,Winter,2025,474,2024-12-20 21:00:00+00:00,2024-12-21 06:00:00+00:00,10,9,0.17,0.017,0.04,39.0,4.0,1
Philadelphia,Point Gage,Winter,2025,475,2024-12-28 05:00:00+00:00,2024-12-29 11:00:00+00:00,31,26,0.6400000000000001,0.020645161290322584,0.06,86.0,2.0,2
Philadelphia,Point Gage,Winter,2025,476,2024-12-30 03:00:00+00:00,2024-12-30 06:00:00+00:00,4,4,0.45,0.1125,0.22,15.0,2.0,0
Philadelphia,Point Gage,Winter,2025,477,2024-12-31 23:00:00+00:00,2025-01-01 02:00:00+00:00,4,3,0.16,0.04,0.07,40.0,0.0,1
Philadelphia,Point Gage,Winter,2025,478,2025-01-06 12:00:00+00:00,2025-01-07 00:00:00+00:00,13,8,0.18000000000000002,0.013846153846153848,0.04,61.0,1.0,5
Philadelphia,Point Gage,Winter,2025,479,2025-01-19 17:00:00+00:00,2025-01-20 00:00:00+00:00,8,8,0.24,0.03,0.07,21.0,4.0,0
Philadelphia,Point Gage,Winter,2025,480,2025-01-31 20:00:00+00:00,2025-02-01 05:00:00+00:00,10,9,0.36000000000000004,0.036000000000000004,0.08,10.0,6.0,1
Philadelphia,Point Gage,Winter,2025,481,2025-02-06 08:00:00+00:00,2025-02-06 17:00:00+00:00,10,8,0.27,0.027000000000000003,0.07,78.0,1.0,2
Philadelphia,Point Gage,Winter,2025,482,2025-02-09 01:00:00+00:00,2025-02-09 05:00:00+00:00,5,5,0.42,0.08399999999999999,0.16,55.0,2.0,0
Philadelphia,Point Gage,Winter,2025,483,2025-02-11 23:00:00+00:00,2025-02-12 06:00:00+00:00,8,8,0.25,0.03125,0.05,65.0,4.0,0
Philadelphia,Point Gage,Winter,2025,484,2025-02-13 00:00:00+00:00,2025-02-13 10:00:00+00:00,11,7,0.13,0.011818181818181818,0.02,17.0,0.0,3
Philadelphia,Point Gage,Winter,2025,485,2025-02-15 19:00:00+00:00,2025-02-16 22:00:00+00:00,28,23,0.79,0.028214285714285716,0.16,56.0,22.0,4
Philadelphia,Point Gage,Spring,2025,486,2025-03-05 19:00:00+00:00,2025-03-06 00:00:00+00:00,6,6,1.4799999999999998,0.24666666666666662,0.71,145.0,2.0,0
Philadelphia,Point Gage,Spring,2025,487,2025-03-17 03:00:00+00:00,2025-03-17 10:00:00+00:00,8,8,1.29,0.16125,0.48,266.0,2.0,0
Philadelphia,Point Gage,Spring,2025,488,2025-03-24 04:00:00+00:00,2025-03-24 20:00:00+00:00,17,11,0.39000000000000007,0.02294117647058824,0.08,75.0,13.0,3
Philadelphia,Point Gage,Spring,2025,489,2025-03-31 11:00:00+00:00,2025-03-31 12:00:00+00:00,2,2,0.23,0.115,0.16,54.0,1.0,0
Philadelphia,Point Gage,Spring,2025,490,2025-04-01 00:00:00+00:00,2025-04-01 07:00:00+00:00,8,4,0.64,0.08,0.32,11.0,1.0,4
Philadelphia,Point Gage,Spring,2025,491,2025-04-03 14:00:00+00:00,2025-04-03 14:00:00+00:00,1,1,0.12,0.12,0.12,13.0,0.0,0
Philadelphia,Point Gage,Spring,2025,492,2025-04-05 11:00:00+00:00,2025-04-05 15:00:00+00:00,5,4,0.1,0.02,0.04,21.0,3.0,1
Philadelphia,Point Gage,Spring,2025,493,2025-04-06 18:00:00+00:00,2025-04-07 01:00:00+00:00,8,3,0.11,0.01375,0.07,26.0,1.0,5
Philadelphia,Point Gage,Spring,2025,494,2025-04-11 04:00:00+00:00,2025-04-12 23:00:00+00:00,44,24,0.54,0.012272727272727274,0.05,80.0,24.0,7
Philadelphia,Point Gage,Spring,2025,495,2025-04-26 00:00:00+00:00,2025-04-26 20:00:00+00:00,21,9,0.8400000000000001,0.04,0.34,93.0,19.0,7
Philadelphia,Point Gage,Spring,2025,496,2025-05-04 00:00:00+00:00,2025-05-04 01:00:00+00:00,2,2,0.38,0.19,0.37,171.0,0.0,0
Philadelphia,Point Gage,Spring,2025,497,2025-05-05 16:00:00+00:00,2025-05-05 19:00:00+00:00,4,3,0.12,0.03,0.09,18.0,0.0,1
Philadelphia,Point Gage,Spring,2025,498,2025-05-09 05:00:00+00:00,2025-05-09 21:00:00+00:00,17,9,0.24000000000000002,0.01411764705882353,0.07,81.0,12.0,4
Philadelphia,Point Gage,Spring,2025,499,2025-05-13 08:00:00+00:00,2025-05-14 18:00:00+00:00,35,21,0.8500000000000001,0.02428571428571429,0.17,82.0,8.0,4
Philadelphia,Point Gage,Spring,2025,500,2025-05-16 15:00:00+00:00,2025-05-16 17:00:00+00:00,3,3,0.28,0.09333333333333334,0.19,26.0,1.0,0
Philadelphia,Point Gage,Spring,2025,501,2025-05-21 13:00:00+00:00,2025-05-22 05:00:00+00:00,17,10,0.22000000000000003,0.012941176470588237,0.04,95.0,2.0,5
Philadelphia,Point Gage,Spring,2025,502,2025-05-22 16:00:00+00:00,2025-05-23 05:00:00+00:00,14,9,0.17000000000000004,0.012142857142857146,0.03,10.0,1.0,4
Philadelphia,Point Gage,Spring,2025,503,2025-05-23 20:00:00+00:00,2025-05-23 21:00:00+00:00,2,2,0.33,0.165,0.32,14.0,0.0,0
Philadelphia,Point Gage,Spring,2025,504,2025-05-24 18:00:00+00:00,2025-05-24 18:00:00+00:00,1,1,0.18,0.18,0.18,20.0,0.0,0
Philadelphia,Point Gage,Spring,2025,505,2025-05-28 06:00:00+00:00,2025-05-29 04:00:00+00:00,23,13,0.27,0.01173913043478261,0.04,83.0,9.0,6
Philadelphia,Point Gage,Spring,2025,506,2025-05-31 00:00:00+00:00,2025-05-31 22:00:00+00:00,23,12,0.98,0.042608695652173914,0.45,43.0,20.0,6
Philadelphia,Point Gage,Summer,2025,507,2025-06-07 13:00:00+00:00,2025-06-07 17:00:00+00:00,5,5,0.13,0.026000000000000002,0.04,158.0,2.0,0
Philadelphia,Point Gage,Summer,2025,508,2025-06-14 08:00:00+00:00,2025-06-15 11:00:00+00:00,28,10,0.24000000000000005,0.008571428571428574,0.08,88.0,24.0,9
Philadelphia,Point Gage,Summer,2025,509,2025-06-19 19:00:00+00:00,2025-06-19 20:00:00+00:00,2,2,0.11000000000000001,0.05500000000000001,0.07,21.0,0.0,0
Philadelphia,Point Gage,Summer,2025,510,2025-06-22 14:00:00+00:00,2025-06-22 16:00:00+00:00,3,3,0.18000000000000002,0.060000000000000005,0.14,65.0,1.0,0
Philadelphia,Point Gage,Summer,2025,511,2025-06-30 19:00:00+00:00,2025-07-01 06:00:00+00:00,12,5,0.9500000000000001,0.07916666666666668,0.76,59.0,0.0,6
Philadelphia,Point Gage,Summer,2025,512,2025-07-01 18:00:00+00:00,2025-07-02 09:00:00+00:00,16,7,0.81,0.050625,0.66,11.0,1.0,4
Philadelphia,Point Gage,Summer,2025,513,2025-07-07 17:00:00+00:00,2025-07-07 18:00:00+00:00,2,2,0.14,0.07,0.07,127.0,0.0,0
Philadelphia,Point Gage,Summer,2025,514,2025-07-08 20:00:00+00:00,2025-07-08 22:00:00+00:00,3,3,1.01,0.33666666666666667,0.48,25.0,2.0,0
Philadelphia,Point Gage,Summer,2025,515,2025-07-10 00:00:00+00:00,2025-07-10 03:00:00+00:00,4,3,0.5,0.125,0.37,25.0,0.0,1
Philadelphia,Point Gage,Summer,2025,516,2025-07-14 23:00:00+00:00,2025-07-15 00:00:00+00:00,2,2,0.48,0.24,0.42,115.0,0.0,0
Philadelphia,Point Gage,Summer,2025,517,2025-07-17 03:00:00+00:00,2025-07-17 08:00:00+00:00,6,4,0.25,0.041666666666666664,0.14,50.0,1.0,2
Philadelphia,Point Gage,Summer,2025,518,2025-07-19 14:00:00+00:00,2025-07-19 22:00:00+00:00,9,4,0.11,0.012222222222222223,0.04,53.0,0.0,5
Philadelphia,Point Gage,Summer,2025,519,2025-07-25 21:00:00+00:00,2025-07-25 22:00:00+00:00,2,2,0.65,0.325,0.46,142.0,0.0,0
Philadelphia,Point Gage,Summer,2025,520,2025-07-27 06:00:00+00:00,2025-07-27 21:00:00+00:00,16,5,0.5,0.03125,0.37,31.0,14.0,9
Philadelphia,Point Gage,Summer,2025,521,2025-07-31 18:00:00+00:00,2025-07-31 23:00:00+00:00,6,3,0.5800000000000001,0.09666666666666668,0.45,92.0,0.0,3
Philadelphia,Point Gage,Summer,2025,522,2025-08-13 22:00:00+00:00,2025-08-13 23:00:00+00:00,2,2,0.56,0.28,0.55,310.0,0.0,0
Philadelphia,Point Gage,Summer,2025,523,2025-08-18 01:00:00+00:00,2025-08-18 13:00:00+00:00,13,4,0.51,0.03923076923076923,0.38,38.0,1.0,8
Philadelphia,Point Gage,Summer,2025,524,2025-08-20 20:00:00+00:00,2025-08-21 02:00:00+00:00,7,7,0.19000000000000003,0.027142857142857146,0.05,54.0,2.0,0
Philadelphia,Point Gage,Fall,2025,525,2025-09-04 22:00:00+00:00,2025-09-05 03:00:00+00:00,6,4,0.39,0.065,0.17,355.0,1.0,2
Philadelphia,Point Gage,Fall,2025,526,2025-09-06 23:00:00+00:00,2025-09-07 11:00:00+00:00,13,5,0.21,0.016153846153846154,0.14,43.0,0.0,4
Philadelphia,Point Gage,Fall,2025,527,2025-09-17 17:00:00+00:00,2025-09-17 23:00:00+00:00,7,5,0.27,0.038571428571428576,0.14,245.0,4.0,1
Philadelphia,Point Gage,Fall,2025,528,2025-09-24 18:00:00+00:00,2025-09-26 03:00:00+00:00,34,11,0.76,0.02235294117647059,0.23,13.0,29.0,8
Philadelphia,Point Gage,Fall,2025,529,2025-09-27 23:00:00+00:00,2025-09-28 06:00:00+00:00,8,4,0.14,0.0175,0.06,43.0,0.0,3
Atlanta,Stage IV,Fall,2018,1,2017-10-08 04:00:00+00:00,2017-10-08 23:00:00+00:00,20,18,1.1554010994094481,0.057770054970472405,0.2786639102362204,,11.0,1
Atlanta,Stage IV,Fall,2018,2,2017-10-09 13:00:00+00:00,2017-10-10 11:00:00+00:00,23,8,0.14097105393700765,0.006129176258130768,0.0633600246062992,13.0,2.0,8
Atlanta,Stage IV,Fall,2018,3,2017-10-15 20:00:00+00:00,2017-10-16 10:00:00+00:00,15,7,0.3794505590551177,0.025296703937007847,0.1949789433070866,128.0,1.0,8
Atlanta,Stage IV,Fall,2018,4,2017-10-23 06:00:00+00:00,2017-10-23 16:00:00+00:00,11,11,1.5773489425196847,0.14339535841088044,0.6600301342519684,163.0,9.0,0
Atlanta,Stage IV,Fall,2018,5,2017-10-28 18:00:00+00:00,2017-10-29 01:00:00+00:00,8,8,0.6267067561023619,0.07833834451279524,0.202766043503937,121.0,4.0,0
Atlanta,Stage IV,Fall,2018,6,2017-11-04 20:00:00+00:00,2017-11-05 01:00:00+00:00,6,6,0.1725368074803146,0.028756134580052436,0.0986887856299212,23.0,4.0,0
Atlanta,Stage IV,Fall,2018,7,2017-11-08 08:00:00+00:00,2017-11-09 15:00:00+00:00,32,16,0.46880008602362133,0.014650002688238167,0.1102770982283464,34.0,24.0,8
Atlanta,Stage IV,Fall,2018,8,2017-11-19 04:00:00+00:00,2017-11-19 05:00:00+00:00,2,2,0.22547692322834642,0.11273846161417321,0.2072071708661417,152.0,0.0,0
Atlanta,Stage IV,Winter,2018,9,2017-12-05 22:00:00+00:00,2017-12-06 21:00:00+00:00,24,15,0.395590810826771,0.016482950451115457,0.1090298984251968,126.0,2.0,6
Atlanta,Stage IV,Winter,2018,10,2017-12-08 08:00:00+00:00,2017-12-09 14:00:00+00:00,31,26,0.9270079793307073,0.029903483204216364,0.1244994074803149,14.0,10.0,3
Atlanta,Stage IV,Winter,2018,11,2017-12-17 18:00:00+00:00,2017-12-18 02:00:00+00:00,9,7,0.1176212572834642,0.013069028587051577,0.0693862137795275,195.0,2.0,1
Atlanta,Stage IV,Winter,2018,12,2017-12-20 01:00:00+00:00,2017-12-21 09:00:00+00:00,33,16,1.5015375246062987,0.04550113710928178,0.7194920190944882,46.0,15.0,5
Atlanta,Stage IV,Winter,2018,13,2017-12-23 19:00:00+00:00,2017-12-23 21:00:00+00:00,3,3,0.13958603838582662,0.0465286794619422,0.0863723326771653,17.0,1.0,0
Atlanta,Stage IV,Winter,2018,14,2017-12-27 07:00:00+00:00,2017-12-27 13:00:00+00:00,7,6,0.112919076181102,0.016131296597300285,0.0412954070866141,81.0,4.0,1
Atlanta,Stage IV,Winter,2018,15,2018-01-08 17:00:00+00:00,2018-01-09 01:00:00+00:00,9,7,0.143754534645669,0.015972726071741,0.0497453161417322,291.0,6.0,1
Atlanta,Stage IV,Winter,2018,16,2018-01-11 08:00:00+00:00,2018-01-12 21:00:00+00:00,38,22,0.6352536881889754,0.01671720232076251,0.2024870521653543,41.0,30.0,5
Atlanta,Stage IV,Winter,2018,17,2018-01-17 03:00:00+00:00,2018-01-17 11:00:00+00:00,9,7,0.1899460381889761,0.021105115354330677,0.0379776393700787,101.0,8.0,2
Atlanta,Stage IV,Winter,2018,18,2018-01-22 23:00:00+00:00,2018-01-23 04:00:00+00:00,6,6,0.47232264311023603,0.07872044051837267,0.1957747344488189,131.0,3.0,0
Atlanta,Stage IV,Winter,2018,19,2018-01-27 20:00:00+00:00,2018-01-29 00:00:00+00:00,29,25,1.3682298344488177,0.04718033911892475,0.20828966003937,111.0,22.0,1
Atlanta,Stage IV,Winter,2018,20,2018-02-02 05:00:00+00:00,2018-02-02 06:00:00+00:00,2,2,0.10063826889763769,0.050319134448818845,0.0902500614173228,100.0,0.0,0
Atlanta,Stage IV,Winter,2018,21,2018-02-04 08:00:00+00:00,2018-02-04 15:00:00+00:00,8,8,1.5466270498031491,0.19332838122539364,0.3566662289370079,49.0,3.0,0
Atlanta,Stage IV,Winter,2018,22,2018-02-07 09:00:00+00:00,2018-02-07 22:00:00+00:00,14,13,1.1834808118110234,0.08453434370078738,0.4132153673228346,65.0,5.0,1
Atlanta,Stage IV,Winter,2018,23,2018-02-10 03:00:00+00:00,2018-02-12 13:00:00+00:00,59,32,1.3803798706692898,0.02339626899439474,0.1600849312992126,52.0,27.0,6
Atlanta,Stage IV,Winter,2018,24,2018-02-25 14:00:00+00:00,2018-02-26 15:00:00+00:00,26,23,0.9636967043307081,0.037065257858873386,0.2995821635826772,90.0,1.0,2
Atlanta,Stage IV,Winter,2018,25,2018-02-28 12:00:00+00:00,2018-03-02 00:00:00+00:00,37,17,0.522515444488188,0.014122039040221296,0.1037396598425196,44.0,29.0,10
Atlanta,Stage IV,Spring,2018,26,2018-03-06 09:00:00+00:00,2018-03-06 20:00:00+00:00,12,12,0.6211143952755899,0.05175953293963249,0.1548474033464567,104.0,9.0,0
Atlanta,Stage IV,Spring,2018,27,2018-03-11 07:00:00+00:00,2018-03-12 11:00:00+00:00,29,19,1.0553860011811016,0.03639262073038281,0.2481797311023622,106.0,24.0,4
Atlanta,Stage IV,Spring,2018,28,2018-03-17 09:00:00+00:00,2018-03-17 17:00:00+00:00,9,5,0.1143977826771652,0.012710864741907245,0.051771962007874,117.0,8.0,4
Atlanta,Stage IV,Spring,2018,29,2018-03-19 04:00:00+00:00,2018-03-19 11:00:00+00:00,8,8,0.1360396062992121,0.017004950787401513,0.0346281501968503,34.0,2.0,0
Atlanta,Stage IV,Spring,2018,30,2018-03-20 03:00:00+00:00,2018-03-20 09:00:00+00:00,7,5,0.897817604133858,0.12825965773340828,0.8244522604330707,15.0,1.0,2
Atlanta,Stage IV,Spring,2018,31,2018-03-25 05:00:00+00:00,2018-03-25 15:00:00+00:00,11,9,0.7810127773622041,0.0710011615783822,0.2591919722440944,101.0,1.0,2
Atlanta,Stage IV,Spring,2018,32,2018-03-30 00:00:00+00:00,2018-03-30 05:00:00+00:00,6,6,0.806634344094488,0.13443905734908132,0.5689335407480315,69.0,1.0,0
Atlanta,Stage IV,Spring,2018,33,2018-04-04 07:00:00+00:00,2018-04-04 10:00:00+00:00,4,4,0.1365966218503935,0.03414915546259838,0.0519372492125984,121.0,2.0,0
Atlanta,Stage IV,Spring,2018,34,2018-04-06 22:00:00+00:00,2018-04-08 03:00:00+00:00,30,14,0.10933645039370019,0.003644548346456673,0.0242737561023622,59.0,15.0,8
Atlanta,Stage IV,Spring,2018,35,2018-04-15 09:00:00+00:00,2018-04-16 06:00:00+00:00,22,13,0.9913801777559051,0.04506273535254114,0.2584323216535433,137.0,9.0,8
Atlanta,Stage IV,Spring,2018,36,2018-04-22 11:00:00+00:00,2018-04-24 23:00:00+00:00,61,38,2.874186317519684,0.04711780848392924,0.4607942029527559,148.0,41.0,5
Atlanta,Stage IV,Spring,2018,37,2018-04-26 17:00:00+00:00,2018-04-26 20:00:00+00:00,4,4,0.21158731200787378,0.052896828001968446,0.1063646911417322,41.0,1.0,0
Atlanta,Stage IV,Spring,2018,38,2018-05-08 20:00:00+00:00,2018-05-08 23:00:00+00:00,4,4,0.2268678771653541,0.05671696929133852,0.1775526618110235,67.0,0.0,0
Atlanta,Stage IV,Spring,2018,39,2018-05-10 19:00:00+00:00,2018-05-11 02:00:00+00:00,8,5,0.10374406259842497,0.012968007824803122,0.0695214911417322,43.0,6.0,3
Atlanta,Stage IV,Spring,2018,40,2018-05-15 17:00:00+00:00,2018-05-16 19:00:00+00:00,27,16,1.285441105905511,0.047608929848352265,0.250305837007874,110.0,20.0,7
Atlanta,Stage IV,Spring,2018,41,2018-05-20 21:00:00+00:00,2018-05-21 01:00:00+00:00,5,5,0.2580055568897636,0.05160111137795272,0.1829199862204724,19.0,1.0,0
Atlanta,Stage IV,Spring,2018,42,2018-05-22 16:00:00+00:00,2018-05-24 13:00:00+00:00,46,37,1.3167031999999983,0.028623982608695614,0.2264711746062992,38.0,10.0,1
Atlanta,Stage IV,Spring,2018,43,2018-05-28 03:00:00+00:00,2018-05-30 19:00:00+00:00,65,42,1.6298472082677147,0.025074572434887917,0.2786109507874016,27.0,55.0,6
Atlanta,Stage IV,Summer,2018,44,2018-06-01 07:00:00+00:00,2018-06-02 12:00:00+00:00,30,12,0.6014111129921254,0.02004703709973751,0.2421357671259842,35.0,14.0,10
Atlanta,Stage IV,Summer,2018,45,2018-06-08 19:00:00+00:00,2018-06-08 22:00:00+00:00,4,4,0.4870096346456693,0.12175240866141733,0.3434676114173229,115.0,1.0,0
Atlanta,Stage IV,Summer,2018,46,2018-06-11 20:00:00+00:00,2018-06-12 02:00:00+00:00,7,7,1.1483994372047241,0.16405706245781773,0.5006359433070866,23.0,2.0,0
Atlanta,Stage IV,Summer,2018,47,2018-06-13 18:00:00+00:00,2018-06-14 14:00:00+00:00,21,8,0.2907837559055114,0.013846845519310067,0.0978136698818897,22.0,10.0,6
Atlanta,Stage IV,Summer,2018,48,2018-06-15 22:00:00+00:00,2018-06-16 01:00:00+00:00,4,3,0.13422558503937,0.0335563962598425,0.1076878334645669,31.0,3.0,1
Atlanta,Stage IV,Summer,2018,49,2018-06-18 21:00:00+00:00,2018-06-18 22:00:00+00:00,2,2,0.11102936102362189,0.055514680511810945,0.0828021889763779,40.0,1.0,0
Atlanta,Stage IV,Summer,2018,50,2018-06-22 22:00:00+00:00,2018-06-23 05:00:00+00:00,8,6,0.8638469665354328,0.1079808708169291,0.4032779409448818,24.0,1.0,2
Atlanta,Stage IV,Summer,2018,51,2018-06-25 18:00:00+00:00,2018-06-26 01:00:00+00:00,8,6,1.0616101864173226,0.13270127330216533,0.7528086287401575,17.0,4.0,2
Atlanta,Stage IV,Summer,2018,52,2018-06-27 05:00:00+00:00,2018-06-27 05:00:00+00:00,1,1,0.2409195771653543,0.2409195771653543,0.2409195771653543,27.0,0.0,0
Atlanta,Stage IV,Summer,2018,53,2018-06-27 22:00:00+00:00,2018-06-28 05:00:00+00:00,8,7,0.2928825600393698,0.036610320004921225,0.1027122212598425,16.0,3.0,1
Atlanta,Stage IV,Summer,2018,54,2018-06-28 17:00:00+00:00,2018-06-28 23:00:00+00:00,7,5,0.3366192086614172,0.04808845838020246,0.2106947899606299,11.0,0.0,2
Atlanta,Stage IV,Summer,2018,55,2018-07-01 21:00:00+00:00,2018-07-02 03:00:00+00:00,7,3,0.3187297509842518,0.04553282156917883,0.2703652214566929,21.0,6.0,4
Atlanta,Stage IV,Summer,2018,56,2018-07-04 21:00:00+00:00,2018-07-05 05:00:00+00:00,9,4,0.2306523826771651,0.02562804251968501,0.1968780946850393,14.0,5.0,4
Atlanta,Stage IV,Summer,2018,57,2018-07-06 21:00:00+00:00,2018-07-07 01:00:00+00:00,5,4,1.1174443649606298,0.22348887299212597,0.7935971791338582,19.0,1.0,1
Atlanta,Stage IV,Summer,2018,58,2018-07-07 20:00:00+00:00,2018-07-07 21:00:00+00:00,2,2,0.13633485354330702,0.06816742677165351,0.1335848476377952,18.0,1.0,0
Atlanta,Stage IV,Summer,2018,59,2018-07-12 00:00:00+00:00,2018-07-12 04:00:00+00:00,5,3,0.14538408759842508,0.029076817519685015,0.1406267783464567,98.0,0.0,2
Atlanta,Stage IV,Summer,2018,60,2018-07-16 00:00:00+00:00,2018-07-16 05:00:00+00:00,6,5,0.3435001218503935,0.05725002030839892,0.2175893933070866,23.0,4.0,1
Atlanta,Stage IV,Summer,2018,61,2018-07-16 21:00:00+00:00,2018-07-17 05:00:00+00:00,9,7,0.2518623722440942,0.027984708027121576,0.1038139141732283,15.0,0.0,1
Atlanta,Stage IV,Summer,2018,62,2018-07-21 11:00:00+00:00,2018-07-22 00:00:00+00:00,14,4,0.8826620883858267,0.06304729202755906,0.6723720976377954,26.0,0.0,10
Atlanta,Stage IV,Summer,2018,63,2018-07-23 01:00:00+00:00,2018-07-23 11:00:00+00:00,11,3,0.10379212539370071,0.009435647763063701,0.0531382818897637,24.0,0.0,8
Atlanta,Stage IV,Summer,2018,64,2018-07-24 00:00:00+00:00,2018-07-24 06:00:00+00:00,7,7,0.9673979633858265,0.13819970905511808,0.4252946633858268,12.0,4.0,0
Atlanta,Stage IV,Summer,2018,65,2018-07-31 18:00:00+00:00,2018-08-03 09:00:00+00:00,64,44,3.9884188795275577,0.06231904499261809,0.4568827224409448,18.0,2.0,9
Atlanta,Stage IV,Summer,2018,66,2018-08-07 17:00:00+00:00,2018-08-08 00:00:00+00:00,8,7,1.119672295669291,0.13995903695866138,0.8665545781496063,41.0,5.0,1
Atlanta,Stage IV,Summer,2018,67,2018-08-09 00:00:00+00:00,2018-08-09 04:00:00+00:00,5,5,0.1858471501968501,0.037169430039370024,0.0977391393700787,23.0,3.0,0
Atlanta,Stage IV,Summer,2018,68,2018-08-09 18:00:00+00:00,2018-08-09 23:00:00+00:00,6,5,0.4032228326771651,0.06720380544619418,0.1125705742125984,13.0,4.0,1
Atlanta,Stage IV,Summer,2018,69,2018-08-17 19:00:00+00:00,2018-08-18 04:00:00+00:00,10,4,0.1009056704724407,0.01009056704724407,0.0379517633858267,19.0,8.0,6
Atlanta,Stage IV,Summer,2018,70,2018-08-18 20:00:00+00:00,2018-08-19 01:00:00+00:00,6,6,0.44993166200787393,0.07498861033464566,0.1887872862204724,15.0,1.0,0
Atlanta,Stage IV,Summer,2018,71,2018-08-20 21:00:00+00:00,2018-08-21 00:00:00+00:00,4,4,0.22429007421259833,0.05607251855314958,0.115616425,20.0,1.0,0
Atlanta,Stage IV,Summer,2018,72,2018-08-21 19:00:00+00:00,2018-08-22 01:00:00+00:00,7,4,0.3608292242125982,0.05154703203037118,0.2959201572834645,18.0,6.0,3
Atlanta,Stage IV,Summer,2018,73,2018-08-29 16:00:00+00:00,2018-08-30 03:00:00+00:00,12,7,0.2978971338582675,0.024824761154855626,0.0879795019685039,23.0,8.0,4
Atlanta,Stage IV,Fall,2018,74,2018-09-09 17:00:00+00:00,2018-09-09 21:00:00+00:00,5,4,0.14236163661417311,0.028472327322834622,0.0582190830708661,34.0,3.0,1
Atlanta,Stage IV,Fall,2018,75,2018-09-10 17:00:00+00:00,2018-09-11 21:00:00+00:00,29,8,0.13452331358267677,0.004638734951126785,0.0734172163385826,19.0,1.0,8
Atlanta,Stage IV,Fall,2018,76,2018-09-25 06:00:00+00:00,2018-09-26 05:00:00+00:00,24,6,0.12787229468503908,0.005328012278543295,0.10846211003937,17.0,23.0,5
Atlanta,Stage IV,Fall,2018,77,2018-09-26 18:00:00+00:00,2018-09-27 03:00:00+00:00,10,7,0.6974960039370076,0.06974960039370076,0.5719959842519685,12.0,3.0,2
Atlanta,Stage IV,Fall,2018,78,2018-09-27 20:00:00+00:00,2018-09-29 02:00:00+00:00,31,11,0.6186407129921255,0.01995615203200405,0.3208056828740158,16.0,0.0,7
Atlanta,Stage IV,Fall,2019,79,2018-10-10 07:00:00+00:00,2018-10-11 10:00:00+00:00,28,20,3.7888780253937004,0.1353170723354893,1.01141319488189,11.0,22.0,8
Atlanta,Stage IV,Fall,2019,80,2018-10-26 00:00:00+00:00,2018-10-26 18:00:00+00:00,19,18,0.9662763927165348,0.050856652248238675,0.1474896696850393,124.0,13.0,1
Atlanta,Stage IV,Fall,2019,81,2018-11-01 18:00:00+00:00,2018-11-02 14:00:00+00:00,21,12,0.5216803742125976,0.024841922581552267,0.196131718503937,125.0,1.0,7
Atlanta,Stage IV,Fall,2019,82,2018-11-05 06:00:00+00:00,2018-11-05 12:00:00+00:00,7,7,0.1562082927165351,0.022315470388076443,0.0788335494094488,63.0,1.0,0
Atlanta,Stage IV,Fall,2019,83,2018-11-06 05:00:00+00:00,2018-11-06 16:00:00+00:00,12,8,0.30108233956692887,0.02509019496391074,0.143694749015748,16.0,9.0,1
Atlanta,Stage IV,Fall,2019,84,2018-11-07 20:00:00+00:00,2018-11-08 00:00:00+00:00,5,5,0.6076750750000001,0.12153501500000001,0.392312650984252,27.0,2.0,0
Atlanta,Stage IV,Fall,2019,85,2018-11-08 18:00:00+00:00,2018-11-10 00:00:00+00:00,31,20,0.7651817596456683,0.024683282569215106,0.1803450084645669,17.0,13.0,5
Atlanta,Stage IV,Fall,2019,86,2018-11-12 08:00:00+00:00,2018-11-15 12:00:00+00:00,77,68,4.4625667935039335,0.05795541290264849,0.4625491456692913,55.0,9.0,4
Atlanta,Stage IV,Fall,2019,87,2018-11-23 21:00:00+00:00,2018-11-24 15:00:00+00:00,19,11,0.4111373887795271,0.021638809935764586,0.1730326143700787,80.0,11.0,4
Atlanta,Stage IV,Winter,2019,88,2018-12-01 10:00:00+00:00,2018-12-02 13:00:00+00:00,28,23,1.9098279994094478,0.06820814283605171,0.4419983234251969,20.0,5.0,3
Atlanta,Stage IV,Winter,2019,89,2018-12-07 15:00:00+00:00,2018-12-11 04:00:00+00:00,86,60,3.114945075196848,0.03622029157205637,0.3588579624015748,121.0,40.0,7
Atlanta,Stage IV,Winter,2019,90,2018-12-14 08:00:00+00:00,2018-12-15 12:00:00+00:00,29,24,0.8986344584645661,0.030987395119467798,0.2722795730314961,75.0,16.0,2
Atlanta,Stage IV,Winter,2019,91,2018-12-20 06:00:00+00:00,2018-12-21 19:00:00+00:00,38,33,1.661538744881888,0.04372470381268126,0.202409511023622,113.0,25.0,3
Atlanta,Stage IV,Winter,2019,92,2018-12-27 21:00:00+00:00,2018-12-28 17:00:00+00:00,21,20,4.313623563582677,0.2054106458848894,0.5192766901574803,93.0,18.0,1
Atlanta,Stage IV,Winter,2019,93,2018-12-30 04:00:00+00:00,2018-12-31 06:00:00+00:00,27,18,0.3441480704724401,0.012746224832312596,0.0991140881889763,34.0,6.0,5
Atlanta,Stage IV,Winter,2019,94,2019-01-01 03:00:00+00:00,2019-01-01 19:00:00+00:00,17,9,0.3689788427165351,0.021704637806855005,0.2064933021653543,20.0,3.0,7
Atlanta,Stage IV,Winter,2019,95,2019-01-02 19:00:00+00:00,2019-01-04 21:00:00+00:00,51,38,1.8933208669291326,0.03712393856723789,0.2507820090551181,23.0,42.0,6
Atlanta,Stage IV,Winter,2019,96,2019-01-12 22:00:00+00:00,2019-01-13 07:00:00+00:00,10,10,0.578792903149606,0.0578792903149606,0.1254783596456693,103.0,8.0,0
Atlanta,Stage IV,Winter,2019,97,2019-01-17 18:00:00+00:00,2019-01-18 02:00:00+00:00,9,7,0.12046841161417271,0.013385379068241412,0.03762093503937,106.0,4.0,1
Atlanta,Stage IV,Winter,2019,98,2019-01-19 15:00:00+00:00,2019-01-20 04:00:00+00:00,14,11,1.016130626771653,0.07258075905511807,0.3169790561023622,36.0,9.0,1
Atlanta,Stage IV,Winter,2019,99,2019-01-23 23:00:00+00:00,2019-01-24 09:00:00+00:00,11,11,1.9131809944881886,0.17392554495347168,0.7683561383858267,90.0,3.0,0
Atlanta,Stage IV,Winter,2019,100,2019-01-29 14:00:00+00:00,2019-01-29 16:00:00+00:00,3,3,0.13114944724409439,0.04371648241469813,0.0563564309055118,124.0,1.0,0
Atlanta,Stage IV,Winter,2019,101,2019-02-06 10:00:00+00:00,2019-02-06 14:00:00+00:00,5,5,0.13682429429133833,0.027364858858267664,0.0785231826771653,66.0,3.0,0
Atlanta,Stage IV,Winter,2019,102,2019-02-10 14:00:00+00:00,2019-02-11 09:00:00+00:00,20,9,0.1501112407480311,0.007505562037401554,0.0843526368110236,51.0,14.0,10
Atlanta,Stage IV,Winter,2019,103,2019-02-12 01:00:00+00:00,2019-02-13 00:00:00+00:00,24,13,0.8642525816929129,0.0360105242372047,0.6024092919291338,15.0,18.0,6
Atlanta,Stage IV,Winter,2019,104,2019-02-16 01:00:00+00:00,2019-02-16 13:00:00+00:00,13,11,0.3302093348425193,0.025400718064809178,0.0727511318897638,72.0,11.0,1
Atlanta,Stage IV,Winter,2019,105,2019-02-17 12:00:00+00:00,2019-02-18 11:00:00+00:00,24,12,0.1943565612204718,0.008098190050852992,0.05096316003937,22.0,16.0,4
Atlanta,Stage IV,Winter,2019,106,2019-02-19 15:00:00+00:00,2019-02-21 13:00:00+00:00,47,34,2.9095544269685023,0.06190541333975537,0.9007342092519685,27.0,4.0,8
Atlanta,Stage IV,Winter,2019,107,2019-02-22 01:00:00+00:00,2019-02-22 06:00:00+00:00,6,3,0.13935722539370068,0.023226204232283446,0.1093798559055118,11.0,0.0,3
Atlanta,Stage IV,Winter,2019,108,2019-02-24 05:00:00+00:00,2019-02-24 11:00:00+00:00,7,6,0.2669819793307084,0.03814028276152977,0.1187345527559055,46.0,5.0,1
Atlanta,Stage IV,Winter,2019,109,2019-02-28 13:00:00+00:00,2019-02-28 21:00:00+00:00,9,7,0.5305506661417321,0.058950074015748005,0.2821365474409448,21.0,1.0,2
Atlanta,Stage IV,Spring,2019,110,2019-03-03 18:00:00+00:00,2019-03-03 22:00:00+00:00,5,5,1.36169488523622,0.272338977047244,0.725598379527559,68.0,3.0,0
Atlanta,Stage IV,Spring,2019,111,2019-03-15 02:00:00+00:00,2019-03-15 18:00:00+00:00,17,12,0.7102096832677159,0.04177704019221858,0.2326504757874015,76.0,15.0,2
Atlanta,Stage IV,Spring,2019,112,2019-03-25 14:00:00+00:00,2019-03-26 00:00:00+00:00,11,7,0.26293148543307054,0.02390286231209732,0.1710492698818897,235.0,6.0,4
Atlanta,Stage IV,Spring,2019,113,2019-03-26 22:00:00+00:00,2019-03-27 04:00:00+00:00,7,6,0.240329879133858,0.03433283987626543,0.0638440397637795,21.0,5.0,1
Atlanta,Stage IV,Spring,2019,114,2019-04-05 01:00:00+00:00,2019-04-05 11:00:00+00:00,11,10,0.2810858342519681,0.025553257659269826,0.0994353183070866,59.0,9.0,1
Atlanta,Stage IV,Spring,2019,115,2019-04-07 06:00:00+00:00,2019-04-07 10:00:00+00:00,5,5,0.836370571062992,0.16727411421259838,0.4463317722440945,16.0,0.0,0
Atlanta,Stage IV,Spring,2019,116,2019-04-09 12:00:00+00:00,2019-04-10 03:00:00+00:00,16,8,0.5427306519685037,0.03392066574803148,0.2972984246062992,13.0,11.0,7
Atlanta,Stage IV,Spring,2019,117,2019-04-14 08:00:00+00:00,2019-04-15 03:00:00+00:00,20,12,1.1176572931102355,0.055882864655511774,0.2940933498031496,12.0,7.0,3
Atlanta,Stage IV,Spring,2019,118,2019-04-18 19:00:00+00:00,2019-04-21 06:00:00+00:00,60,26,3.3019812698818884,0.05503302116469814,0.7069345161417324,87.0,14.0,10
Atlanta,Stage IV,Spring,2019,119,2019-05-04 19:00:00+00:00,2019-05-06 00:00:00+00:00,30,8,0.21082388149606268,0.007027462716535423,0.0995756787401575,17.0,7.0,7
Atlanta,Stage IV,Spring,2019,120,2019-05-09 22:00:00+00:00,2019-05-10 02:00:00+00:00,5,5,0.49843219251968496,0.09968643850393699,0.3934975017716536,93.0,0.0,0
Atlanta,Stage IV,Spring,2019,121,2019-05-11 04:00:00+00:00,2019-05-11 09:00:00+00:00,6,5,0.1717808031496061,0.02863013385826768,0.1065722145669291,25.0,1.0,1
Atlanta,Stage IV,Spring,2019,122,2019-05-12 00:00:00+00:00,2019-05-13 03:00:00+00:00,28,13,0.9473481187007868,0.03383386138217096,0.3139446281496063,14.0,21.0,4
Atlanta,Stage IV,Summer,2019,123,2019-06-06 08:00:00+00:00,2019-06-08 22:00:00+00:00,63,29,2.849409549999999,0.045228723015873,0.4448521801181102,78.0,53.0,10
Atlanta,Stage IV,Summer,2019,124,2019-06-09 12:00:00+00:00,2019-06-11 01:00:00+00:00,38,17,0.22921260944881827,0.006031910774968902,0.0490196594488189,13.0,29.0,9
Atlanta,Stage IV,Summer,2019,125,2019-06-11 21:00:00+00:00,2019-06-12 15:00:00+00:00,19,13,0.9003862206692907,0.04738874845627846,0.2221340433070866,19.0,7.0,3
Atlanta,Stage IV,Summer,2019,126,2019-06-17 21:00:00+00:00,2019-06-18 04:00:00+00:00,8,5,0.4370269964566928,0.0546283745570866,0.3901795484251969,33.0,4.0,2
Atlanta,Stage IV,Summer,2019,127,2019-06-18 16:00:00+00:00,2019-06-19 03:00:00+00:00,12,10,0.26449807342519643,0.02204150611876637,0.0875219875984252,11.0,1.0,1
Atlanta,Stage IV,Summer,2019,128,2019-06-22 20:00:00+00:00,2019-06-23 01:00:00+00:00,6,4,0.3166028917322834,0.05276714862204723,0.2911056283464567,48.0,5.0,2
Atlanta,Stage IV,Summer,2019,129,2019-06-23 19:00:00+00:00,2019-06-23 21:00:00+00:00,3,3,0.5481915267716535,0.1827305089238845,0.3783368848425197,17.0,1.0,0
Atlanta,Stage IV,Summer,2019,130,2019-06-24 23:00:00+00:00,2019-06-25 02:00:00+00:00,4,4,0.27079381417322823,0.06769845354330706,0.1512228155511811,25.0,1.0,0
Atlanta,Stage IV,Summer,2019,131,2019-07-05 20:00:00+00:00,2019-07-06 04:00:00+00:00,9,7,0.6641316208661414,0.07379240231846015,0.3559978051181103,15.0,6.0,2
Atlanta,Stage IV,Summer,2019,132,2019-07-07 17:00:00+00:00,2019-07-07 22:00:00+00:00,6,6,0.6155289147637792,0.10258815246062987,0.3369182326771653,17.0,1.0,0
Atlanta,Stage IV,Summer,2019,133,2019-07-08 19:00:00+00:00,2019-07-08 20:00:00+00:00,2,2,0.11854895551181091,0.059274477755905455,0.1059999834645669,20.0,1.0,0
Atlanta,Stage IV,Summer,2019,134,2019-07-17 20:00:00+00:00,2019-07-17 21:00:00+00:00,2,2,0.2064167456692913,0.10320837283464565,0.2008881147637795,72.0,0.0,0
Atlanta,Stage IV,Summer,2019,135,2019-07-18 19:00:00+00:00,2019-07-18 22:00:00+00:00,4,3,0.23628707125984239,0.059071767814960596,0.1762895141732283,21.0,0.0,1
Atlanta,Stage IV,Summer,2019,136,2019-07-19 15:00:00+00:00,2019-07-19 21:00:00+00:00,7,5,0.10107595433070841,0.01443942204724406,0.0590950509842519,16.0,4.0,2
Atlanta,Stage IV,Summer,2019,137,2019-07-20 15:00:00+00:00,2019-07-21 03:00:00+00:00,13,9,0.4219367127952753,0.032456670215021174,0.1648421129921259,17.0,8.0,4
Atlanta,Stage IV,Summer,2019,138,2019-07-30 22:00:00+00:00,2019-07-31 03:00:00+00:00,6,4,0.2894811220472439,0.04824685367454065,0.2055652094488189,22.0,1.0,2
Atlanta,Stage IV,Summer,2019,139,2019-08-01 21:00:00+00:00,2019-08-02 07:00:00+00:00,11,9,2.0218100435039363,0.1838009130458124,0.5177684271653543,20.0,7.0,2
Atlanta,Stage IV,Summer,2019,140,2019-08-02 19:00:00+00:00,2019-08-02 23:00:00+00:00,5,4,0.1391245474409446,0.02782490948818892,0.0784026897637795,11.0,2.0,1
Atlanta,Stage IV,Summer,2019,141,2019-08-03 22:00:00+00:00,2019-08-04 14:00:00+00:00,17,7,0.1889679570866139,0.011115762181565524,0.0882280029527559,22.0,0.0,10
Atlanta,Stage IV,Summer,2019,142,2019-08-05 14:00:00+00:00,2019-08-06 03:00:00+00:00,14,6,0.36657085236220444,0.02618363231158603,0.2048993139763779,23.0,11.0,8
Atlanta,Stage IV,Summer,2019,143,2019-08-14 05:00:00+00:00,2019-08-14 07:00:00+00:00,3,3,0.3150194456692912,0.10500648188976373,0.2533894122047244,34.0,0.0,0
Atlanta,Stage IV,Summer,2019,144,2019-08-23 20:00:00+00:00,2019-08-23 23:00:00+00:00,4,4,0.1646565653543306,0.04116414133858265,0.1369189633858268,88.0,1.0,0
Atlanta,Stage IV,Summer,2019,145,2019-08-26 21:00:00+00:00,2019-08-27 20:00:00+00:00,24,13,0.4524407273622041,0.01885169697342517,0.0908917188976378,11.0,8.0,4
Atlanta,Stage IV,Fall,2019,146,2019-09-10 22:00:00+00:00,2019-09-10 22:00:00+00:00,1,1,0.1305171543307086,0.1305171543307086,0.1305171543307086,337.0,0.0,0
Atlanta,Stage IV,Fall,2019,147,2019-09-14 02:00:00+00:00,2019-09-14 05:00:00+00:00,4,4,0.7581494114173226,0.18953735285433065,0.4383965834645669,75.0,2.0,0
Atlanta,Stage IV,Fall,2020,148,2019-10-13 06:00:00+00:00,2019-10-14 04:00:00+00:00,23,14,0.30132914547244016,0.01310126719445392,0.0848402942913385,109.0,8.0,6
Atlanta,Stage IV,Fall,2020,149,2019-10-15 09:00:00+00:00,2019-10-16 12:00:00+00:00,28,16,0.6147659102362195,0.02195592536557927,0.1905785385826771,28.0,24.0,4
Atlanta,Stage IV,Fall,2020,150,2019-10-19 10:00:00+00:00,2019-10-20 04:00:00+00:00,19,16,1.6805136830708656,0.08844808858267714,0.3874612793307087,69.0,9.0,3
Atlanta,Stage IV,Fall,2020,151,2019-10-22 11:00:00+00:00,2019-10-22 13:00:00+00:00,3,3,0.2536433275590551,0.08454777585301837,0.1131366438976378,54.0,0.0,0
Atlanta,Stage IV,Fall,2020,152,2019-10-26 03:00:00+00:00,2019-10-26 06:00:00+00:00,4,4,0.1539788891732282,0.03849472229330705,0.0738150657480315,85.0,2.0,0
Atlanta,Stage IV,Fall,2020,153,2019-10-26 22:00:00+00:00,2019-10-27 07:00:00+00:00,10,6,0.2318937653543305,0.02318937653543305,0.0893563183070866,15.0,7.0,4
Atlanta,Stage IV,Fall,2020,154,2019-10-30 04:00:00+00:00,2019-10-31 20:00:00+00:00,41,27,1.802394411220471,0.04396083929806027,0.4211263133858267,68.0,19.0,4
Atlanta,Stage IV,Fall,2020,155,2019-11-08 00:00:00+00:00,2019-11-08 05:00:00+00:00,6,6,0.6363521009842517,0.10605868349737528,0.3737129098425196,54.0,1.0,0
Atlanta,Stage IV,Fall,2020,156,2019-11-12 04:00:00+00:00,2019-11-12 14:00:00+00:00,11,11,0.392740972834645,0.035703724803149546,0.1033195474409448,94.0,8.0,0
Atlanta,Stage IV,Fall,2020,157,2019-11-15 01:00:00+00:00,2019-11-15 23:00:00+00:00,23,22,0.7937955295275578,0.03451284910989382,0.0935957681102362,58.0,6.0,1
Atlanta,Stage IV,Fall,2020,158,2019-11-23 00:00:00+00:00,2019-11-23 20:00:00+00:00,21,14,0.8637145419291332,0.0411292639013873,0.3270252903543307,154.0,19.0,5
Atlanta,Stage IV,Fall,2020,159,2019-11-27 12:00:00+00:00,2019-11-27 16:00:00+00:00,5,4,0.3227624261811021,0.06455248523622042,0.2141006875984251,87.0,1.0,1
Atlanta,Stage IV,Winter,2020,160,2019-12-10 15:00:00+00:00,2019-12-10 18:00:00+00:00,4,4,0.25928154881889737,0.06482038720472434,0.1702833476377952,23.0,1.0,0
Atlanta,Stage IV,Winter,2020,161,2019-12-12 23:00:00+00:00,2019-12-14 05:00:00+00:00,31,27,1.7990876017716522,0.05803508392811781,0.2905659633858268,39.0,28.0,3
Atlanta,Stage IV,Winter,2020,162,2019-12-16 23:00:00+00:00,2019-12-17 18:00:00+00:00,20,15,0.549191871062991,0.02745959355314955,0.1554231840551181,65.0,9.0,5
Atlanta,Stage IV,Winter,2020,163,2019-12-21 13:00:00+00:00,2019-12-24 03:00:00+00:00,63,50,2.0207782864173205,0.032075845816147946,0.1467735444881889,90.0,39.0,8
Atlanta,Stage IV,Winter,2020,164,2019-12-28 21:00:00+00:00,2019-12-30 08:00:00+00:00,36,18,0.1545468946850384,0.0042929692968066225,0.0415814314960629,113.0,35.0,9
Atlanta,Stage IV,Winter,2020,165,2020-01-02 10:00:00+00:00,2020-01-04 15:00:00+00:00,54,38,2.791299680511809,0.05169073482429276,0.6448585364173228,73.0,28.0,6
Atlanta,Stage IV,Winter,2020,166,2020-01-11 12:00:00+00:00,2020-01-12 06:00:00+00:00,19,11,1.4119392555118107,0.07431259239535845,0.7041954992125986,96.0,11.0,4
Atlanta,Stage IV,Winter,2020,167,2020-01-13 08:00:00+00:00,2020-01-15 02:00:00+00:00,43,29,1.5054805531496054,0.035011175654641985,0.1859656527559055,25.0,21.0,6
Atlanta,Stage IV,Winter,2020,168,2020-01-16 07:00:00+00:00,2020-01-16 10:00:00+00:00,4,4,0.4504008494094487,0.11260021235236217,0.1684126015748031,15.0,3.0,0
Atlanta,Stage IV,Winter,2020,169,2020-01-18 18:00:00+00:00,2020-01-19 11:00:00+00:00,18,10,0.4540646051181099,0.02522581139545055,0.0898553913385827,55.0,8.0,5
Atlanta,Stage IV,Winter,2020,170,2020-01-23 13:00:00+00:00,2020-01-24 18:00:00+00:00,30,24,0.8944670379921249,0.02981556793307083,0.1597547643700787,97.0,23.0,3
Atlanta,Stage IV,Winter,2020,171,2020-02-05 23:00:00+00:00,2020-02-07 14:00:00+00:00,40,32,3.2154174076771636,0.08038543519192909,0.5446044929133859,11.0,14.0,4
Atlanta,Stage IV,Winter,2020,172,2020-02-08 14:00:00+00:00,2020-02-08 17:00:00+00:00,4,4,0.12426063838582656,0.03106515959645664,0.0569346163385826,23.0,2.0,0
Atlanta,Stage IV,Winter,2020,173,2020-02-10 17:00:00+00:00,2020-02-12 02:00:00+00:00,34,27,1.935932174606298,0.05693918160606759,0.4573682657480315,47.0,7.0,3
Atlanta,Stage IV,Winter,2020,174,2020-02-13 12:00:00+00:00,2020-02-13 16:00:00+00:00,5,5,1.0145800249999999,0.20291600499999998,0.4575126251968504,33.0,0.0,0
Atlanta,Stage IV,Winter,2020,175,2020-02-16 09:00:00+00:00,2020-02-16 16:00:00+00:00,8,5,0.106614903149606,0.01332686289370075,0.0695376131889763,64.0,6.0,3
Atlanta,Stage IV,Winter,2020,176,2020-02-18 10:00:00+00:00,2020-02-19 13:00:00+00:00,28,26,1.6693697311023614,0.05962034753937005,0.3298182836614173,41.0,15.0,1
Atlanta,Stage IV,Winter,2020,177,2020-02-20 10:00:00+00:00,2020-02-21 08:00:00+00:00,23,16,1.105932645866141,0.048084028081136564,0.1377074322834645,20.0,7.0,7
Atlanta,Stage IV,Winter,2020,178,2020-02-23 23:00:00+00:00,2020-02-25 12:00:00+00:00,38,24,1.127787519094487,0.029678618923539134,0.1858650181102362,62.0,25.0,10
Atlanta,Stage IV,Spring,2020,179,2020-03-02 16:00:00+00:00,2020-03-03 15:00:00+00:00,24,19,1.0374685814960622,0.04322785756233593,0.0992077330708661,63.0,5.0,5
Atlanta,Stage IV,Spring,2020,180,2020-03-04 05:00:00+00:00,2020-03-05 22:00:00+00:00,42,41,2.4044245049212583,0.0572482024981252,0.1863437088582677,13.0,29.0,1
Atlanta,Stage IV,Spring,2020,181,2020-03-11 20:00:00+00:00,2020-03-12 10:00:00+00:00,15,6,0.2547326320866139,0.016982175472440925,0.1001121407480315,26.0,13.0,9
Atlanta,Stage IV,Spring,2020,182,2020-03-23 14:00:00+00:00,2020-03-24 03:00:00+00:00,14,13,1.3411062769685032,0.09579330549775023,0.2318658838582676,17.0,2.0,1
Atlanta,Stage IV,Spring,2020,183,2020-03-24 15:00:00+00:00,2020-03-24 16:00:00+00:00,2,2,0.3159561803149606,0.1579780901574803,0.2937648423228347,11.0,0.0,0
Atlanta,Stage IV,Spring,2020,184,2020-03-25 05:00:00+00:00,2020-03-25 09:00:00+00:00,5,5,0.5698197377952754,0.11396394755905508,0.3852160218503938,12.0,1.0,0
Atlanta,Stage IV,Spring,2020,185,2020-03-31 15:00:00+00:00,2020-03-31 23:00:00+00:00,9,3,0.31372491141732267,0.03485832349081363,0.2204529035433071,46.0,1.0,6
Atlanta,Stage IV,Spring,2020,186,2020-04-09 09:00:00+00:00,2020-04-09 11:00:00+00:00,3,3,0.2388893053149604,0.07962976843832013,0.160368248031496,34.0,1.0,0
Atlanta,Stage IV,Spring,2020,187,2020-04-12 14:00:00+00:00,2020-04-13 09:00:00+00:00,20,11,0.8950542025590545,0.044752710127952726,0.3091880332677165,74.0,17.0,6
Atlanta,Stage IV,Spring,2020,188,2020-04-19 13:00:00+00:00,2020-04-20 13:00:00+00:00,25,21,2.048371064960629,0.08193484259842515,0.2471723872047244,24.0,3.0,3
Atlanta,Stage IV,Spring,2020,189,2020-04-23 01:00:00+00:00,2020-04-24 07:00:00+00:00,31,13,0.8545201578740154,0.027565166383032753,0.3009449720472441,59.0,12.0,9
Atlanta,Stage IV,Spring,2020,190,2020-04-29 18:00:00+00:00,2020-04-30 06:00:00+00:00,13,12,0.6682759352362198,0.0514058411720169,0.2141686334645669,130.0,7.0,1
Atlanta,Stage IV,Spring,2020,191,2020-05-08 16:00:00+00:00,2020-05-09 01:00:00+00:00,10,7,0.1673539133858264,0.01673539133858264,0.0490250328740157,201.0,2.0,3
Atlanta,Stage IV,Spring,2020,192,2020-05-18 01:00:00+00:00,2020-05-19 09:00:00+00:00,33,16,1.3348359889763772,0.04044957542352658,0.4463023309055119,215.0,21.0,9
Atlanta,Stage IV,Spring,2020,193,2020-05-20 03:00:00+00:00,2020-05-20 08:00:00+00:00,6,6,0.31115313267716505,0.051858855446194174,0.1470450891732283,17.0,1.0,0
Atlanta,Stage IV,Spring,2020,194,2020-05-25 21:00:00+00:00,2020-05-26 01:00:00+00:00,5,5,0.1399835779527557,0.02799671559055114,0.0413964972440944,12.0,4.0,0
Atlanta,Stage IV,Spring,2020,195,2020-05-27 14:00:00+00:00,2020-05-28 17:00:00+00:00,28,14,0.652786526771653,0.02331380452755904,0.1782115562992126,14.0,2.0,7
Atlanta,Stage IV,Spring,2020,196,2020-05-29 15:00:00+00:00,2020-05-29 18:00:00+00:00,4,3,0.6432098610236221,0.16080246525590552,0.5458169291338584,21.0,2.0,1
Atlanta,Stage IV,Summer,2020,197,2020-06-05 00:00:00+00:00,2020-06-05 01:00:00+00:00,2,2,0.1498926580708661,0.07494632903543305,0.1062151366141732,149.0,0.0,0
Atlanta,Stage IV,Summer,2020,198,2020-06-05 15:00:00+00:00,2020-06-05 19:00:00+00:00,5,3,0.5306309712598424,0.10612619425196848,0.2864490338582677,13.0,0.0,2
Atlanta,Stage IV,Summer,2020,199,2020-06-09 02:00:00+00:00,2020-06-09 03:00:00+00:00,2,2,0.21820968622047232,0.10910484311023616,0.1219093098425196,78.0,0.0,0
Atlanta,Stage IV,Summer,2020,200,2020-06-09 18:00:00+00:00,2020-06-10 02:00:00+00:00,9,8,0.38483995098425156,0.042759994553805726,0.2507461529527559,14.0,4.0,1
Atlanta,Stage IV,Summer,2020,201,2020-06-10 15:00:00+00:00,2020-06-11 08:00:00+00:00,18,8,0.6649357149606296,0.036940873053368316,0.3167415381889764,12.0,2.0,7
Atlanta,Stage IV,Summer,2020,202,2020-06-14 18:00:00+00:00,2020-06-15 02:00:00+00:00,9,8,0.5724348232283464,0.06360386924759404,0.5008025966535434,39.0,6.0,1
Atlanta,Stage IV,Summer,2020,203,2020-06-15 21:00:00+00:00,2020-06-15 22:00:00+00:00,2,2,0.2426346293307086,0.1213173146653543,0.1842938751968504,18.0,0.0,0
Atlanta,Stage IV,Summer,2020,204,2020-06-22 18:00:00+00:00,2020-06-23 00:00:00+00:00,7,5,0.8295302031496062,0.11850431473565803,0.5616263167322835,17.0,5.0,1
Atlanta,Stage IV,Summer,2020,205,2020-06-24 20:00:00+00:00,2020-06-25 07:00:00+00:00,12,10,0.23411128464566888,0.019509273720472408,0.0550903958661417,23.0,3.0,1
Atlanta,Stage IV,Summer,2020,206,2020-06-27 19:00:00+00:00,2020-06-28 00:00:00+00:00,6,5,0.8405560251968501,0.1400926708661417,0.6030755937007873,36.0,2.0,1
Atlanta,Stage IV,Summer,2020,207,2020-06-30 21:00:00+00:00,2020-07-01 00:00:00+00:00,4,3,0.3611648738188974,0.09029121845472435,0.2098190875984251,68.0,0.0,1
Atlanta,Stage IV,Summer,2020,208,2020-07-02 20:00:00+00:00,2020-07-02 22:00:00+00:00,3,3,0.1572008043307085,0.05240026811023616,0.1476742848425197,22.0,1.0,0
Atlanta,Stage IV,Summer,2020,209,2020-07-04 18:00:00+00:00,2020-07-04 20:00:00+00:00,3,3,0.3485795033464566,0.1161931677821522,0.2310966488188976,43.0,1.0,0
Atlanta,Stage IV,Summer,2020,210,2020-07-06 14:00:00+00:00,2020-07-07 05:00:00+00:00,16,12,0.47547089311023555,0.029716930819389722,0.1274952712598425,41.0,11.0,2
Atlanta,Stage IV,Summer,2020,211,2020-07-09 19:00:00+00:00,2020-07-10 03:00:00+00:00,9,9,0.47167482578740105,0.05240831397637789,0.1662995488188976,15.0,4.0,0
Atlanta,Stage IV,Summer,2020,212,2020-07-15 18:00:00+00:00,2020-07-16 02:00:00+00:00,9,8,1.1307499960629916,0.12563888845144353,0.5885290627952756,115.0,6.0,1
Atlanta,Stage IV,Summer,2020,213,2020-07-21 20:00:00+00:00,2020-07-22 01:00:00+00:00,6,5,0.2540765920275588,0.042346098671259796,0.1990630905511811,19.0,1.0,1
Atlanta,Stage IV,Summer,2020,214,2020-07-22 21:00:00+00:00,2020-07-23 02:00:00+00:00,6,3,0.2341252239173227,0.03902087065288712,0.1301702509842519,19.0,5.0,3
Atlanta,Stage IV,Summer,2020,215,2020-07-25 17:00:00+00:00,2020-07-25 23:00:00+00:00,7,7,0.5038074507874011,0.07197249296962872,0.3616951476377952,62.0,1.0,0
Atlanta,Stage IV,Summer,2020,216,2020-07-28 18:00:00+00:00,2020-07-28 23:00:00+00:00,6,3,0.1261967667322833,0.02103279445538055,0.1010964443897637,21.0,0.0,3
Atlanta,Stage IV,Summer,2020,217,2020-07-29 15:00:00+00:00,2020-07-30 05:00:00+00:00,15,6,1.8435382357283463,0.12290254904855642,0.9852823695866142,15.0,13.0,9
Atlanta,Stage IV,Summer,2020,218,2020-08-03 18:00:00+00:00,2020-08-03 20:00:00+00:00,3,3,1.3774540674212599,0.4591513558070866,1.3495668257874016,18.0,1.0,0
Atlanta,Stage IV,Summer,2020,219,2020-08-05 19:00:00+00:00,2020-08-05 21:00:00+00:00,3,3,0.2729296874999998,0.09097656249999993,0.2048698794291338,15.0,1.0,0
Atlanta,Stage IV,Summer,2020,220,2020-08-06 20:00:00+00:00,2020-08-06 22:00:00+00:00,3,3,0.25919097687007864,0.08639699229002622,0.1574685556102362,22.0,1.0,0
Atlanta,Stage IV,Summer,2020,221,2020-08-10 18:00:00+00:00,2020-08-10 20:00:00+00:00,3,3,0.325437308070866,0.10847910269028867,0.2994902312992126,16.0,2.0,0
Atlanta,Stage IV,Summer,2020,222,2020-08-12 17:00:00+00:00,2020-08-12 18:00:00+00:00,2,2,0.1419648695866141,0.07098243479330706,0.1278117372047244,26.0,1.0,0
Atlanta,Stage IV,Summer,2020,223,2020-08-14 00:00:00+00:00,2020-08-14 07:00:00+00:00,8,8,1.1829641240157478,0.14787051550196847,0.5196459325787401,29.0,2.0,0
Atlanta,Stage IV,Summer,2020,224,2020-08-14 21:00:00+00:00,2020-08-15 03:00:00+00:00,7,5,0.25213053887795256,0.03601864841113608,0.1969368725393701,13.0,0.0,1
Atlanta,Stage IV,Summer,2020,225,2020-08-15 19:00:00+00:00,2020-08-16 00:00:00+00:00,6,4,0.40420789616141717,0.06736798269356953,0.138906936515748,15.0,5.0,2
Atlanta,Stage IV,Summer,2020,226,2020-08-19 23:00:00+00:00,2020-08-20 04:00:00+00:00,6,6,1.0125945866141735,0.16876576443569558,0.6927191633858268,19.0,0.0,0
Atlanta,Stage IV,Summer,2020,227,2020-08-20 18:00:00+00:00,2020-08-22 00:00:00+00:00,31,17,1.8019209227362194,0.058126481378587724,1.1633996998031495,13.0,29.0,8
Atlanta,Stage IV,Summer,2020,228,2020-08-23 20:00:00+00:00,2020-08-26 07:00:00+00:00,60,30,1.0856123080708648,0.018093538467847746,0.1890837376968503,17.0,43.0,10
Atlanta,Stage IV,Summer,2020,229,2020-08-30 23:00:00+00:00,2020-08-31 03:00:00+00:00,5,5,0.48956443405511785,0.09791288681102357,0.173902059547244,35.0,2.0,0
Atlanta,Stage IV,Fall,2020,230,2020-09-12 17:00:00+00:00,2020-09-12 22:00:00+00:00,6,4,0.14324549950787388,0.02387424991797898,0.0855462967519685,42.0,0.0,2
Atlanta,Stage IV,Fall,2020,231,2020-09-16 13:00:00+00:00,2020-09-18 00:00:00+00:00,36,33,4.298095484744093,0.11939154124289147,0.6914900812007874,22.0,20.0,2
Atlanta,Stage IV,Fall,2020,232,2020-09-24 15:00:00+00:00,2020-09-25 12:00:00+00:00,22,21,0.7840900836614164,0.0356404583482462,0.1656418700787401,158.0,9.0,1
Atlanta,Stage IV,Fall,2020,233,2020-09-27 12:00:00+00:00,2020-09-27 22:00:00+00:00,11,4,0.35827405511811017,0.032570368647100924,0.2999500221456693,47.0,10.0,7
Atlanta,Stage IV,Fall,2020,234,2020-09-29 02:00:00+00:00,2020-09-29 20:00:00+00:00,19,11,0.4618476131889759,0.024307769115209255,0.164421749507874,27.0,2.0,7
Atlanta,Stage IV,Fall,2021,235,2020-10-09 18:00:00+00:00,2020-10-12 00:00:00+00:00,55,33,5.720885300196848,0.10401609636721541,2.6744298818897634,237.0,32.0,5
Atlanta,Stage IV,Fall,2021,236,2020-10-24 19:00:00+00:00,2020-10-25 11:00:00+00:00,17,13,2.140282578740157,0.12589897522000926,0.7102027214566928,291.0,4.0,3
Atlanta,Stage IV,Fall,2021,237,2020-10-28 05:00:00+00:00,2020-10-29 13:00:00+00:00,33,18,1.1014502583661407,0.03337728055654972,0.3701736860236221,65.0,27.0,9
Atlanta,Stage IV,Fall,2021,238,2020-11-11 00:00:00+00:00,2020-11-12 07:00:00+00:00,32,19,1.194105939960629,0.03731581062376966,0.6087014173228346,78.0,27.0,6
Atlanta,Stage IV,Fall,2021,239,2020-11-25 22:00:00+00:00,2020-11-26 10:00:00+00:00,13,9,0.9634119537401572,0.07410861182616593,0.2672650024606299,326.0,10.0,4
Atlanta,Stage IV,Fall,2021,240,2020-11-29 20:00:00+00:00,2020-12-01 02:00:00+00:00,31,19,1.428190563484251,0.04607066333820165,0.3022321579724409,34.0,7.0,7
Atlanta,Stage IV,Winter,2021,241,2020-12-04 15:00:00+00:00,2020-12-04 22:00:00+00:00,8,7,0.4178491437007872,0.0522311429625984,0.2835642224409449,84.0,5.0,1
Atlanta,Stage IV,Winter,2021,242,2020-12-14 03:00:00+00:00,2020-12-14 12:00:00+00:00,10,8,0.4482270669291335,0.04482270669291335,0.2982036392716535,24.0,8.0,2
Atlanta,Stage IV,Winter,2021,243,2020-12-16 05:00:00+00:00,2020-12-16 20:00:00+00:00,16,11,0.3319678986220469,0.02074799366387793,0.1007973326771653,40.0,14.0,3
Atlanta,Stage IV,Winter,2021,244,2020-12-24 05:00:00+00:00,2020-12-24 23:00:00+00:00,19,15,1.4363348056102356,0.0755965687163282,0.5552964862204725,93.0,9.0,2
Atlanta,Stage IV,Winter,2021,245,2020-12-31 23:00:00+00:00,2021-01-01 22:00:00+00:00,24,18,1.3301354650590544,0.055422311044127266,0.4584060088582677,167.0,16.0,2
Atlanta,Stage IV,Winter,2021,246,2021-01-07 21:00:00+00:00,2021-01-08 20:00:00+00:00,24,15,0.3619038558070861,0.015079327325295254,0.1081382431102362,142.0,1.0,5
Atlanta,Stage IV,Winter,2021,247,2021-01-11 16:00:00+00:00,2021-01-12 06:00:00+00:00,15,15,0.34045828494094416,0.022697218996062942,0.0919998917322834,67.0,1.0,0
Atlanta,Stage IV,Winter,2021,248,2021-01-21 08:00:00+00:00,2021-01-21 22:00:00+00:00,15,10,0.1327148105314955,0.008847654035433033,0.0248686564960629,217.0,0.0,3
Atlanta,Stage IV,Winter,2021,249,2021-01-26 07:00:00+00:00,2021-01-26 12:00:00+00:00,6,5,0.8520568454724408,0.1420094742454068,0.4589442125984251,21.0,3.0,1
Atlanta,Stage IV,Winter,2021,250,2021-01-27 08:00:00+00:00,2021-01-28 00:00:00+00:00,17,10,1.003425561023622,0.05902503300138953,0.2191279724409449,19.0,4.0,7
Atlanta,Stage IV,Winter,2021,251,2021-01-31 08:00:00+00:00,2021-02-01 01:00:00+00:00,18,12,0.42033655511810963,0.02335203083989498,0.137981028543307,79.0,5.0,6
Atlanta,Stage IV,Winter,2021,252,2021-02-05 08:00:00+00:00,2021-02-05 11:00:00+00:00,4,4,0.1007179675196847,0.025179491879921176,0.0397255413385826,89.0,1.0,0
Atlanta,Stage IV,Winter,2021,253,2021-02-06 21:00:00+00:00,2021-02-07 12:00:00+00:00,16,16,0.8018819586614164,0.05011762241633853,0.2388687992125984,33.0,3.0,0
Atlanta,Stage IV,Winter,2021,254,2021-02-11 16:00:00+00:00,2021-02-12 15:00:00+00:00,24,13,0.6795075664370073,0.028312815268208637,0.1967299458661417,99.0,0.0,7
Atlanta,Stage IV,Winter,2021,255,2021-02-13 05:00:00+00:00,2021-02-13 19:00:00+00:00,15,15,0.49440235974409386,0.03296015731627292,0.0800942667322834,13.0,4.0,0
Atlanta,Stage IV,Winter,2021,256,2021-02-15 07:00:00+00:00,2021-02-16 05:00:00+00:00,23,13,0.69806997293307,0.03035086838839435,0.4157911712598425,35.0,15.0,6
Atlanta,Stage IV,Winter,2021,257,2021-02-18 04:00:00+00:00,2021-02-19 02:00:00+00:00,23,13,0.9732965083661412,0.04231723949418005,0.4211486687992126,46.0,7.0,10
Atlanta,Stage IV,Winter,2021,258,2021-02-26 10:00:00+00:00,2021-02-26 21:00:00+00:00,12,10,0.28439618602362143,0.02369968216863512,0.0890529232283464,87.0,1.0,1
Atlanta,Stage IV,Spring,2021,259,2021-03-01 11:00:00+00:00,2021-03-01 20:00:00+00:00,10,8,0.19442141732283424,0.019442141732283424,0.1326705757874015,61.0,0.0,2
Atlanta,Stage IV,Spring,2021,260,2021-03-02 20:00:00+00:00,2021-03-03 09:00:00+00:00,14,12,0.3576015723425192,0.025542969453037086,0.0760536220472441,23.0,11.0,2
Atlanta,Stage IV,Spring,2021,261,2021-03-16 03:00:00+00:00,2021-03-17 01:00:00+00:00,23,17,0.9131030388779523,0.03970013212512836,0.3472640649606299,305.0,21.0,3
Atlanta,Stage IV,Spring,2021,262,2021-03-17 14:00:00+00:00,2021-03-18 15:00:00+00:00,26,19,1.1348807185039365,0.043649258403997554,0.5362014296259843,12.0,23.0,5
Atlanta,Stage IV,Spring,2021,263,2021-03-25 10:00:00+00:00,2021-03-26 11:00:00+00:00,26,21,1.2371902805118105,0.047584241558146556,0.3642869660433071,128.0,21.0,4
Atlanta,Stage IV,Spring,2021,264,2021-03-28 15:00:00+00:00,2021-03-28 17:00:00+00:00,3,3,0.18326159202755893,0.06108719734251964,0.120550342027559,51.0,1.0,0
Atlanta,Stage IV,Spring,2021,265,2021-03-31 05:00:00+00:00,2021-03-31 22:00:00+00:00,18,12,1.5077555856299207,0.08376419920166227,0.3576284104330709,59.0,9.0,6
Atlanta,Stage IV,Spring,2021,266,2021-04-10 13:00:00+00:00,2021-04-10 22:00:00+00:00,10,9,0.3115598056102358,0.031155980561023578,0.0801311122047244,14.0,2.0,1
Atlanta,Stage IV,Spring,2021,267,2021-04-24 07:00:00+00:00,2021-04-25 05:00:00+00:00,23,14,2.247452062007874,0.0977153070438206,0.6418269537401575,165.0,6.0,4
Atlanta,Stage IV,Spring,2021,268,2021-05-03 12:00:00+00:00,2021-05-04 01:00:00+00:00,14,14,2.7265207283464554,0.1947514805961754,0.883870282972441,22.0,6.0,0
Atlanta,Stage IV,Spring,2021,269,2021-05-04 18:00:00+00:00,2021-05-05 04:00:00+00:00,11,11,1.925420086122047,0.17503818964745882,0.518880656988189,16.0,1.0,0
Atlanta,Stage IV,Spring,2021,270,2021-05-10 03:00:00+00:00,2021-05-10 13:00:00+00:00,11,10,0.7445544537401568,0.06768676852183243,0.314318656496063,118.0,3.0,1
Atlanta,Stage IV,Spring,2021,271,2021-05-12 08:00:00+00:00,2021-05-12 17:00:00+00:00,10,10,0.5372635260826765,0.05372635260826765,0.1291199286417322,42.0,3.0,0
Atlanta,Stage IV,Spring,2021,272,2021-05-28 19:00:00+00:00,2021-05-29 03:00:00+00:00,9,4,0.2190098252952754,0.024334425032808377,0.1533642027559055,18.0,6.0,5
Atlanta,Stage IV,Summer,2021,273,2021-06-05 06:00:00+00:00,2021-06-06 12:00:00+00:00,31,12,0.11462357283464508,0.003697534607569196,0.0584874261811023,29.0,16.0,10
Atlanta,Stage IV,Summer,2021,274,2021-06-07 00:00:00+00:00,2021-06-07 22:00:00+00:00,23,11,0.38278156742125935,0.01664267684440258,0.157993718011811,11.0,3.0,8
Atlanta,Stage IV,Summer,2021,275,2021-06-08 18:00:00+00:00,2021-06-09 02:00:00+00:00,9,5,0.702409247047244,0.07804547189413821,0.6187282677165354,19.0,7.0,2
Atlanta,Stage IV,Summer,2021,276,2021-06-09 21:00:00+00:00,2021-06-10 04:00:00+00:00,8,5,0.2843623572834643,0.03554529466043304,0.1102157234251968,18.0,5.0,3
Atlanta,Stage IV,Summer,2021,277,2021-06-10 20:00:00+00:00,2021-06-11 05:00:00+00:00,10,8,0.2553262352362201,0.02553262352362201,0.0721007406496063,15.0,3.0,2
Atlanta,Stage IV,Summer,2021,278,2021-06-11 17:00:00+00:00,2021-06-12 01:00:00+00:00,9,7,0.5253061220472438,0.0583673468941382,0.3701238533464567,11.0,4.0,2
Atlanta,Stage IV,Summer,2021,279,2021-06-12 21:00:00+00:00,2021-06-12 22:00:00+00:00,2,2,0.15307481053149602,0.07653740526574801,0.0809919463582677,19.0,1.0,0
Atlanta,Stage IV,Summer,2021,280,2021-06-19 16:00:00+00:00,2021-06-20 18:00:00+00:00,27,27,2.063575437992125,0.07642871992563426,0.577517344980315,113.0,12.0,0
Atlanta,Stage IV,Summer,2021,281,2021-06-21 16:00:00+00:00,2021-06-22 16:00:00+00:00,25,17,0.410183068405511,0.01640732273622044,0.1261406323818897,21.0,18.0,4
Atlanta,Stage IV,Summer,2021,282,2021-06-29 07:00:00+00:00,2021-06-29 20:00:00+00:00,14,9,0.1421340034448814,0.010152428817491527,0.0756062130905511,32.0,1.0,4
Atlanta,Stage IV,Summer,2021,283,2021-07-02 09:00:00+00:00,2021-07-02 19:00:00+00:00,11,8,0.22521848425196803,0.02047440765926982,0.1048436884842519,29.0,5.0,2
Atlanta,Stage IV,Summer,2021,284,2021-07-07 03:00:00+00:00,2021-07-09 01:00:00+00:00,47,20,0.81933809793307,0.01743272548793766,0.2155945890748031,103.0,24.0,9
Atlanta,Stage IV,Summer,2021,285,2021-07-09 17:00:00+00:00,2021-07-09 20:00:00+00:00,4,4,0.8124811687992124,0.2031202921998031,0.4091456963582676,15.0,3.0,0
Atlanta,Stage IV,Summer,2021,286,2021-07-10 16:00:00+00:00,2021-07-11 02:00:00+00:00,11,11,0.45047859990157424,0.040952599991052205,0.1930515231299212,19.0,2.0,0
Atlanta,Stage IV,Summer,2021,287,2021-07-12 17:00:00+00:00,2021-07-14 01:00:00+00:00,33,13,0.30929586122047176,0.009372601855165811,0.1311318233267716,20.0,2.0,8
Atlanta,Stage IV,Summer,2021,288,2021-07-16 22:00:00+00:00,2021-07-17 03:00:00+00:00,6,6,0.2626263115157478,0.043771051919291294,0.1281720866141732,25.0,1.0,0
Atlanta,Stage IV,Summer,2021,289,2021-07-17 19:00:00+00:00,2021-07-20 23:00:00+00:00,77,42,1.8795138410433052,0.02440927066290007,0.3289445201771653,15.0,55.0,9
Atlanta,Stage IV,Summer,2021,290,2021-07-21 23:00:00+00:00,2021-07-22 03:00:00+00:00,5,5,0.4670962795275589,0.09341925590551178,0.2607495620078741,23.0,2.0,0
Atlanta,Stage IV,Summer,2021,291,2021-07-23 21:00:00+00:00,2021-07-24 00:00:00+00:00,4,4,0.7639524901574801,0.19098812253937003,0.4443498252952755,41.0,1.0,0
Atlanta,Stage IV,Summer,2021,292,2021-07-25 22:00:00+00:00,2021-07-26 02:00:00+00:00,5,5,0.27988599655511787,0.05597719931102357,0.1241393823818897,20.0,2.0,0
Atlanta,Stage IV,Summer,2021,293,2021-07-26 22:00:00+00:00,2021-07-27 02:00:00+00:00,5,5,0.6107275664370078,0.12214551328740156,0.2761679970472441,19.0,3.0,0
Atlanta,Stage IV,Summer,2021,294,2021-07-27 21:00:00+00:00,2021-07-27 23:00:00+00:00,3,3,0.4203781988188974,0.14012606627296578,0.3593604133858267,18.0,2.0,0
Atlanta,Stage IV,Summer,2021,295,2021-08-01 07:00:00+00:00,2021-08-01 08:00:00+00:00,2,2,0.3204698794291337,0.16023493971456684,0.2097938287401574,27.0,0.0,0
Atlanta,Stage IV,Summer,2021,296,2021-08-03 01:00:00+00:00,2021-08-03 23:00:00+00:00,23,9,0.2961645866141728,0.012876721157137947,0.2237178075787401,40.0,22.0,9
Atlanta,Stage IV,Summer,2021,297,2021-08-08 22:00:00+00:00,2021-08-09 04:00:00+00:00,7,4,0.1512027632874014,0.021600394755343057,0.075418843503937,22.0,5.0,3
Atlanta,Stage IV,Summer,2021,298,2021-08-10 21:00:00+00:00,2021-08-10 23:00:00+00:00,3,3,0.1736708218503936,0.057890273950131195,0.0876985433070866,25.0,0.0,0
Atlanta,Stage IV,Summer,2021,299,2021-08-11 18:00:00+00:00,2021-08-11 22:00:00+00:00,5,4,0.2662895939960629,0.05325791879921258,0.142031968503937,18.0,1.0,1
Atlanta,Stage IV,Summer,2021,300,2021-08-13 02:00:00+00:00,2021-08-13 04:00:00+00:00,3,3,0.1341359817913384,0.044711993930446135,0.0801684571850393,27.0,2.0,0
Atlanta,Stage IV,Summer,2021,301,2021-08-14 22:00:00+00:00,2021-08-15 00:00:00+00:00,3,3,0.2757128124999998,0.09190427083333326,0.2178100073818897,41.0,0.0,0
Atlanta,Stage IV,Summer,2021,302,2021-08-16 19:00:00+00:00,2021-08-17 19:00:00+00:00,25,24,2.985934945866141,0.11943739783464563,0.6029134547244095,30.0,16.0,1
Atlanta,Stage IV,Summer,2021,303,2021-08-19 20:00:00+00:00,2021-08-19 21:00:00+00:00,2,2,0.40168955954724406,0.20084477977362203,0.3381324409448819,48.0,0.0,0
Atlanta,Stage IV,Summer,2021,304,2021-08-22 08:00:00+00:00,2021-08-22 20:00:00+00:00,13,3,0.1889617568897637,0.014535519760751053,0.1136292618110236,12.0,11.0,10
Atlanta,Stage IV,Summer,2021,305,2021-08-25 22:00:00+00:00,2021-08-26 04:00:00+00:00,7,6,0.4152715083661415,0.059324501195163075,0.2179557406496063,73.0,3.0,1
Atlanta,Stage IV,Summer,2021,306,2021-08-30 20:00:00+00:00,2021-09-01 07:00:00+00:00,36,21,0.9277431594488177,0.025770643318022715,0.1836501574803149,67.0,28.0,6
Atlanta,Stage IV,Fall,2021,307,2021-09-07 11:00:00+00:00,2021-09-08 07:00:00+00:00,21,13,0.47832444389763706,0.022777354471316052,0.1550173326771653,11.0,18.0,3
Atlanta,Stage IV,Fall,2021,308,2021-09-15 17:00:00+00:00,2021-09-17 00:00:00+00:00,32,27,0.5234758710629905,0.016358620970718454,0.097589311023622,153.0,11.0,2
Atlanta,Stage IV,Fall,2021,309,2021-09-18 12:00:00+00:00,2021-09-21 23:00:00+00:00,84,39,1.2372589566929115,0.014729273293963233,0.2732974163385827,21.0,53.0,8
Atlanta,Stage IV,Fall,2022,310,2021-10-03 15:00:00+00:00,2021-10-04 00:00:00+00:00,10,6,0.580432613188976,0.0580432613188976,0.3303316141732283,261.0,8.0,2
Atlanta,Stage IV,Fall,2022,311,2021-10-04 12:00:00+00:00,2021-10-06 20:00:00+00:00,57,32,1.3390269168307072,0.023491700295275565,0.2014941486220472,11.0,22.0,6
Atlanta,Stage IV,Fall,2022,312,2021-10-07 12:00:00+00:00,2021-10-07 21:00:00+00:00,10,5,0.3065564197834643,0.030655641978346432,0.1763463705708661,15.0,9.0,4
Atlanta,Stage IV,Winter,2022,313,2022-01-02 10:00:00+00:00,2022-01-03 10:00:00+00:00,25,18,1.3572277755905502,0.05428911102362201,0.3024663164370079,13.0,1.0,7
Atlanta,Stage IV,Winter,2022,314,2022-01-06 20:00:00+00:00,2022-01-06 23:00:00+00:00,4,4,0.13298759104330687,0.03324689776082672,0.0707450393700787,81.0,1.0,0
Atlanta,Stage IV,Winter,2022,315,2022-01-09 18:00:00+00:00,2022-01-10 01:00:00+00:00,8,6,0.45958247047244066,0.05744780880905508,0.3028345816929134,66.0,4.0,2
Atlanta,Stage IV,Winter,2022,316,2022-01-16 02:00:00+00:00,2022-01-17 03:00:00+00:00,26,23,1.1148860531496056,0.04288023281344637,0.1187614640748031,144.0,4.0,2
Atlanta,Stage IV,Winter,2022,317,2022-01-20 07:00:00+00:00,2022-01-20 19:00:00+00:00,13,13,0.3174133169291332,0.024416408994548708,0.0760515378937008,75.0,4.0,0
Atlanta,Stage IV,Winter,2022,318,2022-02-03 00:00:00+00:00,2022-02-04 15:00:00+00:00,40,38,2.8720134768700767,0.07180033692175192,0.3875909916338582,113.0,27.0,1
Atlanta,Stage IV,Winter,2022,319,2022-02-18 02:00:00+00:00,2022-02-18 08:00:00+00:00,7,7,1.117633688484252,0.15966195549775028,0.6665042937992126,110.0,3.0,0
Atlanta,Stage IV,Winter,2022,320,2022-02-21 19:00:00+00:00,2022-02-22 10:00:00+00:00,16,15,0.8406316018700782,0.05253947511687989,0.1169391338582677,82.0,3.0,1
Atlanta,Stage IV,Winter,2022,321,2022-02-23 13:00:00+00:00,2022-02-23 16:00:00+00:00,4,4,0.3128894881889761,0.07822237204724403,0.160936747047244,26.0,1.0,0
Atlanta,Stage IV,Winter,2022,322,2022-02-27 08:00:00+00:00,2022-02-27 19:00:00+00:00,12,12,0.5297659301181096,0.0441471608431758,0.1124377288385826,38.0,8.0,0
Atlanta,Stage IV,Spring,2022,323,2022-03-07 18:00:00+00:00,2022-03-08 00:00:00+00:00,7,5,0.1796042814960627,0.025657754499437527,0.0798165575787401,190.0,5.0,2
Atlanta,Stage IV,Spring,2022,324,2022-03-08 16:00:00+00:00,2022-03-09 13:00:00+00:00,22,17,1.9836551304133856,0.09016614229151752,0.5622831176181103,15.0,20.0,3
Atlanta,Stage IV,Spring,2022,325,2022-03-12 05:00:00+00:00,2022-03-12 10:00:00+00:00,6,6,0.6794892249015746,0.11324820415026243,0.2601463336614173,63.0,2.0,0
Atlanta,Stage IV,Spring,2022,326,2022-03-15 19:00:00+00:00,2022-03-17 00:00:00+00:00,30,21,1.1891314591535425,0.03963771530511808,0.3048846973425197,80.0,28.0,8
Atlanta,Stage IV,Spring,2022,327,2022-03-18 15:00:00+00:00,2022-03-19 04:00:00+00:00,14,6,0.9003637647637792,0.06431169748312708,0.3533395644685039,38.0,2.0,8
Atlanta,Stage IV,Spring,2022,328,2022-03-23 07:00:00+00:00,2022-03-23 19:00:00+00:00,13,10,0.46042788877952723,0.035417529906117476,0.1348025688976377,98.0,3.0,3
Atlanta,Stage IV,Spring,2022,329,2022-03-31 07:00:00+00:00,2022-03-31 11:00:00+00:00,5,5,0.8665334079724407,0.17330668159448814,0.367726405019685,179.0,3.0,0
Atlanta,Stage IV,Spring,2022,330,2022-04-05 14:00:00+00:00,2022-04-05 20:00:00+00:00,7,7,2.4638535654527556,0.35197908077896506,0.8100928223425196,122.0,5.0,0
Atlanta,Stage IV,Spring,2022,331,2022-04-06 18:00:00+00:00,2022-04-07 07:00:00+00:00,14,9,0.9112023695866138,0.065085883541901,0.5999148745078741,21.0,10.0,5
Atlanta,Stage IV,Spring,2022,332,2022-04-14 08:00:00+00:00,2022-04-14 09:00:00+00:00,2,2,0.10605196112204719,0.053025980561023596,0.1059604576771653,112.0,0.0,0
Atlanta,Stage IV,Spring,2022,333,2022-04-16 09:00:00+00:00,2022-04-16 13:00:00+00:00,5,5,0.9874573892716535,0.1974914778543307,0.4849414665354331,47.0,2.0,0
Atlanta,Stage IV,Spring,2022,334,2022-05-04 06:00:00+00:00,2022-05-04 22:00:00+00:00,17,9,0.3929802509842514,0.023116485352014788,0.1408335826771653,180.0,1.0,5
Atlanta,Stage IV,Spring,2022,335,2022-05-06 14:00:00+00:00,2022-05-06 14:00:00+00:00,1,1,0.1095111171259842,0.1095111171259842,0.1095111171259842,39.0,0.0,0
Atlanta,Stage IV,Spring,2022,336,2022-05-15 11:00:00+00:00,2022-05-16 02:00:00+00:00,16,7,0.18130679872047212,0.011331674920029507,0.0713002534448818,33.0,14.0,7
Atlanta,Stage IV,Spring,2022,337,2022-05-23 04:00:00+00:00,2022-05-24 00:00:00+00:00,21,15,1.2064973375984245,0.057452254171353544,0.5834806373031496,33.0,8.0,3
Atlanta,Stage IV,Spring,2022,338,2022-05-25 08:00:00+00:00,2022-05-27 06:00:00+00:00,47,19,0.6064746776574795,0.01290371654590382,0.1499540428149606,11.0,26.0,8
Atlanta,Stage IV,Summer,2022,339,2022-06-06 20:00:00+00:00,2022-06-06 21:00:00+00:00,2,2,0.856005497047244,0.428002748523622,0.5143774015748032,92.0,0.0,0
Atlanta,Stage IV,Summer,2022,340,2022-06-08 00:00:00+00:00,2022-06-08 14:00:00+00:00,15,7,0.9585050738188973,0.06390033825459315,0.7590200836614173,26.0,4.0,7
Atlanta,Stage IV,Summer,2022,341,2022-06-09 03:00:00+00:00,2022-06-09 06:00:00+00:00,4,4,0.1376336097440943,0.034408402436023576,0.0873695374015748,12.0,1.0,0
Atlanta,Stage IV,Summer,2022,342,2022-06-17 01:00:00+00:00,2022-06-17 06:00:00+00:00,6,5,0.3387405930118108,0.056456765501968466,0.2381772440944881,25.0,2.0,1
Atlanta,Stage IV,Summer,2022,343,2022-06-26 21:00:00+00:00,2022-06-27 23:00:00+00:00,27,12,0.6642697785433066,0.024602584390492836,0.2978657726377953,39.0,24.0,8
Atlanta,Stage IV,Summer,2022,344,2022-06-29 22:00:00+00:00,2022-06-30 02:00:00+00:00,5,5,0.5270328051181101,0.10540656102362203,0.3006303617125984,17.0,2.0,0
Atlanta,Stage IV,Summer,2022,345,2022-06-30 23:00:00+00:00,2022-07-01 19:00:00+00:00,21,11,1.4484093503937,0.06897187382827143,0.4477530954724408,20.0,18.0,9
Atlanta,Stage IV,Summer,2022,346,2022-07-03 21:00:00+00:00,2022-07-04 03:00:00+00:00,7,5,0.1902226254921256,0.027174660784589372,0.1328872810039369,20.0,0.0,2
Atlanta,Stage IV,Summer,2022,347,2022-07-04 17:00:00+00:00,2022-07-05 06:00:00+00:00,14,8,1.4273299680118106,0.10195214057227218,1.037068622047244,13.0,9.0,3
Atlanta,Stage IV,Summer,2022,348,2022-07-07 06:00:00+00:00,2022-07-07 23:00:00+00:00,18,7,0.183051456692913,0.0101695253718285,0.085319623523622,29.0,13.0,9
Atlanta,Stage IV,Summer,2022,349,2022-07-08 21:00:00+00:00,2022-07-10 13:00:00+00:00,41,21,1.0557657012795267,0.02575038295803724,0.243400593011811,21.0,6.0,7
Atlanta,Stage IV,Summer,2022,350,2022-07-13 19:00:00+00:00,2022-07-13 23:00:00+00:00,5,5,0.42403376476377924,0.08480675295275585,0.2433902460629921,63.0,2.0,0
Atlanta,Stage IV,Summer,2022,351,2022-07-18 18:00:00+00:00,2022-07-20 13:00:00+00:00,44,19,1.1716150688976368,0.026627615202219016,0.3950508046259842,20.0,28.0,6
Atlanta,Stage IV,Summer,2022,352,2022-07-21 11:00:00+00:00,2022-07-21 17:00:00+00:00,7,7,0.8602694906496062,0.12289564152137232,0.2627183316929134,21.0,4.0,0
Atlanta,Stage IV,Summer,2022,353,2022-07-22 18:00:00+00:00,2022-07-23 01:00:00+00:00,8,5,0.2110114493110234,0.026376431163877924,0.1036666412401575,24.0,1.0,3
Atlanta,Stage IV,Summer,2022,354,2022-07-29 17:00:00+00:00,2022-07-30 07:00:00+00:00,15,6,1.3323457529527558,0.08882305019685038,0.9567608710629922,18.0,13.0,6
Atlanta,Stage IV,Summer,2022,355,2022-07-30 20:00:00+00:00,2022-07-31 05:00:00+00:00,10,7,0.9265362204724407,0.09265362204724406,0.7353686220472441,12.0,1.0,3
Atlanta,Stage IV,Summer,2022,356,2022-08-04 21:00:00+00:00,2022-08-04 23:00:00+00:00,3,3,0.1468500369094487,0.04895001230314957,0.1153651574803149,18.0,2.0,0
Atlanta,Stage IV,Summer,2022,357,2022-08-05 22:00:00+00:00,2022-08-05 23:00:00+00:00,2,2,0.4585762819881889,0.22928814099409445,0.349069623523622,22.0,0.0,0
Atlanta,Stage IV,Summer,2022,358,2022-08-07 00:00:00+00:00,2022-08-07 05:00:00+00:00,6,6,1.365261365649606,0.227543560941601,0.8330629576771653,24.0,2.0,0
Atlanta,Stage IV,Summer,2022,359,2022-08-08 00:00:00+00:00,2022-08-08 01:00:00+00:00,2,2,0.11522254429133849,0.057611272145669246,0.0971523400590551,18.0,1.0,0
Atlanta,Stage IV,Summer,2022,360,2022-08-09 23:00:00+00:00,2022-08-11 04:00:00+00:00,30,17,0.5982756077755897,0.019942520259186323,0.1674041953740157,25.0,13.0,3
Atlanta,Stage IV,Summer,2022,361,2022-08-11 21:00:00+00:00,2022-08-12 13:00:00+00:00,17,6,0.8505930708661417,0.050034886521537744,0.5611251919291339,16.0,5.0,9
Atlanta,Stage IV,Summer,2022,362,2022-08-15 22:00:00+00:00,2022-08-16 01:00:00+00:00,4,2,0.12150038631889751,0.030375096579724377,0.0653069168307086,80.0,3.0,2
Atlanta,Stage IV,Summer,2022,363,2022-08-17 14:00:00+00:00,2022-08-18 04:00:00+00:00,15,6,0.3549042052165352,0.023660280347769014,0.1641287081692913,36.0,11.0,9
Atlanta,Stage IV,Summer,2022,364,2022-08-19 09:00:00+00:00,2022-08-20 03:00:00+00:00,19,10,0.11920662647637752,0.006274032972440922,0.0374243134842519,12.0,9.0,5
Atlanta,Stage IV,Summer,2022,365,2022-08-21 04:00:00+00:00,2022-08-21 07:00:00+00:00,4,4,0.6362550664370077,0.15906376660925192,0.4823869217519685,24.0,0.0,0
Atlanta,Stage IV,Summer,2022,366,2022-08-22 14:00:00+00:00,2022-08-22 20:00:00+00:00,7,4,0.179157930610236,0.025593990087176572,0.1457927239173228,13.0,5.0,3
Atlanta,Stage IV,Summer,2022,367,2022-08-25 07:00:00+00:00,2022-08-25 20:00:00+00:00,14,10,0.2964129724409444,0.02117235517435317,0.0683281889763779,11.0,3.0,4
Atlanta,Stage IV,Summer,2022,368,2022-08-27 17:00:00+00:00,2022-08-28 06:00:00+00:00,14,9,0.3078659670275587,0.021990426216254192,0.1952009301181102,13.0,7.0,3
Atlanta,Stage IV,Summer,2022,369,2022-08-30 20:00:00+00:00,2022-08-30 23:00:00+00:00,4,4,0.4925149409448817,0.12312873523622042,0.3650481914370078,61.0,1.0,0
Atlanta,Stage IV,Fall,2022,370,2022-09-02 21:00:00+00:00,2022-09-02 23:00:00+00:00,3,3,0.1930749286417322,0.06435830954724407,0.1323090403543307,69.0,0.0,0
Atlanta,Stage IV,Fall,2022,371,2022-09-04 03:00:00+00:00,2022-09-05 23:00:00+00:00,45,21,0.7777686638779518,0.017283748086176706,0.2310090378937008,27.0,16.0,10
Atlanta,Stage IV,Fall,2022,372,2022-09-22 21:00:00+00:00,2022-09-22 22:00:00+00:00,2,2,0.15650587844488179,0.07825293922244089,0.1373976058070866,46.0,1.0,0
Atlanta,Stage IV,Fall,2023,373,2022-10-12 10:00:00+00:00,2022-10-13 12:00:00+00:00,27,10,1.0894410703740154,0.040349669273111684,0.3856948080708661,400.0,24.0,9
Atlanta,Stage IV,Fall,2023,374,2022-10-26 01:00:00+00:00,2022-10-26 06:00:00+00:00,6,6,0.33172943405511784,0.05528823900918631,0.1367662672244094,300.0,2.0,0
Atlanta,Stage IV,Fall,2023,375,2022-10-30 14:00:00+00:00,2022-10-31 17:00:00+00:00,28,19,0.5409821776574794,0.01932079205919569,0.1085275073818897,103.0,19.0,3
Atlanta,Stage IV,Fall,2023,376,2022-11-10 18:00:00+00:00,2022-11-11 19:00:00+00:00,26,24,1.4879750418307076,0.05722980930118106,0.179461656003937,114.0,15.0,1
Atlanta,Stage IV,Fall,2023,377,2022-11-15 09:00:00+00:00,2022-11-15 22:00:00+00:00,14,14,0.5093126279527552,0.036379473425196804,0.0912618897637795,59.0,9.0,0
Atlanta,Stage IV,Fall,2023,378,2022-11-25 05:00:00+00:00,2022-11-25 17:00:00+00:00,13,10,0.2520634670275586,0.019389497463658353,0.0431048400590551,14.0,3.0,3
Atlanta,Stage IV,Fall,2023,379,2022-11-27 02:00:00+00:00,2022-11-27 12:00:00+00:00,11,11,0.6419782923228342,0.058361662938439474,0.1487254232283464,32.0,7.0,0
Atlanta,Stage IV,Fall,2023,380,2022-11-30 00:00:00+00:00,2022-11-30 13:00:00+00:00,14,14,2.474050401082677,0.1767178857916198,0.5251416190944882,59.0,10.0,0
Atlanta,Stage IV,Winter,2023,381,2022-12-03 16:00:00+00:00,2022-12-03 18:00:00+00:00,3,3,0.1530004453740156,0.051000148458005205,0.1149563016732283,74.0,1.0,0
Atlanta,Stage IV,Winter,2023,382,2022-12-05 13:00:00+00:00,2022-12-06 13:00:00+00:00,25,25,1.430548946850393,0.05722195787401572,0.2179548006889763,42.0,8.0,0
Atlanta,Stage IV,Winter,2023,383,2022-12-09 10:00:00+00:00,2022-12-10 06:00:00+00:00,21,15,0.6069661097440937,0.028903148083052083,0.2012914689960629,31.0,10.0,3
Atlanta,Stage IV,Winter,2023,384,2022-12-11 03:00:00+00:00,2022-12-12 01:00:00+00:00,23,14,0.5621569857283458,0.02444160807514547,0.2424924261811023,20.0,17.0,5
Atlanta,Stage IV,Winter,2023,385,2022-12-14 16:00:00+00:00,2022-12-15 10:00:00+00:00,19,19,1.4580443257874007,0.07673917504144215,0.2797988016732284,62.0,15.0,0
Atlanta,Stage IV,Winter,2023,386,2022-12-23 04:00:00+00:00,2022-12-23 08:00:00+00:00,5,4,0.11964405511811009,0.02392881102362202,0.0508785949803149,19.0,3.0,1
Atlanta,Stage IV,Winter,2023,387,2022-12-31 03:00:00+00:00,2022-12-31 19:00:00+00:00,17,7,0.14380209399606259,0.008458946705650741,0.0588314074803149,92.0,15.0,9
Atlanta,Stage IV,Winter,2023,388,2023-01-02 15:00:00+00:00,2023-01-03 02:00:00+00:00,12,8,0.3174660211614171,0.026455501763451423,0.1446288065944882,43.0,5.0,3
Atlanta,Stage IV,Winter,2023,389,2023-01-03 19:00:00+00:00,2023-01-04 18:00:00+00:00,24,23,3.428691751968503,0.14286215633202096,0.5402526919291338,16.0,5.0,1
Atlanta,Stage IV,Winter,2023,390,2023-01-08 23:00:00+00:00,2023-01-09 03:00:00+00:00,5,5,0.2746180757874014,0.054923615157480274,0.1122006815944881,100.0,4.0,0
Atlanta,Stage IV,Winter,2023,391,2023-01-12 10:00:00+00:00,2023-01-12 23:00:00+00:00,14,4,0.6379653223425197,0.04556895159589426,0.3304458415354331,17.0,11.0,10
Atlanta,Stage IV,Winter,2023,392,2023-01-17 13:00:00+00:00,2023-01-17 19:00:00+00:00,7,7,0.2851101451771651,0.040730020739595016,0.1030626451771653,93.0,4.0,0
Atlanta,Stage IV,Winter,2023,393,2023-01-22 02:00:00+00:00,2023-01-23 07:00:00+00:00,30,23,1.5636032849409436,0.052120109498031454,0.3341614862204724,57.0,8.0,3
Atlanta,Stage IV,Winter,2023,394,2023-01-25 08:00:00+00:00,2023-01-25 14:00:00+00:00,7,7,0.8771100393700784,0.12530143419572548,0.3513267667322834,48.0,4.0,0
Atlanta,Stage IV,Winter,2023,395,2023-01-29 22:00:00+00:00,2023-01-30 15:00:00+00:00,18,16,1.0310638287401566,0.057281323818897584,0.1962112746062992,103.0,4.0,2
Atlanta,Stage IV,Winter,2023,396,2023-02-02 05:00:00+00:00,2023-02-03 10:00:00+00:00,30,26,1.0385500344488179,0.03461833448162726,0.1513371653543307,19.0,17.0,3
Atlanta,Stage IV,Winter,2023,397,2023-02-09 13:00:00+00:00,2023-02-10 09:00:00+00:00,21,15,0.3862734891732275,0.018393975674915596,0.0735929724409448,146.0,12.0,6
Atlanta,Stage IV,Winter,2023,398,2023-02-11 18:00:00+00:00,2023-02-12 20:00:00+00:00,27,25,0.8533322071850382,0.03160489656240882,0.0970153051181102,32.0,7.0,2
Atlanta,Stage IV,Winter,2023,399,2023-02-15 13:00:00+00:00,2023-02-15 19:00:00+00:00,7,6,0.1448662967519681,0.02069518525028116,0.0393700787401574,64.0,3.0,1
Atlanta,Stage IV,Winter,2023,400,2023-02-17 06:00:00+00:00,2023-02-17 15:00:00+00:00,10,10,1.0919217864173223,0.10919217864173222,0.5655822268700788,34.0,4.0,0
Atlanta,Stage IV,Winter,2023,401,2023-02-21 09:00:00+00:00,2023-02-21 22:00:00+00:00,14,9,0.11885428641732232,0.008489591886951595,0.0259652534448818,89.0,6.0,5
Atlanta,Stage IV,Winter,2023,402,2023-02-24 20:00:00+00:00,2023-02-25 18:00:00+00:00,23,11,0.17882070127952704,0.0077748130991098716,0.0984674581692913,18.0,4.0,5
Atlanta,Stage IV,Spring,2023,403,2023-03-02 11:00:00+00:00,2023-03-04 01:00:00+00:00,39,24,0.6259962450787392,0.016051185771249723,0.261775656988189,61.0,36.0,3
Atlanta,Stage IV,Spring,2023,404,2023-03-09 04:00:00+00:00,2023-03-10 15:00:00+00:00,36,26,0.7045708538385815,0.019571412606627266,0.1040000565944882,122.0,27.0,2
Atlanta,Stage IV,Spring,2023,405,2023-03-12 07:00:00+00:00,2023-03-12 23:00:00+00:00,17,11,1.284638885334645,0.07556699325497912,0.307491092519685,39.0,3.0,3
Atlanta,Stage IV,Spring,2023,406,2023-03-17 12:00:00+00:00,2023-03-18 01:00:00+00:00,14,13,0.8253420497047238,0.05895300355033741,0.1604770866141732,108.0,7.0,1
Atlanta,Stage IV,Spring,2023,407,2023-03-25 10:00:00+00:00,2023-03-25 14:00:00+00:00,5,4,0.5097759817913384,0.10195519635826769,0.44018124753937,67.0,1.0,1
Atlanta,Stage IV,Spring,2023,408,2023-03-26 09:00:00+00:00,2023-03-27 15:00:00+00:00,31,26,2.4344106422244085,0.07852937555562609,0.6850459916338583,18.0,17.0,4
Atlanta,Stage IV,Spring,2023,409,2023-04-01 12:00:00+00:00,2023-04-01 15:00:00+00:00,4,4,1.192906998031496,0.298226749507874,0.989607559055118,15.0,1.0,0
Atlanta,Stage IV,Spring,2023,410,2023-04-03 12:00:00+00:00,2023-04-03 20:00:00+00:00,9,9,0.1098518848425194,0.012205764982502155,0.0270284375,44.0,5.0,0
Atlanta,Stage IV,Spring,2023,411,2023-04-08 12:00:00+00:00,2023-04-08 23:00:00+00:00,12,12,1.910676793799212,0.15922306614993434,0.3070545595472441,26.0,3.0,0
Atlanta,Stage IV,Spring,2023,412,2023-04-13 16:00:00+00:00,2023-04-15 00:00:00+00:00,33,18,0.621520684055117,0.018833960122882333,0.1410862352362204,112.0,27.0,5
Atlanta,Stage IV,Spring,2023,413,2023-04-16 06:00:00+00:00,2023-04-16 21:00:00+00:00,16,6,0.16678636072834618,0.010424147545521636,0.1195231619094488,29.0,1.0,8
Atlanta,Stage IV,Spring,2023,414,2023-04-22 07:00:00+00:00,2023-04-22 12:00:00+00:00,6,6,0.267559928641732,0.044593321440288665,0.1717422933070866,129.0,1.0,0
Atlanta,Stage IV,Spring,2023,415,2023-04-27 12:00:00+00:00,2023-04-28 08:00:00+00:00,21,11,0.22656004429133803,0.010788573537682764,0.1027513951771653,11.0,6.0,10
Atlanta,Stage IV,Spring,2023,416,2023-04-30 02:00:00+00:00,2023-04-30 15:00:00+00:00,14,14,1.3305503715551177,0.09503931225393698,0.2883650541338582,41.0,7.0,0
Atlanta,Stage IV,Spring,2023,417,2023-05-07 21:00:00+00:00,2023-05-08 20:00:00+00:00,24,9,0.16413358759842459,0.006838899483267691,0.0639775885826771,44.0,1.0,10
Atlanta,Stage IV,Spring,2023,418,2023-05-12 09:00:00+00:00,2023-05-12 23:00:00+00:00,15,8,0.31057270669291287,0.020704847112860858,0.198795593011811,57.0,7.0,4
Atlanta,Stage IV,Spring,2023,419,2023-05-16 21:00:00+00:00,2023-05-17 04:00:00+00:00,8,7,0.41759440206692877,0.052199300258366096,0.1744812770669291,17.0,1.0,1
Atlanta,Stage IV,Spring,2023,420,2023-05-20 19:00:00+00:00,2023-05-21 05:00:00+00:00,11,4,0.4496523622047242,0.04087748747315675,0.3829087647637795,43.0,9.0,7
Atlanta,Stage IV,Spring,2023,421,2023-05-22 11:00:00+00:00,2023-05-23 18:00:00+00:00,32,22,0.5266153543307077,0.016456729822834616,0.139103218503937,29.0,11.0,4
Atlanta,Stage IV,Summer,2023,422,2023-06-04 16:00:00+00:00,2023-06-05 02:00:00+00:00,11,6,0.16731102854330682,0.015210093503936983,0.0663981569881889,285.0,8.0,5
Atlanta,Stage IV,Summer,2023,423,2023-06-06 22:00:00+00:00,2023-06-07 04:00:00+00:00,7,7,0.10864064468503902,0.015520092097862717,0.0347817962598425,43.0,0.0,0
Atlanta,Stage IV,Summer,2023,424,2023-06-11 12:00:00+00:00,2023-06-12 09:00:00+00:00,22,11,0.4822870866141728,0.021922140300644218,0.1209217273622047,103.0,11.0,5
Atlanta,Stage IV,Summer,2023,425,2023-06-14 14:00:00+00:00,2023-06-15 08:00:00+00:00,19,9,0.48902753937007826,0.02573829154579359,0.3285419438976378,19.0,0.0,8
Atlanta,Stage IV,Summer,2023,426,2023-06-19 08:00:00+00:00,2023-06-19 21:00:00+00:00,14,12,0.6570148056102356,0.04692962897215969,0.2127043380905512,95.0,3.0,2
Atlanta,Stage IV,Summer,2023,427,2023-06-20 18:00:00+00:00,2023-06-22 20:00:00+00:00,51,26,1.288797711614172,0.025270543364983765,0.3699066289370079,20.0,25.0,6
Atlanta,Stage IV,Summer,2023,428,2023-06-25 23:00:00+00:00,2023-06-26 01:00:00+00:00,3,3,0.4700567913385827,0.1566855971128609,0.3362693011811024,49.0,0.0,0
Atlanta,Stage IV,Summer,2023,429,2023-07-04 00:00:00+00:00,2023-07-04 01:00:00+00:00,2,2,0.7766994857283465,0.38834974286417323,0.737950907972441,18.0,0.0,0
Atlanta,Stage IV,Summer,2023,430,2023-07-04 13:00:00+00:00,2023-07-05 02:00:00+00:00,14,7,0.355298959153543,0.025378497082395927,0.2070730339566929,11.0,2.0,6
Atlanta,Stage IV,Summer,2023,431,2023-07-05 14:00:00+00:00,2023-07-05 18:00:00+00:00,5,4,0.46617119094488185,0.09323423818897637,0.3121279453740158,11.0,3.0,1
Atlanta,Stage IV,Summer,2023,432,2023-07-07 11:00:00+00:00,2023-07-07 23:00:00+00:00,13,4,0.29003472440944855,0.022310363416111426,0.2586700836614173,13.0,10.0,9
Atlanta,Stage IV,Summer,2023,433,2023-07-08 20:00:00+00:00,2023-07-09 03:00:00+00:00,8,4,0.1347259571850391,0.016840744648129888,0.0804802534448818,20.0,6.0,4
Atlanta,Stage IV,Summer,2023,434,2023-07-10 02:00:00+00:00,2023-07-10 14:00:00+00:00,13,11,0.7046668110236216,0.054205139309509355,0.1926831003937008,22.0,9.0,2
Atlanta,Stage IV,Summer,2023,435,2023-07-20 23:00:00+00:00,2023-07-21 02:00:00+00:00,4,4,0.3483008735236219,0.08707521838090547,0.3213667445866141,27.0,0.0,0
Atlanta,Stage IV,Summer,2023,436,2023-07-21 21:00:00+00:00,2023-07-22 14:00:00+00:00,18,11,3.3905007480314953,0.1883611526684164,1.3479905118110236,18.0,2.0,7
Atlanta,Stage IV,Summer,2023,437,2023-07-28 21:00:00+00:00,2023-07-29 02:00:00+00:00,6,6,0.3841620693897636,0.0640270115649606,0.2711480142716536,45.0,3.0,0
Atlanta,Stage IV,Summer,2023,438,2023-07-30 04:00:00+00:00,2023-07-30 05:00:00+00:00,2,2,0.38141471948818895,0.19070735974409447,0.3587526673228347,25.0,0.0,0
Atlanta,Stage IV,Summer,2023,439,2023-08-03 15:00:00+00:00,2023-08-03 22:00:00+00:00,8,5,0.5529216092519684,0.06911520115649605,0.4509547022637796,105.0,6.0,3
Atlanta,Stage IV,Summer,2023,440,2023-08-06 17:00:00+00:00,2023-08-07 23:00:00+00:00,31,15,1.8253352829724403,0.058881783321691625,0.5126554773622047,42.0,29.0,8
Atlanta,Stage IV,Summer,2023,441,2023-08-10 02:00:00+00:00,2023-08-10 15:00:00+00:00,14,7,0.2734706274606298,0.01953361624718784,0.1595777706692913,26.0,12.0,6
Atlanta,Stage IV,Summer,2023,442,2023-08-11 10:00:00+00:00,2023-08-12 00:00:00+00:00,15,8,0.8809083587598423,0.05872722391732282,0.4041179798228347,18.0,1.0,7
Atlanta,Stage IV,Summer,2023,443,2023-08-12 21:00:00+00:00,2023-08-13 00:00:00+00:00,4,4,1.0653483538385824,0.2663370884596456,0.5712270964566929,20.0,1.0,0
Atlanta,Stage IV,Summer,2023,444,2023-08-15 17:00:00+00:00,2023-08-15 20:00:00+00:00,4,3,0.1036115723425195,0.025902893085629874,0.0822436441929133,16.0,2.0,1
Atlanta,Stage IV,Summer,2023,445,2023-08-27 18:00:00+00:00,2023-08-29 10:00:00+00:00,41,21,2.675272249015747,0.06525054265892065,0.8507251131889763,18.0,13.0,7
Atlanta,Stage IV,Summer,2023,446,2023-08-29 23:00:00+00:00,2023-08-30 06:00:00+00:00,8,8,0.9181142642716535,0.1147642830339567,0.4425884128937008,12.0,1.0,0
Atlanta,Stage IV,Summer,2023,447,2023-08-31 00:00:00+00:00,2023-08-31 02:00:00+00:00,3,3,0.4000617642716534,0.13335392142388447,0.3561009473425197,17.0,1.0,0
Atlanta,Stage IV,Fall,2023,448,2023-09-09 17:00:00+00:00,2023-09-10 04:00:00+00:00,12,6,0.4216074606299211,0.03513395505249343,0.2678264591535433,230.0,2.0,6
Atlanta,Stage IV,Fall,2023,449,2023-09-12 18:00:00+00:00,2023-09-13 10:00:00+00:00,17,9,0.30376985236220433,0.01786881484483555,0.1046586614173228,39.0,13.0,4
Atlanta,Stage IV,Fall,2023,450,2023-09-14 17:00:00+00:00,2023-09-15 16:00:00+00:00,24,17,2.0004168676181098,0.08335070281742124,1.0747841437007872,30.0,1.0,3
Atlanta,Stage IV,Fall,2023,451,2023-09-16 14:00:00+00:00,2023-09-17 09:00:00+00:00,20,11,0.9576246998031491,0.04788123499015746,0.3091059571850393,21.0,17.0,8
Atlanta,Stage IV,Fall,2024,452,2023-10-06 23:00:00+00:00,2023-10-07 00:00:00+00:00,2,2,0.1217975516732282,0.0608987758366141,0.0669778543307086,469.0,0.0,0
Atlanta,Stage IV,Fall,2024,453,2023-10-11 21:00:00+00:00,2023-10-12 13:00:00+00:00,17,17,1.0724373745078732,0.0630845514416396,0.2871120915354331,116.0,9.0,0
Atlanta,Stage IV,Fall,2024,454,2023-10-13 13:00:00+00:00,2023-10-14 04:00:00+00:00,16,9,0.1920992175196845,0.012006201094980282,0.0631047317913385,23.0,14.0,4
Atlanta,Stage IV,Fall,2024,455,2023-10-19 22:00:00+00:00,2023-10-20 12:00:00+00:00,15,5,0.2606623400590549,0.01737748933727033,0.1779409522637795,137.0,13.0,10
Atlanta,Stage IV,Fall,2024,456,2023-11-10 16:00:00+00:00,2023-11-12 03:00:00+00:00,36,21,0.8049967741141723,0.02236102150317145,0.1259775836614173,507.0,19.0,9
Atlanta,Stage IV,Fall,2024,457,2023-11-21 09:00:00+00:00,2023-11-22 00:00:00+00:00,16,15,0.8677912524606293,0.05423695327878933,0.3552282923228346,81.0,12.0,1
Atlanta,Stage IV,Winter,2024,458,2023-12-01 12:00:00+00:00,2023-12-01 17:00:00+00:00,6,5,0.23685529035433048,0.039475881725721744,0.155644623523622,106.0,2.0,1
Atlanta,Stage IV,Winter,2024,459,2023-12-03 03:00:00+00:00,2023-12-03 13:00:00+00:00,11,6,0.24835893700787381,0.022578085182533982,0.2224136294291338,33.0,9.0,5
Atlanta,Stage IV,Winter,2024,460,2023-12-09 10:00:00+00:00,2023-12-11 00:00:00+00:00,39,29,1.7141915206692895,0.04395362873510999,0.4364284005905511,140.0,25.0,6
Atlanta,Stage IV,Winter,2024,461,2023-12-25 02:00:00+00:00,2023-12-26 22:00:00+00:00,45,39,2.1618369881889747,0.048040821959754995,0.5424803764763778,173.0,21.0,4
Atlanta,Stage IV,Winter,2024,462,2024-01-06 04:00:00+00:00,2024-01-06 14:00:00+00:00,11,11,0.9370740821850392,0.08518855292591265,0.225671439468504,52.0,4.0,0
Atlanta,Stage IV,Winter,2024,463,2024-01-09 01:00:00+00:00,2024-01-10 02:00:00+00:00,26,20,3.2493252805118096,0.12497404925045422,0.6357553789370077,58.0,11.0,6
Atlanta,Stage IV,Winter,2024,464,2024-01-12 15:00:00+00:00,2024-01-12 23:00:00+00:00,9,9,0.34418791092519635,0.0382431012139107,0.1003271358267716,60.0,5.0,0
Atlanta,Stage IV,Winter,2024,465,2024-01-16 07:00:00+00:00,2024-01-16 13:00:00+00:00,7,7,0.40739489419291314,0.05819927059898759,0.1468606348425196,79.0,4.0,0
Atlanta,Stage IV,Winter,2024,466,2024-01-24 12:00:00+00:00,2024-01-26 01:00:00+00:00,38,24,1.5438605339566918,0.04062790878833399,0.2203697859251968,21.0,20.0,5
Atlanta,Stage IV,Winter,2024,467,2024-01-27 10:00:00+00:00,2024-01-28 03:00:00+00:00,18,15,0.5011565428149599,0.02784203015638666,0.1065833710629921,32.0,9.0,2
Atlanta,Stage IV,Winter,2024,468,2024-02-04 19:00:00+00:00,2024-02-05 11:00:00+00:00,17,15,0.5093646112204717,0.029962624189439513,0.1001501648622047,108.0,8.0,1
Atlanta,Stage IV,Winter,2024,469,2024-02-10 22:00:00+00:00,2024-02-13 07:00:00+00:00,58,41,2.9064617101377936,0.0501114087954792,0.2971302534448819,130.0,30.0,9
Atlanta,Stage IV,Winter,2024,470,2024-02-23 02:00:00+00:00,2024-02-23 12:00:00+00:00,11,7,0.278349744094488,0.025304522190407998,0.1310479847440945,134.0,6.0,3
Atlanta,Stage IV,Winter,2024,471,2024-02-28 21:00:00+00:00,2024-02-28 22:00:00+00:00,2,2,0.3063586638779527,0.15317933193897634,0.241072623031496,128.0,0.0,0
Atlanta,Stage IV,Spring,2024,472,2024-03-01 08:00:00+00:00,2024-03-02 03:00:00+00:00,20,19,1.4169651476377942,0.07084825738188971,0.2400984153543307,33.0,6.0,1
Atlanta,Stage IV,Spring,2024,473,2024-03-05 16:00:00+00:00,2024-03-06 21:00:00+00:00,30,28,3.1686950861220473,0.10562316953740157,0.5023030561023623,84.0,15.0,2
Atlanta,Stage IV,Spring,2024,474,2024-03-08 12:00:00+00:00,2024-03-09 14:00:00+00:00,27,16,1.6727378617125976,0.06195325413750362,0.3180082504921259,38.0,16.0,9
Atlanta,Stage IV,Spring,2024,475,2024-03-15 15:00:00+00:00,2024-03-16 00:00:00+00:00,10,6,0.17082692667322813,0.01708269266732281,0.0430234498031496,144.0,2.0,4
Atlanta,Stage IV,Spring,2024,476,2024-03-22 16:00:00+00:00,2024-03-23 04:00:00+00:00,13,13,0.4274702977362199,0.03288233059509384,0.0843048449803149,122.0,6.0,0
Atlanta,Stage IV,Spring,2024,477,2024-03-26 11:00:00+00:00,2024-03-26 23:00:00+00:00,13,11,0.7388950270669286,0.056838079005148354,0.3183069685039369,78.0,8.0,1
Atlanta,Stage IV,Spring,2024,478,2024-04-03 03:00:00+00:00,2024-04-03 08:00:00+00:00,6,6,1.221413410433071,0.20356890173884515,0.7345541018700789,171.0,1.0,0
Atlanta,Stage IV,Spring,2024,479,2024-04-09 04:00:00+00:00,2024-04-10 07:00:00+00:00,28,18,0.7861495693897631,0.028076770335348684,0.2623930905511811,139.0,7.0,4
Atlanta,Stage IV,Spring,2024,480,2024-04-10 23:00:00+00:00,2024-04-12 01:00:00+00:00,27,19,0.394211257381889,0.014600416940069963,0.1066575984251968,15.0,1.0,5
Atlanta,Stage IV,Spring,2024,481,2024-04-18 00:00:00+00:00,2024-04-18 03:00:00+00:00,4,4,0.1259896210629919,0.03149740526574798,0.0523887893700787,142.0,2.0,0
Atlanta,Stage IV,Spring,2024,482,2024-04-19 10:00:00+00:00,2024-04-19 13:00:00+00:00,4,4,0.1289575615157479,0.03223939037893697,0.0644226181102362,30.0,2.0,0
Atlanta,Stage IV,Spring,2024,483,2024-04-21 04:00:00+00:00,2024-04-21 19:00:00+00:00,16,15,0.6975020497047238,0.04359387810654524,0.2174084719488189,38.0,1.0,1
Atlanta,Stage IV,Spring,2024,484,2024-04-30 11:00:00+00:00,2024-04-30 18:00:00+00:00,8,8,0.17933294045275558,0.022416617556594447,0.0683365501968503,207.0,6.0,0
Atlanta,Stage IV,Spring,2024,485,2024-05-04 11:00:00+00:00,2024-05-04 14:00:00+00:00,4,4,0.6983332234251965,0.17458330585629914,0.5502482554133857,23.0,1.0,0
Atlanta,Stage IV,Spring,2024,486,2024-05-05 08:00:00+00:00,2024-05-06 08:00:00+00:00,25,9,0.8302054921259837,0.03320821968503935,0.4789781988188976,17.0,14.0,6
Atlanta,Stage IV,Spring,2024,487,2024-05-09 13:00:00+00:00,2024-05-09 18:00:00+00:00,6,5,0.4864455167322833,0.08107425278871389,0.2216839222440945,76.0,3.0,1
Atlanta,Stage IV,Spring,2024,488,2024-05-10 09:00:00+00:00,2024-05-10 11:00:00+00:00,3,3,0.1214480487204723,0.0404826829068241,0.0576542396653543,14.0,1.0,0
Atlanta,Stage IV,Spring,2024,489,2024-05-18 10:00:00+00:00,2024-05-19 02:00:00+00:00,17,7,0.2084536835629918,0.012261981386058341,0.091593562992126,14.0,10.0,7
Atlanta,Stage IV,Spring,2024,490,2024-05-24 17:00:00+00:00,2024-05-24 18:00:00+00:00,2,2,0.1534161811023621,0.07670809055118105,0.1468764148622047,134.0,0.0,0
Atlanta,Stage IV,Spring,2024,491,2024-05-25 15:00:00+00:00,2024-05-25 16:00:00+00:00,2,2,0.1969844192913385,0.09849220964566925,0.1450530364173228,20.0,0.0,0
Atlanta,Stage IV,Spring,2024,492,2024-05-27 12:00:00+00:00,2024-05-27 15:00:00+00:00,4,4,1.0163105241141732,0.2540776310285433,0.5399421875,43.0,1.0,0
Atlanta,Stage IV,Summer,2024,493,2024-06-02 04:00:00+00:00,2024-06-03 06:00:00+00:00,27,11,0.22551503690944832,0.008352408774424011,0.0798962598425196,132.0,25.0,8
Atlanta,Stage IV,Summer,2024,494,2024-06-04 18:00:00+00:00,2024-06-04 19:00:00+00:00,2,2,0.42511482775590537,0.21255741387795268,0.3090772957677165,17.0,1.0,0
Atlanta,Stage IV,Summer,2024,495,2024-06-10 03:00:00+00:00,2024-06-10 08:00:00+00:00,6,5,0.2068092790354328,0.034468213172572135,0.139234749015748,76.0,4.0,1
Atlanta,Stage IV,Summer,2024,496,2024-06-24 10:00:00+00:00,2024-06-24 11:00:00+00:00,2,2,0.1089438533464566,0.0544719266732283,0.1071395349409448,337.0,0.0,0
Atlanta,Stage IV,Summer,2024,497,2024-06-27 18:00:00+00:00,2024-06-27 23:00:00+00:00,6,5,0.2913879724409447,0.048564662073490784,0.2147679183070866,14.0,3.0,1
Atlanta,Stage IV,Summer,2024,498,2024-06-28 13:00:00+00:00,2024-06-29 22:00:00+00:00,34,14,0.20383921013779469,0.005995270886405726,0.0679400492125984,13.0,32.0,9
Atlanta,Stage IV,Summer,2024,499,2024-07-04 23:00:00+00:00,2024-07-05 01:00:00+00:00,3,3,0.6439493848425195,0.2146497949475065,0.5820865452755906,68.0,1.0,0
Atlanta,Stage IV,Summer,2024,500,2024-07-05 16:00:00+00:00,2024-07-06 04:00:00+00:00,13,7,0.3022883267716533,0.0232529482132041,0.0965273892716535,14.0,4.0,5
Atlanta,Stage IV,Summer,2024,501,2024-07-06 19:00:00+00:00,2024-07-07 05:00:00+00:00,11,7,0.3471140551181099,0.03155582319255545,0.1151699114173228,14.0,1.0,4
Atlanta,Stage IV,Summer,2024,502,2024-07-07 23:00:00+00:00,2024-07-08 03:00:00+00:00,5,5,1.2330993282480314,0.24661986564960628,0.8336654207677165,17.0,3.0,0
Atlanta,Stage IV,Summer,2024,503,2024-07-09 21:00:00+00:00,2024-07-10 01:00:00+00:00,5,4,0.4338328272637794,0.08676656545275588,0.406031094980315,41.0,0.0,1
Atlanta,Stage IV,Summer,2024,504,2024-07-15 20:00:00+00:00,2024-07-16 00:00:00+00:00,5,4,0.22470253198818868,0.04494050639763773,0.1745121481299212,138.0,1.0,1
Atlanta,Stage IV,Summer,2024,505,2024-07-16 19:00:00+00:00,2024-07-16 21:00:00+00:00,3,3,0.164178902559055,0.054726300853018335,0.1514394217519685,18.0,1.0,0
Atlanta,Stage IV,Summer,2024,506,2024-07-17 19:00:00+00:00,2024-07-17 23:00:00+00:00,5,4,0.2114561564960628,0.04229123129921256,0.2048506446850393,21.0,1.0,1
Atlanta,Stage IV,Summer,2024,507,2024-07-18 19:00:00+00:00,2024-07-22 05:00:00+00:00,83,35,2.4495358193897627,0.02951247975168389,0.5508506766732284,19.0,1.0,10
Atlanta,Stage IV,Summer,2024,508,2024-07-23 21:00:00+00:00,2024-07-24 04:00:00+00:00,8,8,0.5850186909448816,0.0731273363681102,0.1875208809055118,39.0,2.0,0
Atlanta,Stage IV,Summer,2024,509,2024-07-24 20:00:00+00:00,2024-07-25 22:00:00+00:00,27,13,1.2333498449803144,0.04567962388815979,0.4919343233267717,15.0,4.0,8
Atlanta,Stage IV,Summer,2024,510,2024-07-28 14:00:00+00:00,2024-07-29 03:00:00+00:00,14,10,0.6886094389763775,0.04918638849831268,0.1832535556102362,35.0,3.0,2
Atlanta,Stage IV,Summer,2024,511,2024-07-29 17:00:00+00:00,2024-07-30 03:00:00+00:00,11,9,0.36049494586614117,0.032772267806012834,0.1784769020669291,13.0,1.0,1
Atlanta,Stage IV,Summer,2024,512,2024-07-30 17:00:00+00:00,2024-07-31 12:00:00+00:00,20,6,0.101571304133858,0.0050785652066929,0.0883457997047243,13.0,2.0,8
Atlanta,Stage IV,Summer,2024,513,2024-08-04 19:00:00+00:00,2024-08-05 01:00:00+00:00,7,6,0.15005175688976358,0.021435965269966224,0.0958873991141732,36.0,1.0,1
Atlanta,Stage IV,Summer,2024,514,2024-08-17 02:00:00+00:00,2024-08-17 04:00:00+00:00,3,3,0.46612040846456676,0.15537346948818892,0.3644441215551181,288.0,0.0,0
Atlanta,Stage IV,Summer,2024,515,2024-08-17 23:00:00+00:00,2024-08-18 08:00:00+00:00,10,7,0.24241614665354302,0.0242416146653543,0.0764342249015748,18.0,2.0,3
Atlanta,Stage IV,Summer,2024,516,2024-08-18 20:00:00+00:00,2024-08-19 00:00:00+00:00,5,4,0.2566004921259842,0.05132009842519684,0.1512009793307087,11.0,0.0,1
Atlanta,Stage IV,Summer,2024,517,2024-08-30 20:00:00+00:00,2024-08-31 00:00:00+00:00,5,5,0.18972267716535401,0.0379445354330708,0.1357701279527559,264.0,2.0,0
Atlanta,Stage IV,Fall,2024,518,2024-09-12 04:00:00+00:00,2024-09-13 12:00:00+00:00,33,22,0.2703146604330701,0.00819135334645667,0.0433627411417322,122.0,3.0,3
Atlanta,Stage IV,Fall,2024,519,2024-09-14 16:00:00+00:00,2024-09-15 18:00:00+00:00,27,11,0.11699761811023542,0.004333245115193904,0.0348577312992125,12.0,17.0,9
Atlanta,Stage IV,Fall,2024,520,2024-09-25 11:00:00+00:00,2024-09-27 13:00:00+00:00,51,44,10.463764005905512,0.20517184325304924,0.6668251107283465,232.0,11.0,3
Atlanta,Stage IV,Fall,2025,521,2024-11-14 03:00:00+00:00,2024-11-14 16:00:00+00:00,14,14,0.9839567519685033,0.07028262514060737,0.2066701599409449,68.0,6.0,0
Atlanta,Stage IV,Fall,2025,522,2024-11-19 10:00:00+00:00,2024-11-20 12:00:00+00:00,27,23,1.8643573474409438,0.06905027212744236,0.3161392101377952,113.0,23.0,2
Atlanta,Stage IV,Fall,2025,523,2024-11-26 09:00:00+00:00,2024-11-26 11:00:00+00:00,3,3,0.30026161417322816,0.10008720472440939,0.2316181963582677,140.0,1.0,0
Atlanta,Stage IV,Winter,2025,524,2024-12-09 03:00:00+00:00,2024-12-11 11:00:00+00:00,57,38,2.0718904207677147,0.03634895475031078,0.2414531496062992,91.0,43.0,6
Atlanta,Stage IV,Winter,2025,525,2024-12-28 00:00:00+00:00,2024-12-28 07:00:00+00:00,8,7,0.5037844709645667,0.06297305887057084,0.1409348302165354,18.0,5.0,1
Atlanta,Stage IV,Winter,2025,526,2024-12-28 21:00:00+00:00,2024-12-29 13:00:00+00:00,17,14,1.493742266240157,0.08786719213177394,0.4935913730314961,13.0,13.0,3
Atlanta,Stage IV,Winter,2025,527,2025-01-05 20:00:00+00:00,2025-01-06 13:00:00+00:00,18,12,0.8640168184055113,0.04800093435586174,0.230019375,174.0,14.0,5
Atlanta,Stage IV,Winter,2025,528,2025-01-10 10:00:00+00:00,2025-01-11 04:00:00+00:00,19,19,0.7764840698818888,0.04086758262536257,0.1135327239173228,92.0,12.0,0
Atlanta,Stage IV,Winter,2025,529,2025-01-18 06:00:00+00:00,2025-01-18 14:00:00+00:00,9,9,0.7243180733267712,0.0804797859251968,0.2534985556102362,169.0,5.0,0
Atlanta,Stage IV,Winter,2025,530,2025-01-27 04:00:00+00:00,2025-01-27 18:00:00+00:00,15,15,0.4150650393700782,0.02767100262467188,0.0687598031496063,124.0,7.0,0
Atlanta,Stage IV,Winter,2025,531,2025-01-31 17:00:00+00:00,2025-02-01 05:00:00+00:00,13,9,0.4165685826771648,0.03204373712901268,0.1867202903543307,94.0,5.0,4
Atlanta,Stage IV,Winter,2025,532,2025-02-07 10:00:00+00:00,2025-02-07 11:00:00+00:00,2,2,0.1323146382874015,0.06615731914370075,0.1287938188976378,26.0,1.0,0
Atlanta,Stage IV,Winter,2025,533,2025-02-09 10:00:00+00:00,2025-02-09 13:00:00+00:00,4,4,0.1298227559055116,0.0324556889763779,0.105036028543307,46.0,1.0,0
Atlanta,Stage IV,Winter,2025,534,2025-02-11 07:00:00+00:00,2025-02-13 09:00:00+00:00,51,41,4.321462502460629,0.08473455887177704,0.6918560334645668,41.0,47.0,7
Atlanta,Stage IV,Winter,2025,535,2025-02-16 09:00:00+00:00,2025-02-16 15:00:00+00:00,7,5,0.8659781274606296,0.12371116106580424,0.6749408858267716,13.0,1.0,2
Atlanta,Stage IV,Spring,2025,536,2025-03-05 06:00:00+00:00,2025-03-05 10:00:00+00:00,5,5,1.1667032308070864,0.23334064616141728,0.5232824557086615,324.0,2.0,0
Atlanta,Stage IV,Spring,2025,537,2025-03-09 10:00:00+00:00,2025-03-10 19:00:00+00:00,34,27,0.7813711294291324,0.02298150380673919,0.1230790354330708,77.0,28.0,4
Atlanta,Stage IV,Spring,2025,538,2025-03-16 04:00:00+00:00,2025-03-16 08:00:00+00:00,5,5,0.7207150073818895,0.1441430014763779,0.2741735999015748,56.0,2.0,0
Atlanta,Stage IV,Spring,2025,539,2025-03-24 09:00:00+00:00,2025-03-24 16:00:00+00:00,8,7,0.2319098080708659,0.028988726008858236,0.1050133710629921,94.0,0.0,1
Atlanta,Stage IV,Spring,2025,540,2025-03-31 17:00:00+00:00,2025-03-31 19:00:00+00:00,3,3,0.5131905290354329,0.17106350967847764,0.4053245989173228,17.0,1.0,0
Atlanta,Stage IV,Spring,2025,541,2025-04-06 17:00:00+00:00,2025-04-07 23:00:00+00:00,31,28,2.3957146678149597,0.07728111831661161,0.6675232062007875,65.0,1.0,3
Atlanta,Stage IV,Spring,2025,542,2025-04-11 01:00:00+00:00,2025-04-11 05:00:00+00:00,5,4,0.48733931102362193,0.09746786220472439,0.3201112278543306,73.0,1.0,1
Atlanta,Stage IV,Spring,2025,543,2025-04-23 18:00:00+00:00,2025-04-25 05:00:00+00:00,36,20,0.46400779527558966,0.012889105424321935,0.1831585039370079,14.0,1.0,6
Atlanta,Stage IV,Spring,2025,544,2025-04-25 20:00:00+00:00,2025-04-26 07:00:00+00:00,12,8,0.5163112204724406,0.04302593503937005,0.3171528961614173,14.0,7.0,4
Atlanta,Stage IV,Spring,2025,545,2025-05-01 09:00:00+00:00,2025-05-01 12:00:00+00:00,4,4,0.107531899606299,0.02688297490157475,0.0630973302165354,121.0,2.0,0
Atlanta,Stage IV,Spring,2025,546,2025-05-03 02:00:00+00:00,2025-05-03 04:00:00+00:00,3,3,0.1191435482283463,0.03971451607611543,0.0698962844488188,37.0,1.0,0
Atlanta,Stage IV,Spring,2025,547,2025-05-03 17:00:00+00:00,2025-05-04 03:00:00+00:00,11,7,0.5548417888779524,0.0504401626252684,0.3421351279527559,12.0,8.0,4
Atlanta,Stage IV,Spring,2025,548,2025-05-07 10:00:00+00:00,2025-05-07 17:00:00+00:00,8,7,0.21909165108267678,0.027386456385334598,0.088813622047244,78.0,1.0,1
Atlanta,Stage IV,Spring,2025,549,2025-05-10 09:00:00+00:00,2025-05-11 06:00:00+00:00,22,20,1.0438024286417313,0.047445564938260514,0.201128841043307,51.0,2.0,1
Atlanta,Stage IV,Spring,2025,550,2025-05-11 22:00:00+00:00,2025-05-12 21:00:00+00:00,24,18,0.7845266412401567,0.03268861005167319,0.2681857283464567,15.0,1.0,4
Atlanta,Stage IV,Spring,2025,551,2025-05-13 18:00:00+00:00,2025-05-14 11:00:00+00:00,18,7,0.1491256471456691,0.008284758174759394,0.0512611220472441,20.0,16.0,8
Atlanta,Stage IV,Spring,2025,552,2025-05-17 13:00:00+00:00,2025-05-17 15:00:00+00:00,3,3,0.1053773080708661,0.03512576935695536,0.0804183562992126,73.0,0.0,0
Atlanta,Stage IV,Spring,2025,553,2025-05-18 14:00:00+00:00,2025-05-18 15:00:00+00:00,2,2,0.1476257923228346,0.0738128961614173,0.1070977780511811,22.0,1.0,0
Atlanta,Stage IV,Spring,2025,554,2025-05-21 05:00:00+00:00,2025-05-21 10:00:00+00:00,6,5,1.5661768897637791,0.2610294816272965,0.9051443848425196,38.0,1.0,1
Atlanta,Stage IV,Spring,2025,555,2025-05-25 05:00:00+00:00,2025-05-25 10:00:00+00:00,6,5,0.6485939862204723,0.10809899770341204,0.382732123523622,90.0,2.0,1
Atlanta,Stage IV,Spring,2025,556,2025-05-26 02:00:00+00:00,2025-05-28 22:00:00+00:00,69,31,2.4695400713582663,0.03579043581678647,0.4944502312992125,15.0,26.0,10
Atlanta,Stage IV,Spring,2025,557,2025-05-29 12:00:00+00:00,2025-05-29 22:00:00+00:00,11,11,0.4432145324803144,0.040292230225483124,0.0956380019685039,13.0,7.0,0
Atlanta,Stage IV,Spring,2025,558,2025-05-30 17:00:00+00:00,2025-05-30 19:00:00+00:00,3,3,0.3393821112204723,0.1131273704068241,0.3015048966535433,18.0,1.0,0
Atlanta,Stage IV,Summer,2025,559,2025-06-04 17:00:00+00:00,2025-06-05 00:00:00+00:00,8,8,0.2748255068897635,0.034353188361220435,0.0771049458661417,117.0,1.0,0
Atlanta,Stage IV,Summer,2025,560,2025-06-07 21:00:00+00:00,2025-06-08 00:00:00+00:00,4,4,0.6627542273622046,0.16568855684055114,0.5607917962598425,17.0,1.0,0
Atlanta,Stage IV,Summer,2025,561,2025-06-09 16:00:00+00:00,2025-06-10 04:00:00+00:00,13,7,0.2695440748031491,0.02073415960024224,0.1956788779527558,27.0,1.0,3
Atlanta,Stage IV,Summer,2025,562,2025-06-10 17:00:00+00:00,2025-06-11 00:00:00+00:00,8,6,0.360286961122047,0.045035870140255875,0.1756757627952755,12.0,3.0,2
Atlanta,Stage IV,Summer,2025,563,2025-06-11 21:00:00+00:00,2025-06-11 22:00:00+00:00,2,2,0.2149215871062991,0.10746079355314955,0.1684234867125984,20.0,1.0,0
Atlanta,Stage IV,Summer,2025,564,2025-06-12 16:00:00+00:00,2025-06-13 06:00:00+00:00,15,9,0.7279004330708658,0.048526695538057725,0.5245963681102362,17.0,8.0,3
Atlanta,Stage IV,Summer,2025,565,2025-06-14 18:00:00+00:00,2025-06-15 06:00:00+00:00,13,8,0.8527228961614169,0.0655940689354936,0.3976616412401574,13.0,2.0,3
Atlanta,Stage IV,Summer,2025,566,2025-06-17 21:00:00+00:00,2025-06-18 00:00:00+00:00,4,4,0.37006680118110225,0.09251670029527556,0.2182563287401575,15.0,2.0,0
Atlanta,Stage IV,Summer,2025,567,2025-06-25 23:00:00+00:00,2025-06-26 05:00:00+00:00,7,4,0.2020370521653541,0.028862436023622012,0.1358269020669291,99.0,0.0,3
Atlanta,Stage IV,Summer,2025,568,2025-06-27 21:00:00+00:00,2025-06-28 10:00:00+00:00,14,11,0.834742827263779,0.0596244876616985,0.3971373474409448,21.0,3.0,2
Atlanta,Stage IV,Summer,2025,569,2025-06-28 23:00:00+00:00,2025-06-29 01:00:00+00:00,3,3,0.459840590551181,0.15328019685039365,0.235533843503937,12.0,1.0,0
Atlanta,Stage IV,Summer,2025,570,2025-06-29 19:00:00+00:00,2025-06-29 21:00:00+00:00,3,3,0.1744716535433069,0.05815721784776897,0.1497506077755905,17.0,1.0,0
Atlanta,Stage IV,Summer,2025,571,2025-06-30 23:00:00+00:00,2025-07-02 02:00:00+00:00,28,12,0.822423270177165,0.029372259649184464,0.3415731151574803,25.0,25.0,9
Atlanta,Stage IV,Summer,2025,572,2025-07-09 19:00:00+00:00,2025-07-10 04:00:00+00:00,10,9,0.6477557677165349,0.06477557677165349,0.3108397957677165,12.0,7.0,1
Atlanta,Stage IV,Summer,2025,573,2025-07-10 18:00:00+00:00,2025-07-12 01:00:00+00:00,32,14,0.3856121776574797,0.01205038055179624,0.1767204084645669,13.0,28.0,6
Atlanta,Stage IV,Summer,2025,574,2025-07-18 20:00:00+00:00,2025-07-19 01:00:00+00:00,6,6,0.6201502509842517,0.10335837516404195,0.3207001058070866,20.0,2.0,0
Atlanta,Stage IV,Summer,2025,575,2025-07-20 20:00:00+00:00,2025-07-21 01:00:00+00:00,6,4,0.1644218307086612,0.027403638451443533,0.1356843208661417,23.0,4.0,2
Atlanta,Stage IV,Summer,2025,576,2025-07-21 15:00:00+00:00,2025-07-21 19:00:00+00:00,5,5,0.7578073794291336,0.15156147588582672,0.461735841535433,13.0,3.0,0
Atlanta,Stage IV,Summer,2025,577,2025-07-29 22:00:00+00:00,2025-07-30 05:00:00+00:00,8,6,0.35729538385826753,0.04466192298228344,0.1480606299212598,16.0,1.0,2
Atlanta,Stage IV,Summer,2025,578,2025-07-30 23:00:00+00:00,2025-07-31 07:00:00+00:00,9,5,0.9361823449803146,0.10402026055336829,0.7016586122047243,17.0,3.0,3
Atlanta,Stage IV,Summer,2025,579,2025-07-31 21:00:00+00:00,2025-08-01 01:00:00+00:00,5,5,0.3123615231299211,0.06247230462598422,0.1205257898622047,13.0,1.0,0
Atlanta,Stage IV,Summer,2025,580,2025-08-02 22:00:00+00:00,2025-08-03 17:00:00+00:00,20,13,1.7191959768700782,0.08595979884350391,0.374822937992126,21.0,12.0,7
Atlanta,Stage IV,Summer,2025,581,2025-08-04 08:00:00+00:00,2025-08-06 05:00:00+00:00,46,28,0.8578340059055108,0.018648565345771976,0.2979111441929134,14.0,25.0,8
Atlanta,Stage IV,Summer,2025,582,2025-08-15 21:00:00+00:00,2025-08-16 01:00:00+00:00,5,4,0.15282384350393688,0.030564768700787375,0.093151592027559,33.0,1.0,1
Atlanta,Stage IV,Summer,2025,583,2025-08-18 20:00:00+00:00,2025-08-19 02:00:00+00:00,7,4,0.1277740132874014,0.01825343046962877,0.1108245177165354,41.0,6.0,2
Atlanta,Stage IV,Summer,2025,584,2025-08-19 19:00:00+00:00,2025-08-19 23:00:00+00:00,5,5,0.8053647022637794,0.16107294045275589,0.3856011122047244,16.0,2.0,0
Atlanta,Stage IV,Summer,2025,585,2025-08-20 22:00:00+00:00,2025-08-21 01:00:00+00:00,4,4,0.5979178371062992,0.1494794592765748,0.5644352952755906,22.0,3.0,0
Atlanta,Stage IV,Summer,2025,586,2025-08-21 22:00:00+00:00,2025-08-22 00:00:00+00:00,3,3,0.45344728592519684,0.15114909530839896,0.3680735285433071,20.0,1.0,0
Atlanta,Stage IV,Fall,2025,587,2025-09-03 20:00:00+00:00,2025-09-03 21:00:00+00:00,2,2,0.1084736097440944,0.0542368048720472,0.0767259448818897,114.0,0.0,0
Atlanta,Stage IV,Fall,2025,588,2025-09-06 19:00:00+00:00,2025-09-06 22:00:00+00:00,4,4,0.1070291584645668,0.0267572896161417,0.0388038582677165,47.0,2.0,0
Atlanta,Stage IV,Fall,2025,589,2025-09-25 04:00:00+00:00,2025-09-25 21:00:00+00:00,18,6,0.48306217765747994,0.026836787647637774,0.1802102091535432,102.0,16.0,10
Atlanta,Point Gage,Fall,2018,1,2017-10-08 07:00:00+00:00,2017-10-08 23:00:00+00:00,17,16,1.8700000000000003,0.11000000000000001,1.05,,8.0,1
Atlanta,Point Gage,Fall,2018,2,2017-10-15 20:00:00+00:00,2017-10-16 09:00:00+00:00,14,4,0.22000000000000003,0.015714285714285715,0.12,139.0,0.0,9
Atlanta,Point Gage,Fall,2018,3,2017-10-23 07:00:00+00:00,2017-10-23 16:00:00+00:00,10,10,1.4,0.13999999999999999,0.71,165.0,8.0,0
Atlanta,Point Gage,Fall,2018,4,2017-10-28 18:00:00+00:00,2017-10-29 01:00:00+00:00,8,8,0.69,0.08625,0.26,121.0,3.0,0
Atlanta,Point Gage,Fall,2018,5,2017-11-08 08:00:00+00:00,2017-11-09 14:00:00+00:00,31,13,0.47,0.015161290322580644,0.11,152.0,24.0,9
Atlanta,Point Gage,Fall,2018,6,2017-11-19 04:00:00+00:00,2017-11-19 04:00:00+00:00,1,1,0.31,0.31,0.31,152.0,0.0,0
Atlanta,Point Gage,Winter,2018,7,2017-12-05 22:00:00+00:00,2017-12-06 06:00:00+00:00,9,8,0.25,0.027777777777777776,0.1,127.0,2.0,1
Atlanta,Point Gage,Winter,2018,8,2017-12-17 19:00:00+00:00,2017-12-17 21:00:00+00:00,3,3,0.11,0.03666666666666667,0.07,262.0,1.0,0
Atlanta,Point Gage,Winter,2018,9,2017-12-20 06:00:00+00:00,2017-12-21 11:00:00+00:00,30,11,1.23,0.041,0.5,15.0,10.0,6
Atlanta,Point Gage,Winter,2018,10,2017-12-27 09:00:00+00:00,2017-12-27 15:00:00+00:00,7,6,0.12,0.017142857142857144,0.05,83.0,2.0,1
Atlanta,Point Gage,Winter,2018,11,2018-01-08 19:00:00+00:00,2018-01-09 02:00:00+00:00,8,7,0.15000000000000002,0.018750000000000003,0.04,291.0,4.0,1
Atlanta,Point Gage,Winter,2018,12,2018-01-11 10:00:00+00:00,2018-01-12 21:00:00+00:00,36,16,0.7100000000000001,0.019722222222222224,0.21,55.0,28.0,10
Atlanta,Point Gage,Winter,2018,13,2018-01-22 23:00:00+00:00,2018-01-23 07:00:00+00:00,9,6,0.31000000000000005,0.03444444444444445,0.1,98.0,2.0,3
Atlanta,Point Gage,Winter,2018,14,2018-01-27 20:00:00+00:00,2018-01-29 00:00:00+00:00,29,22,1.23,0.042413793103448276,0.15,108.0,22.0,3
Atlanta,Point Gage,Winter,2018,15,2018-02-04 08:00:00+00:00,2018-02-04 15:00:00+00:00,8,8,1.3999999999999997,0.17499999999999996,0.29,49.0,3.0,0
Atlanta,Point Gage,Winter,2018,16,2018-02-07 11:00:00+00:00,2018-02-07 22:00:00+00:00,12,10,1.16,0.09666666666666666,0.38,67.0,3.0,2
Atlanta,Point Gage,Winter,2018,17,2018-02-10 04:00:00+00:00,2018-02-12 13:00:00+00:00,58,25,1.35,0.02327586206896552,0.34,53.0,47.0,8
Atlanta,Point Gage,Winter,2018,18,2018-02-21 09:00:00+00:00,2018-02-21 12:00:00+00:00,4,3,0.23,0.0575,0.19,39.0,0.0,1
Atlanta,Point Gage,Winter,2018,19,2018-02-25 14:00:00+00:00,2018-02-26 14:00:00+00:00,25,18,0.9099999999999999,0.036399999999999995,0.23,97.0,0.0,4
Atlanta,Point Gage,Winter,2018,20,2018-02-28 12:00:00+00:00,2018-02-28 17:00:00+00:00,6,5,0.26,0.043333333333333335,0.1,45.0,1.0,1
Atlanta,Point Gage,Spring,2018,21,2018-03-01 05:00:00+00:00,2018-03-02 00:00:00+00:00,20,8,0.35,0.017499999999999998,0.15,11.0,12.0,5
Atlanta,Point Gage,Spring,2018,22,2018-03-06 18:00:00+00:00,2018-03-06 19:00:00+00:00,2,2,0.11,0.055,0.08,113.0,0.0,0
Atlanta,Point Gage,Spring,2018,23,2018-03-11 08:00:00+00:00,2018-03-11 16:00:00+00:00,9,9,0.8399999999999999,0.09333333333333332,0.29,108.0,4.0,0
Atlanta,Point Gage,Spring,2018,24,2018-03-12 04:00:00+00:00,2018-03-12 14:00:00+00:00,11,7,0.5099999999999999,0.04636363636363636,0.3399999999999999,11.0,3.0,3
Atlanta,Point Gage,Spring,2018,25,2018-03-17 09:00:00+00:00,2018-03-17 17:00:00+00:00,9,3,0.11000000000000001,0.012222222222222225,0.05,114.0,7.0,6
Atlanta,Point Gage,Spring,2018,26,2018-03-19 04:00:00+00:00,2018-03-19 10:00:00+00:00,7,7,0.19,0.027142857142857142,0.08,34.0,4.0,0
Atlanta,Point Gage,Spring,2018,27,2018-03-20 04:00:00+00:00,2018-03-20 05:00:00+00:00,2,2,1.1800000000000002,0.5900000000000001,1.12,17.0,0.0,0
Atlanta,Point Gage,Spring,2018,28,2018-03-25 06:00:00+00:00,2018-03-25 14:00:00+00:00,9,4,0.79,0.08777777777777779,0.31,102.0,0.0,5
Atlanta,Point Gage,Spring,2018,29,2018-03-30 01:00:00+00:00,2018-03-30 05:00:00+00:00,5,5,1.11,0.22200000000000003,0.78,70.0,0.0,0
Atlanta,Point Gage,Spring,2018,30,2018-04-04 07:00:00+00:00,2018-04-04 09:00:00+00:00,3,3,0.16,0.05333333333333334,0.1,121.0,2.0,0
Atlanta,Point Gage,Spring,2018,31,2018-04-07 07:00:00+00:00,2018-04-08 02:00:00+00:00,20,8,0.13,0.006500000000000001,0.04,69.0,6.0,10
Atlanta,Point Gage,Spring,2018,32,2018-04-15 10:00:00+00:00,2018-04-16 06:00:00+00:00,21,10,1.2700000000000002,0.06047619047619049,0.44,139.0,8.0,10
Atlanta,Point Gage,Spring,2018,33,2018-04-22 16:00:00+00:00,2018-04-24 23:00:00+00:00,56,29,2.54,0.04535714285714286,0.29,153.0,15.0,10
Atlanta,Point Gage,Spring,2018,34,2018-04-26 17:00:00+00:00,2018-04-26 19:00:00+00:00,3,3,0.25,0.08333333333333333,0.15,41.0,1.0,0
Atlanta,Point Gage,Spring,2018,35,2018-05-08 22:00:00+00:00,2018-05-08 22:00:00+00:00,1,1,0.34,0.34,0.34,290.0,0.0,0
Atlanta,Point Gage,Spring,2018,36,2018-05-11 00:00:00+00:00,2018-05-11 02:00:00+00:00,3,3,0.10999999999999999,0.03666666666666666,0.09,31.0,1.0,0
Atlanta,Point Gage,Spring,2018,37,2018-05-16 01:00:00+00:00,2018-05-16 17:00:00+00:00,17,12,1.34,0.07882352941176471,0.4599999999999999,118.0,14.0,3
Atlanta,Point Gage,Spring,2018,38,2018-05-17 18:00:00+00:00,2018-05-18 04:00:00+00:00,11,7,0.3999999999999999,0.036363636363636355,0.23,24.0,7.0,4
Atlanta,Point Gage,Spring,2018,39,2018-05-20 22:00:00+00:00,2018-05-20 23:00:00+00:00,2,2,0.45,0.225,0.44,65.0,0.0,0
Atlanta,Point Gage,Spring,2018,40,2018-05-22 17:00:00+00:00,2018-05-23 17:00:00+00:00,25,11,0.33,0.0132,0.1,41.0,20.0,4
Atlanta,Point Gage,Spring,2018,41,2018-05-28 04:00:00+00:00,2018-05-30 18:00:00+00:00,63,30,1.96,0.03111111111111111,0.28,55.0,40.0,6
Atlanta,Point Gage,Summer,2018,42,2018-06-01 19:00:00+00:00,2018-06-02 08:00:00+00:00,14,5,0.67,0.04785714285714286,0.46,48.0,2.0,7
Atlanta,Point Gage,Summer,2018,43,2018-06-08 19:00:00+00:00,2018-06-08 20:00:00+00:00,2,2,0.1799999999999999,0.08999999999999996,0.1699999999999999,154.0,0.0,0
Atlanta,Point Gage,Summer,2018,44,2018-06-11 23:00:00+00:00,2018-06-12 01:00:00+00:00,3,3,0.65,0.21666666666666667,0.56,74.0,0.0,0
Atlanta,Point Gage,Summer,2018,45,2018-06-14 01:00:00+00:00,2018-06-14 09:00:00+00:00,9,5,0.91,0.10111111111111111,0.39,23.0,2.0,4
Atlanta,Point Gage,Summer,2018,46,2018-06-21 20:00:00+00:00,2018-06-21 23:00:00+00:00,4,3,0.15000000000000002,0.037500000000000006,0.13,178.0,0.0,1
Atlanta,Point Gage,Summer,2018,47,2018-06-22 22:00:00+00:00,2018-06-23 10:00:00+00:00,13,7,1.36,0.10461538461538462,0.88,22.0,0.0,4
Atlanta,Point Gage,Summer,2018,48,2018-06-25 18:00:00+00:00,2018-06-26 01:00:00+00:00,8,6,1.1600000000000001,0.14500000000000002,0.6000000000000001,42.0,4.0,2
Atlanta,Point Gage,Summer,2018,49,2018-06-27 22:00:00+00:00,2018-06-28 23:00:00+00:00,26,12,0.7400000000000001,0.028461538461538465,0.19,44.0,19.0,8
Atlanta,Point Gage,Summer,2018,50,2018-07-02 03:00:00+00:00,2018-07-02 11:00:00+00:00,9,2,0.15000000000000002,0.01666666666666667,0.14,50.0,0.0,7
Atlanta,Point Gage,Summer,2018,51,2018-07-04 21:00:00+00:00,2018-07-05 03:00:00+00:00,7,3,0.24,0.03428571428571429,0.18,14.0,5.0,4
Atlanta,Point Gage,Summer,2018,52,2018-07-06 21:00:00+00:00,2018-07-07 21:00:00+00:00,25,6,1.73,0.0692,1.63,23.0,0.0,10
Atlanta,Point Gage,Summer,2018,53,2018-07-14 17:00:00+00:00,2018-07-14 23:00:00+00:00,7,4,0.45000000000000007,0.0642857142857143,0.27,12.0,5.0,3
Atlanta,Point Gage,Summer,2018,54,2018-07-16 01:00:00+00:00,2018-07-16 07:00:00+00:00,7,5,0.68,0.09714285714285716,0.5,25.0,2.0,2
Atlanta,Point Gage,Summer,2018,55,2018-07-17 00:00:00+00:00,2018-07-17 04:00:00+00:00,5,4,0.1,0.02,0.05,16.0,3.0,1
Atlanta,Point Gage,Summer,2018,56,2018-07-21 11:00:00+00:00,2018-07-21 13:00:00+00:00,3,3,0.8200000000000001,0.2733333333333334,0.66,30.0,0.0,0
Atlanta,Point Gage,Summer,2018,57,2018-07-24 03:00:00+00:00,2018-07-24 06:00:00+00:00,4,4,0.39,0.0975,0.16,12.0,2.0,0
Atlanta,Point Gage,Summer,2018,58,2018-07-31 18:00:00+00:00,2018-08-03 04:00:00+00:00,59,43,3.25,0.05508474576271186,0.72,179.0,4.0,9
Atlanta,Point Gage,Summer,2018,59,2018-08-09 01:00:00+00:00,2018-08-10 01:00:00+00:00,25,9,1.17,0.046799999999999994,0.63,15.0,20.0,10
Atlanta,Point Gage,Summer,2018,60,2018-08-18 20:00:00+00:00,2018-08-19 00:00:00+00:00,5,4,0.1999999999999999,0.03999999999999998,0.11,15.0,0.0,1
Atlanta,Point Gage,Summer,2018,61,2018-08-19 17:00:00+00:00,2018-08-20 02:00:00+00:00,10,4,0.13,0.013000000000000001,0.1,16.0,7.0,5
Atlanta,Point Gage,Summer,2018,62,2018-08-20 22:00:00+00:00,2018-08-21 04:00:00+00:00,7,4,0.24000000000000002,0.03428571428571429,0.12,19.0,1.0,3
Atlanta,Point Gage,Summer,2018,63,2018-08-21 19:00:00+00:00,2018-08-22 12:00:00+00:00,18,4,0.13,0.007222222222222223,0.07,14.0,6.0,10
Atlanta,Point Gage,Fall,2018,64,2018-09-12 22:00:00+00:00,2018-09-12 22:00:00+00:00,1,1,0.12,0.12,0.12,40.0,0.0,0
Atlanta,Point Gage,Fall,2018,65,2018-09-25 11:00:00+00:00,2018-09-26 01:00:00+00:00,15,5,0.14,0.009333333333333334,0.09,209.0,12.0,10
Atlanta,Point Gage,Fall,2018,66,2018-09-26 20:00:00+00:00,2018-09-27 03:00:00+00:00,8,6,0.36999999999999994,0.04624999999999999,0.1699999999999999,18.0,1.0,2
Atlanta,Point Gage,Fall,2018,67,2018-09-27 20:00:00+00:00,2018-09-28 07:00:00+00:00,12,5,0.34,0.028333333333333335,0.21,16.0,0.0,4
Atlanta,Point Gage,Fall,2018,68,2018-09-28 21:00:00+00:00,2018-09-29 01:00:00+00:00,5,2,0.22,0.044,0.21,13.0,0.0,3
Atlanta,Point Gage,Fall,2019,69,2018-10-10 07:00:00+00:00,2018-10-11 17:00:00+00:00,35,19,4.619999999999999,0.13199999999999998,1.07,12.0,22.0,8
Atlanta,Point Gage,Fall,2019,70,2018-10-20 13:00:00+00:00,2018-10-20 19:00:00+00:00,7,3,0.1,0.014285714285714287,0.07,211.0,0.0,4
Atlanta,Point Gage,Fall,2019,71,2018-10-26 00:00:00+00:00,2018-10-27 03:00:00+00:00,28,17,0.6900000000000001,0.024642857142857143,0.14,124.0,13.0,10
Atlanta,Point Gage,Fall,2019,72,2018-11-01 18:00:00+00:00,2018-11-02 14:00:00+00:00,21,9,0.3700000000000001,0.017619047619047624,0.16,134.0,1.0,9
Atlanta,Point Gage,Fall,2019,73,2018-11-05 06:00:00+00:00,2018-11-05 11:00:00+00:00,6,6,0.23000000000000004,0.03833333333333334,0.07,63.0,1.0,0
Atlanta,Point Gage,Fall,2019,74,2018-11-06 00:00:00+00:00,2018-11-06 15:00:00+00:00,16,8,0.26,0.01625,0.15,12.0,14.0,4
Atlanta,Point Gage,Fall,2019,75,2018-11-07 20:00:00+00:00,2018-11-08 00:00:00+00:00,5,5,0.51,0.10200000000000001,0.28,28.0,2.0,0
Atlanta,Point Gage,Fall,2019,76,2018-11-08 22:00:00+00:00,2018-11-09 23:00:00+00:00,26,14,0.6399999999999999,0.024615384615384612,0.2,21.0,19.0,7
Atlanta,Point Gage,Fall,2019,77,2018-11-12 08:00:00+00:00,2018-11-15 16:00:00+00:00,81,60,4.39,0.05419753086419753,0.43,56.0,9.0,6
Atlanta,Point Gage,Fall,2019,78,2018-11-24 05:00:00+00:00,2018-11-24 14:00:00+00:00,10,7,0.44999999999999996,0.045,0.18,204.0,3.0,2
Atlanta,Point Gage,Winter,2019,79,2018-12-01 10:00:00+00:00,2018-12-02 11:00:00+00:00,26,20,2.01,0.0773076923076923,0.48,22.0,7.0,3
Atlanta,Point Gage,Winter,2019,80,2018-12-07 22:00:00+00:00,2018-12-11 04:00:00+00:00,79,44,2.5399999999999987,0.032151898734177196,0.32,130.0,33.0,9
Atlanta,Point Gage,Winter,2019,81,2018-12-14 08:00:00+00:00,2018-12-15 11:00:00+00:00,28,17,0.51,0.018214285714285714,0.1,75.0,16.0,5
Atlanta,Point Gage,Winter,2019,82,2018-12-20 11:00:00+00:00,2018-12-21 19:00:00+00:00,33,24,1.5100000000000002,0.04575757575757577,0.19,103.0,20.0,4
Atlanta,Point Gage,Winter,2019,83,2018-12-27 23:00:00+00:00,2018-12-29 02:00:00+00:00,28,19,4.27,0.1525,0.96,147.0,13.0,8
Atlanta,Point Gage,Winter,2019,84,2018-12-30 05:00:00+00:00,2018-12-31 08:00:00+00:00,28,16,0.52,0.018571428571428572,0.19,26.0,5.0,5
Atlanta,Point Gage,Winter,2019,85,2019-01-01 03:00:00+00:00,2019-01-01 16:00:00+00:00,14,7,0.2799999999999999,0.019999999999999993,0.0999999999999999,18.0,2.0,6
Atlanta,Point Gage,Winter,2019,86,2019-01-02 19:00:00+00:00,2019-01-04 17:00:00+00:00,47,32,1.6399999999999997,0.034893617021276586,0.23,26.0,39.0,6
Atlanta,Point Gage,Winter,2019,87,2019-01-13 00:00:00+00:00,2019-01-13 09:00:00+00:00,10,9,0.44999999999999996,0.045,0.11,198.0,3.0,1
Atlanta,Point Gage,Winter,2019,88,2019-01-17 18:00:00+00:00,2019-01-18 09:00:00+00:00,16,6,0.14,0.00875,0.05,104.0,4.0,9
Atlanta,Point Gage,Winter,2019,89,2019-01-19 15:00:00+00:00,2019-01-20 07:00:00+00:00,17,11,1.04,0.0611764705882353,0.26,29.0,9.0,2
Atlanta,Point Gage,Winter,2019,90,2019-01-24 00:00:00+00:00,2019-01-24 09:00:00+00:00,10,10,1.8499999999999999,0.185,0.7999999999999999,88.0,2.0,0
Atlanta,Point Gage,Winter,2019,91,2019-01-29 13:00:00+00:00,2019-01-29 16:00:00+00:00,4,4,0.11,0.0275,0.04,123.0,1.0,0
Atlanta,Point Gage,Winter,2019,92,2019-02-11 03:00:00+00:00,2019-02-11 13:00:00+00:00,11,7,0.16,0.014545454545454545,0.07,64.0,1.0,4
Atlanta,Point Gage,Winter,2019,93,2019-02-12 01:00:00+00:00,2019-02-12 21:00:00+00:00,21,8,0.9400000000000001,0.04476190476190477,0.6,11.0,18.0,7
Atlanta,Point Gage,Winter,2019,94,2019-02-16 01:00:00+00:00,2019-02-16 13:00:00+00:00,13,10,0.3,0.023076923076923075,0.07,75.0,3.0,2
Atlanta,Point Gage,Winter,2019,95,2019-02-17 12:00:00+00:00,2019-02-18 11:00:00+00:00,24,13,0.2799999999999999,0.011666666666666664,0.0699999999999999,22.0,21.0,3
Atlanta,Point Gage,Winter,2019,96,2019-02-19 18:00:00+00:00,2019-02-21 13:00:00+00:00,44,28,2.7800000000000002,0.06318181818181819,0.94,30.0,1.0,10
Atlanta,Point Gage,Winter,2019,97,2019-02-22 01:00:00+00:00,2019-02-22 06:00:00+00:00,6,3,0.21000000000000002,0.035,0.16,11.0,0.0,3
Atlanta,Point Gage,Winter,2019,98,2019-02-24 08:00:00+00:00,2019-02-24 11:00:00+00:00,4,4,0.24,0.06,0.11,35.0,1.0,0
Atlanta,Point Gage,Winter,2019,99,2019-02-28 13:00:00+00:00,2019-02-28 21:00:00+00:00,9,7,0.41000000000000003,0.04555555555555556,0.17,97.0,1.0,2
Atlanta,Point Gage,Spring,2019,100,2019-03-03 18:00:00+00:00,2019-03-03 22:00:00+00:00,5,5,1.1500000000000001,0.23000000000000004,0.65,68.0,3.0,0
Atlanta,Point Gage,Spring,2019,101,2019-03-15 02:00:00+00:00,2019-03-15 17:00:00+00:00,16,12,0.84,0.0525,0.19,75.0,5.0,2
Atlanta,Point Gage,Spring,2019,102,2019-03-25 20:00:00+00:00,2019-03-26 00:00:00+00:00,5,3,0.26,0.052000000000000005,0.23,242.0,0.0,1
Atlanta,Point Gage,Spring,2019,103,2019-03-27 00:00:00+00:00,2019-03-27 05:00:00+00:00,6,6,0.42999999999999994,0.07166666666666666,0.1399999999999999,23.0,1.0,0
Atlanta,Point Gage,Spring,2019,104,2019-03-31 10:00:00+00:00,2019-03-31 12:00:00+00:00,3,3,0.10999999999999999,0.03666666666666666,0.09,100.0,1.0,0
Atlanta,Point Gage,Spring,2019,105,2019-04-05 01:00:00+00:00,2019-04-05 12:00:00+00:00,12,11,0.31,0.025833333333333333,0.05,108.0,5.0,1
Atlanta,Point Gage,Spring,2019,106,2019-04-07 06:00:00+00:00,2019-04-07 10:00:00+00:00,5,5,0.9100000000000001,0.18200000000000002,0.56,41.0,0.0,0
Atlanta,Point Gage,Spring,2019,107,2019-04-09 20:00:00+00:00,2019-04-10 00:00:00+00:00,5,4,0.74,0.148,0.64,21.0,3.0,1
Atlanta,Point Gage,Spring,2019,108,2019-04-14 13:00:00+00:00,2019-04-15 02:00:00+00:00,14,8,1.2,0.08571428571428572,0.33,50.0,2.0,5
Atlanta,Point Gage,Spring,2019,109,2019-04-19 05:00:00+00:00,2019-04-19 20:00:00+00:00,16,13,3.5,0.21875,1.42,86.0,4.0,2
Atlanta,Point Gage,Spring,2019,110,2019-05-04 09:00:00+00:00,2019-05-05 15:00:00+00:00,31,8,0.28,0.00903225806451613,0.17,13.0,17.0,9
Atlanta,Point Gage,Summer,2019,111,2019-06-07 08:00:00+00:00,2019-06-07 22:00:00+00:00,15,7,0.52,0.034666666666666665,0.17,12.0,1.0,7
Atlanta,Point Gage,Summer,2019,112,2019-06-08 11:00:00+00:00,2019-06-09 17:00:00+00:00,31,14,3.1599999999999993,0.10193548387096772,0.99,12.0,2.0,6
Atlanta,Point Gage,Summer,2019,113,2019-06-10 17:00:00+00:00,2019-06-10 19:00:00+00:00,3,2,0.14,0.04666666666666667,0.11,23.0,0.0,1
Atlanta,Point Gage,Summer,2019,114,2019-06-12 03:00:00+00:00,2019-06-12 06:00:00+00:00,4,4,1.03,0.2575,0.44,31.0,1.0,0
Atlanta,Point Gage,Summer,2019,115,2019-06-18 16:00:00+00:00,2019-06-18 17:00:00+00:00,2,2,0.33,0.165,0.32,11.0,0.0,0
Atlanta,Point Gage,Summer,2019,116,2019-06-24 23:00:00+00:00,2019-06-25 03:00:00+00:00,5,4,0.35,0.06999999999999999,0.26,17.0,0.0,1
Atlanta,Point Gage,Summer,2019,117,2019-07-29 22:00:00+00:00,2019-07-29 23:00:00+00:00,2,2,0.35,0.175,0.31,149.0,1.0,0
Atlanta,Point Gage,Summer,2019,118,2019-07-30 12:00:00+00:00,2019-07-31 03:00:00+00:00,16,4,0.15000000000000002,0.009375000000000001,0.08,12.0,14.0,10
Atlanta,Point Gage,Summer,2019,119,2019-08-02 22:00:00+00:00,2019-08-02 23:00:00+00:00,2,2,0.55,0.275,0.53,66.0,0.0,0
Atlanta,Point Gage,Summer,2019,120,2019-08-06 01:00:00+00:00,2019-08-06 03:00:00+00:00,3,3,0.66,0.22,0.51,34.0,1.0,0
Atlanta,Point Gage,Summer,2019,121,2019-08-23 21:00:00+00:00,2019-08-23 23:00:00+00:00,3,2,0.3,0.09999999999999999,0.29,204.0,0.0,1
Atlanta,Point Gage,Summer,2019,122,2019-08-26 21:00:00+00:00,2019-08-27 17:00:00+00:00,21,13,0.39000000000000007,0.018571428571428576,0.21,12.0,2.0,3
Atlanta,Point Gage,Fall,2019,123,2019-09-14 03:00:00+00:00,2019-09-14 05:00:00+00:00,3,3,1.5799999999999998,0.5266666666666666,0.84,75.0,1.0,0
Atlanta,Point Gage,Fall,2020,124,2019-10-13 04:00:00+00:00,2019-10-14 03:00:00+00:00,24,13,0.27,0.011250000000000001,0.06,107.0,10.0,5
Atlanta,Point Gage,Fall,2020,125,2019-10-15 09:00:00+00:00,2019-10-16 13:00:00+00:00,29,13,0.8700000000000001,0.030000000000000002,0.24,29.0,8.0,6
Atlanta,Point Gage,Fall,2020,126,2019-10-19 10:00:00+00:00,2019-10-20 09:00:00+00:00,24,17,1.11,0.046250000000000006,0.2,68.0,9.0,5
Atlanta,Point Gage,Fall,2020,127,2019-10-22 11:00:00+00:00,2019-10-22 13:00:00+00:00,3,3,0.35,0.11666666666666665,0.18,49.0,0.0,0
Atlanta,Point Gage,Fall,2020,128,2019-10-26 22:00:00+00:00,2019-10-27 07:00:00+00:00,10,5,0.2,0.02,0.16,13.0,7.0,5
Atlanta,Point Gage,Fall,2020,129,2019-10-30 05:00:00+00:00,2019-10-31 20:00:00+00:00,40,23,1.96,0.049,0.43,69.0,17.0,4
Atlanta,Point Gage,Fall,2020,130,2019-11-08 00:00:00+00:00,2019-11-08 05:00:00+00:00,6,6,0.7200000000000001,0.12000000000000001,0.47,55.0,1.0,0
Atlanta,Point Gage,Fall,2020,131,2019-11-12 04:00:00+00:00,2019-11-12 14:00:00+00:00,11,9,0.47,0.042727272727272725,0.13,94.0,6.0,2
Atlanta,Point Gage,Fall,2020,132,2019-11-15 02:00:00+00:00,2019-11-15 23:00:00+00:00,22,18,0.7300000000000001,0.03318181818181819,0.1,59.0,19.0,3
Atlanta,Point Gage,Fall,2020,133,2019-11-23 01:00:00+00:00,2019-11-23 20:00:00+00:00,20,12,0.9600000000000001,0.048,0.44,169.0,18.0,8
Atlanta,Point Gage,Fall,2020,134,2019-11-27 13:00:00+00:00,2019-11-27 16:00:00+00:00,4,3,0.33,0.0825,0.28,88.0,0.0,1
Atlanta,Point Gage,Winter,2020,135,2019-12-10 15:00:00+00:00,2019-12-10 18:00:00+00:00,4,3,0.27,0.0675,0.15,23.0,1.0,1
Atlanta,Point Gage,Winter,2020,136,2019-12-12 23:00:00+00:00,2019-12-14 08:00:00+00:00,34,24,1.8399999999999999,0.05411764705882353,0.33,39.0,28.0,3
Atlanta,Point Gage,Winter,2020,137,2019-12-17 00:00:00+00:00,2019-12-17 16:00:00+00:00,17,12,0.6099999999999999,0.03588235294117646,0.2,63.0,8.0,4
Atlanta,Point Gage,Winter,2020,138,2019-12-22 08:00:00+00:00,2019-12-24 03:00:00+00:00,44,35,1.59,0.03613636363636364,0.12,13.0,20.0,8
Atlanta,Point Gage,Winter,2020,139,2019-12-29 05:00:00+00:00,2019-12-30 08:00:00+00:00,28,8,0.26,0.009285714285714286,0.09,121.0,26.0,9
Atlanta,Point Gage,Winter,2020,140,2020-01-02 11:00:00+00:00,2020-01-04 15:00:00+00:00,53,32,2.7899999999999996,0.05264150943396226,1.0,74.0,27.0,4
Atlanta,Point Gage,Winter,2020,141,2020-01-11 19:00:00+00:00,2020-01-12 02:00:00+00:00,8,5,1.6,0.2,1.16,27.0,4.0,3
Atlanta,Point Gage,Winter,2020,142,2020-01-13 08:00:00+00:00,2020-01-15 04:00:00+00:00,45,23,1.3699999999999999,0.03044444444444444,0.1699999999999999,29.0,21.0,5
Atlanta,Point Gage,Winter,2020,143,2020-01-16 07:00:00+00:00,2020-01-16 10:00:00+00:00,4,4,0.39,0.0975,0.15,26.0,3.0,0
Atlanta,Point Gage,Winter,2020,144,2020-01-18 18:00:00+00:00,2020-01-19 07:00:00+00:00,14,10,0.56,0.04,0.16,55.0,10.0,1
Atlanta,Point Gage,Winter,2020,145,2020-01-23 13:00:00+00:00,2020-01-24 20:00:00+00:00,32,22,1.06,0.033125,0.19,101.0,17.0,4
Atlanta,Point Gage,Winter,2020,146,2020-02-05 23:00:00+00:00,2020-02-07 09:00:00+00:00,35,28,2.88,0.08228571428571428,0.3,11.0,11.0,5
Atlanta,Point Gage,Winter,2020,147,2020-02-10 17:00:00+00:00,2020-02-12 02:00:00+00:00,34,26,1.9200000000000002,0.05647058823529412,0.55,79.0,7.0,7
Atlanta,Point Gage,Winter,2020,148,2020-02-13 07:00:00+00:00,2020-02-13 15:00:00+00:00,9,6,1.1400000000000001,0.12666666666666668,0.63,28.0,5.0,2
Atlanta,Point Gage,Winter,2020,149,2020-02-18 10:00:00+00:00,2020-02-19 14:00:00+00:00,29,22,1.6700000000000002,0.05758620689655173,0.45,40.0,13.0,3
Atlanta,Point Gage,Winter,2020,150,2020-02-20 10:00:00+00:00,2020-02-21 00:00:00+00:00,15,15,0.9199999999999999,0.06133333333333333,0.13,19.0,7.0,0
Atlanta,Point Gage,Winter,2020,151,2020-02-24 10:00:00+00:00,2020-02-25 11:00:00+00:00,26,22,0.96,0.03692307692307692,0.17,81.0,14.0,2
Atlanta,Point Gage,Spring,2020,152,2020-03-02 16:00:00+00:00,2020-03-05 21:00:00+00:00,78,55,3.27,0.041923076923076924,0.19,113.0,66.0,8
Atlanta,Point Gage,Spring,2020,153,2020-03-11 21:00:00+00:00,2020-03-12 14:00:00+00:00,18,4,0.25,0.013888888888888888,0.11,27.0,0.0,10
Atlanta,Point Gage,Spring,2020,154,2020-03-23 13:00:00+00:00,2020-03-24 01:00:00+00:00,13,13,1.37,0.1053846153846154,0.25,16.0,2.0,0
Atlanta,Point Gage,Spring,2020,155,2020-03-24 15:00:00+00:00,2020-03-24 16:00:00+00:00,2,2,0.37,0.185,0.31,13.0,0.0,0
Atlanta,Point Gage,Spring,2020,156,2020-03-25 05:00:00+00:00,2020-03-25 07:00:00+00:00,3,3,0.5299999999999999,0.17666666666666664,0.3399999999999999,12.0,1.0,0
Atlanta,Point Gage,Spring,2020,157,2020-03-31 15:00:00+00:00,2020-03-31 22:00:00+00:00,8,3,0.42000000000000004,0.052500000000000005,0.27,46.0,1.0,5
Atlanta,Point Gage,Spring,2020,158,2020-04-09 09:00:00+00:00,2020-04-09 11:00:00+00:00,3,3,0.24,0.08,0.2,202.0,1.0,0
Atlanta,Point Gage,Spring,2020,159,2020-04-12 19:00:00+00:00,2020-04-13 12:00:00+00:00,18,9,1.0299999999999998,0.05722222222222221,0.48,79.0,12.0,7
Atlanta,Point Gage,Spring,2020,160,2020-04-19 13:00:00+00:00,2020-04-20 13:00:00+00:00,25,21,2.0999999999999996,0.08399999999999999,0.25,24.0,12.0,3
Atlanta,Point Gage,Spring,2020,161,2020-04-23 05:00:00+00:00,2020-04-24 01:00:00+00:00,21,11,0.91,0.043333333333333335,0.34,63.0,8.0,9
Atlanta,Point Gage,Spring,2020,162,2020-04-29 18:00:00+00:00,2020-04-30 04:00:00+00:00,11,8,0.6400000000000001,0.058181818181818196,0.2,136.0,6.0,2
Atlanta,Point Gage,Spring,2020,163,2020-05-08 17:00:00+00:00,2020-05-09 01:00:00+00:00,9,6,0.14,0.015555555555555557,0.04,204.0,1.0,3
Atlanta,Point Gage,Spring,2020,164,2020-05-18 01:00:00+00:00,2020-05-18 05:00:00+00:00,5,5,0.47000000000000003,0.094,0.27,215.0,4.0,0
Atlanta,Point Gage,Spring,2020,165,2020-05-18 22:00:00+00:00,2020-05-19 09:00:00+00:00,12,5,0.21000000000000002,0.0175,0.05,16.0,0.0,7
Atlanta,Point Gage,Spring,2020,166,2020-05-20 04:00:00+00:00,2020-05-20 06:00:00+00:00,3,3,0.14,0.04666666666666667,0.07,18.0,2.0,0
Atlanta,Point Gage,Spring,2020,167,2020-05-22 20:00:00+00:00,2020-05-23 09:00:00+00:00,14,4,0.15000000000000002,0.010714285714285716,0.07,61.0,7.0,5
Atlanta,Point Gage,Spring,2020,168,2020-05-25 20:00:00+00:00,2020-05-26 01:00:00+00:00,6,4,0.12,0.02,0.06,11.0,5.0,1
Atlanta,Point Gage,Spring,2020,169,2020-05-27 12:00:00+00:00,2020-05-28 17:00:00+00:00,30,12,0.5700000000000001,0.019000000000000003,0.16,34.0,4.0,9
Atlanta,Point Gage,Summer,2020,170,2020-06-05 15:00:00+00:00,2020-06-05 19:00:00+00:00,5,3,0.18,0.036,0.15,189.0,4.0,2
Atlanta,Point Gage,Summer,2020,171,2020-06-09 17:00:00+00:00,2020-06-10 02:00:00+00:00,10,7,0.35000000000000003,0.035,0.16,93.0,5.0,1
Atlanta,Point Gage,Summer,2020,172,2020-06-10 17:00:00+00:00,2020-06-11 11:00:00+00:00,19,8,0.72,0.03789473684210526,0.32,14.0,4.0,7
Atlanta,Point Gage,Summer,2020,173,2020-06-22 21:00:00+00:00,2020-06-23 02:00:00+00:00,6,4,1.34,0.22333333333333336,1.07,20.0,2.0,1
Atlanta,Point Gage,Summer,2020,174,2020-06-24 22:00:00+00:00,2020-06-25 08:00:00+00:00,11,9,0.18000000000000002,0.016363636363636365,0.05,29.0,7.0,1
Atlanta,Point Gage,Summer,2020,175,2020-06-27 21:00:00+00:00,2020-06-27 23:00:00+00:00,3,3,0.82,0.2733333333333333,0.71,46.0,0.0,0
Atlanta,Point Gage,Summer,2020,176,2020-07-04 18:00:00+00:00,2020-07-04 19:00:00+00:00,2,2,0.12,0.06,0.09,48.0,0.0,0
Atlanta,Point Gage,Summer,2020,177,2020-07-07 00:00:00+00:00,2020-07-07 19:00:00+00:00,20,5,0.16,0.008,0.05,52.0,0.0,9
Atlanta,Point Gage,Summer,2020,178,2020-07-09 00:00:00+00:00,2020-07-09 01:00:00+00:00,2,2,0.1299999999999999,0.06499999999999995,0.0999999999999999,28.0,1.0,0
Atlanta,Point Gage,Summer,2020,179,2020-07-09 22:00:00+00:00,2020-07-10 06:00:00+00:00,9,6,0.81,0.09000000000000001,0.48,20.0,1.0,3
Atlanta,Point Gage,Summer,2020,180,2020-07-28 18:00:00+00:00,2020-07-28 19:00:00+00:00,2,2,0.26,0.13,0.25,20.0,0.0,0
Atlanta,Point Gage,Summer,2020,181,2020-07-29 17:00:00+00:00,2020-07-30 04:00:00+00:00,12,2,0.9500000000000001,0.07916666666666668,0.79,21.0,11.0,10
Atlanta,Point Gage,Summer,2020,182,2020-08-03 19:00:00+00:00,2020-08-03 20:00:00+00:00,2,2,0.72,0.36,0.71,110.0,0.0,0
Atlanta,Point Gage,Summer,2020,183,2020-08-05 02:00:00+00:00,2020-08-05 07:00:00+00:00,6,2,0.2,0.03333333333333333,0.19,29.0,0.0,4
Atlanta,Point Gage,Summer,2020,184,2020-08-05 19:00:00+00:00,2020-08-05 21:00:00+00:00,3,3,0.9300000000000002,0.31000000000000005,0.8,11.0,1.0,0
Atlanta,Point Gage,Summer,2020,185,2020-08-10 20:00:00+00:00,2020-08-10 20:00:00+00:00,1,1,0.13,0.13,0.13,118.0,0.0,0
Atlanta,Point Gage,Summer,2020,186,2020-08-14 02:00:00+00:00,2020-08-14 05:00:00+00:00,4,4,1.09,0.2725,0.48,30.0,0.0,0
Atlanta,Point Gage,Summer,2020,187,2020-08-14 21:00:00+00:00,2020-08-15 03:00:00+00:00,7,2,0.13,0.018571428571428572,0.12,15.0,0.0,5
Atlanta,Point Gage,Summer,2020,188,2020-08-15 19:00:00+00:00,2020-08-15 20:00:00+00:00,2,2,1.0,0.5,0.96,15.0,0.0,0
Atlanta,Point Gage,Summer,2020,189,2020-08-19 23:00:00+00:00,2020-08-20 02:00:00+00:00,4,4,1.12,0.28,0.92,20.0,0.0,0
Atlanta,Point Gage,Summer,2020,190,2020-08-20 22:00:00+00:00,2020-08-22 04:00:00+00:00,31,9,1.5,0.04838709677419355,0.84,19.0,25.0,7
Atlanta,Point Gage,Summer,2020,191,2020-08-24 11:00:00+00:00,2020-08-26 00:00:00+00:00,38,21,0.92,0.024210526315789474,0.18,54.0,28.0,7
Atlanta,Point Gage,Summer,2020,192,2020-08-30 23:00:00+00:00,2020-08-31 04:00:00+00:00,6,6,0.93,0.155,0.32,118.0,2.0,0
Atlanta,Point Gage,Fall,2020,193,2020-09-16 16:00:00+00:00,2020-09-18 02:00:00+00:00,35,29,3.31,0.09457142857142857,0.49,93.0,17.0,4
Atlanta,Point Gage,Fall,2020,194,2020-09-24 15:00:00+00:00,2020-09-25 12:00:00+00:00,22,20,0.97,0.04409090909090909,0.1699999999999999,156.0,3.0,1
Atlanta,Point Gage,Fall,2020,195,2020-09-27 22:00:00+00:00,2020-09-27 22:00:00+00:00,1,1,0.4,0.4,0.4,57.0,0.0,0
Atlanta,Point Gage,Fall,2020,196,2020-09-29 02:00:00+00:00,2020-09-29 21:00:00+00:00,20,12,0.52,0.026000000000000002,0.11,27.0,2.0,7
Atlanta,Point Gage,Fall,2021,197,2020-10-09 18:00:00+00:00,2020-10-11 21:00:00+00:00,52,30,4.05,0.07788461538461539,1.31,236.0,32.0,9
Atlanta,Point Gage,Fall,2021,198,2020-10-24 21:00:00+00:00,2020-10-25 12:00:00+00:00,16,13,3.54,0.22125,1.23,54.0,2.0,2
Atlanta,Point Gage,Fall,2021,199,2020-10-28 05:00:00+00:00,2020-10-28 12:00:00+00:00,8,7,0.16999999999999998,0.021249999999999998,0.06,64.0,4.0,1
Atlanta,Point Gage,Fall,2021,200,2020-10-29 01:00:00+00:00,2020-10-29 13:00:00+00:00,13,9,0.9100000000000001,0.07,0.36,12.0,7.0,3
Atlanta,Point Gage,Fall,2021,201,2020-11-11 01:00:00+00:00,2020-11-12 02:00:00+00:00,26,9,0.7400000000000001,0.028461538461538465,0.6500000000000001,79.0,25.0,7
Atlanta,Point Gage,Fall,2021,202,2020-11-25 22:00:00+00:00,2020-11-26 11:00:00+00:00,14,11,0.98,0.06999999999999999,0.41,331.0,0.0,3
Atlanta,Point Gage,Fall,2021,203,2020-11-29 21:00:00+00:00,2020-11-30 20:00:00+00:00,24,15,1.4899999999999998,0.062083333333333324,0.35,32.0,6.0,9
Atlanta,Point Gage,Winter,2021,204,2020-12-04 16:00:00+00:00,2020-12-04 23:00:00+00:00,8,6,0.33000000000000007,0.04125000000000001,0.2,91.0,4.0,2
Atlanta,Point Gage,Winter,2021,205,2020-12-14 03:00:00+00:00,2020-12-14 12:00:00+00:00,10,7,0.43,0.043,0.24,24.0,8.0,2
Atlanta,Point Gage,Winter,2021,206,2020-12-16 06:00:00+00:00,2020-12-16 20:00:00+00:00,15,8,0.28,0.018666666666666668,0.1,41.0,13.0,3
Atlanta,Point Gage,Winter,2021,207,2020-12-24 11:00:00+00:00,2020-12-24 22:00:00+00:00,12,10,1.42,0.11833333333333333,0.53,182.0,3.0,2
Atlanta,Point Gage,Winter,2021,208,2021-01-01 06:00:00+00:00,2021-01-01 22:00:00+00:00,17,11,1.4499999999999997,0.08529411764705881,0.52,74.0,9.0,3
Atlanta,Point Gage,Winter,2021,209,2021-01-07 21:00:00+00:00,2021-01-08 18:00:00+00:00,22,11,0.26,0.011818181818181818,0.08,142.0,1.0,4
Atlanta,Point Gage,Winter,2021,210,2021-01-11 16:00:00+00:00,2021-01-12 10:00:00+00:00,19,15,0.31,0.01631578947368421,0.08,15.0,1.0,2
Atlanta,Point Gage,Winter,2021,211,2021-01-21 08:00:00+00:00,2021-01-21 22:00:00+00:00,15,8,0.11,0.007333333333333333,0.03,213.0,9.0,4
Atlanta,Point Gage,Winter,2021,212,2021-01-26 09:00:00+00:00,2021-01-26 14:00:00+00:00,6,5,0.66,0.11,0.47,21.0,1.0,1
Atlanta,Point Gage,Winter,2021,213,2021-01-27 08:00:00+00:00,2021-01-28 00:00:00+00:00,17,10,1.07,0.06294117647058824,0.26,17.0,3.0,7
Atlanta,Point Gage,Winter,2021,214,2021-01-31 10:00:00+00:00,2021-02-01 00:00:00+00:00,15,10,0.3899999999999999,0.025999999999999992,0.1399999999999999,40.0,3.0,5
Atlanta,Point Gage,Winter,2021,215,2021-02-06 21:00:00+00:00,2021-02-07 12:00:00+00:00,16,16,0.69,0.043125,0.16,26.0,3.0,0
Atlanta,Point Gage,Winter,2021,216,2021-02-11 16:00:00+00:00,2021-02-12 15:00:00+00:00,24,9,0.6900000000000001,0.02875,0.36,99.0,0.0,10
Atlanta,Point Gage,Winter,2021,217,2021-02-13 06:00:00+00:00,2021-02-13 18:00:00+00:00,13,12,0.3700000000000001,0.02846153846153847,0.06,14.0,3.0,1
Atlanta,Point Gage,Winter,2021,218,2021-02-15 07:00:00+00:00,2021-02-16 02:00:00+00:00,20,8,0.6000000000000001,0.030000000000000006,0.4,36.0,15.0,10
Atlanta,Point Gage,Winter,2021,219,2021-02-18 04:00:00+00:00,2021-02-18 12:00:00+00:00,9,9,0.5900000000000001,0.06555555555555556,0.14,31.0,5.0,0
Atlanta,Point Gage,Winter,2021,220,2021-02-26 11:00:00+00:00,2021-02-26 20:00:00+00:00,10,6,0.12,0.012,0.03,88.0,0.0,2
Atlanta,Point Gage,Spring,2021,221,2021-03-01 11:00:00+00:00,2021-03-01 13:00:00+00:00,3,3,0.23,0.07666666666666667,0.2,62.0,0.0,0
Atlanta,Point Gage,Spring,2021,222,2021-03-02 21:00:00+00:00,2021-03-03 08:00:00+00:00,12,9,0.18,0.015,0.05,31.0,10.0,3
Atlanta,Point Gage,Spring,2021,223,2021-03-16 04:00:00+00:00,2021-03-17 01:00:00+00:00,22,11,1.18,0.053636363636363635,0.78,106.0,20.0,7
Atlanta,Point Gage,Spring,2021,224,2021-03-17 14:00:00+00:00,2021-03-18 12:00:00+00:00,23,13,0.43000000000000005,0.018695652173913047,0.09,12.0,16.0,6
Atlanta,Point Gage,Spring,2021,225,2021-03-25 10:00:00+00:00,2021-03-26 11:00:00+00:00,26,13,1.2600000000000002,0.04846153846153847,0.5900000000000001,165.0,21.0,10
Atlanta,Point Gage,Spring,2021,226,2021-03-28 15:00:00+00:00,2021-03-28 17:00:00+00:00,3,3,0.17,0.05666666666666667,0.14,51.0,1.0,0
Atlanta,Point Gage,Spring,2021,227,2021-03-31 06:00:00+00:00,2021-04-01 01:00:00+00:00,20,10,1.56,0.078,0.59,60.0,11.0,7
Atlanta,Point Gage,Spring,2021,228,2021-04-10 15:00:00+00:00,2021-04-10 19:00:00+00:00,5,5,0.22,0.044,0.1,229.0,0.0,0
Atlanta,Point Gage,Spring,2021,229,2021-04-24 11:00:00+00:00,2021-04-25 05:00:00+00:00,19,10,1.8300000000000003,0.09631578947368423,0.5700000000000001,227.0,3.0,4
Atlanta,Point Gage,Spring,2021,230,2021-05-03 13:00:00+00:00,2021-05-03 22:00:00+00:00,10,8,2.3200000000000007,0.23200000000000007,1.4300000000000002,79.0,2.0,2
Atlanta,Point Gage,Spring,2021,231,2021-05-04 19:00:00+00:00,2021-05-05 04:00:00+00:00,10,10,2.1,0.21000000000000002,0.54,20.0,0.0,0
Atlanta,Point Gage,Spring,2021,232,2021-05-10 04:00:00+00:00,2021-05-10 12:00:00+00:00,9,8,0.8300000000000001,0.09222222222222223,0.32,119.0,2.0,1
Atlanta,Point Gage,Spring,2021,233,2021-05-12 09:00:00+00:00,2021-05-12 17:00:00+00:00,9,8,0.54,0.060000000000000005,0.15,22.0,2.0,1
Atlanta,Point Gage,Spring,2021,234,2021-05-29 01:00:00+00:00,2021-05-29 03:00:00+00:00,3,3,0.14,0.04666666666666667,0.09,391.0,0.0,0
Atlanta,Point Gage,Summer,2021,235,2021-06-05 22:00:00+00:00,2021-06-05 23:00:00+00:00,2,2,0.2499999999999999,0.12499999999999994,0.2299999999999999,186.0,0.0,0
Atlanta,Point Gage,Summer,2021,236,2021-06-07 03:00:00+00:00,2021-06-07 21:00:00+00:00,19,7,0.3999999999999999,0.021052631578947364,0.2,14.0,16.0,8
Atlanta,Point Gage,Summer,2021,237,2021-06-09 21:00:00+00:00,2021-06-09 22:00:00+00:00,2,2,0.13,0.065,0.11,19.0,0.0,0
Atlanta,Point Gage,Summer,2021,238,2021-06-10 22:00:00+00:00,2021-06-11 05:00:00+00:00,8,6,0.5900000000000001,0.07375000000000001,0.5,23.0,1.0,1
Atlanta,Point Gage,Summer,2021,239,2021-06-19 16:00:00+00:00,2021-06-20 14:00:00+00:00,23,22,1.5099999999999998,0.06565217391304347,0.33,186.0,12.0,1
Atlanta,Point Gage,Summer,2021,240,2021-06-21 21:00:00+00:00,2021-06-22 20:00:00+00:00,24,10,0.36000000000000004,0.015000000000000001,0.09,30.0,13.0,4
Atlanta,Point Gage,Summer,2021,241,2021-07-02 12:00:00+00:00,2021-07-02 15:00:00+00:00,4,4,0.18000000000000002,0.045000000000000005,0.11,25.0,2.0,0
Atlanta,Point Gage,Summer,2021,242,2021-07-07 03:00:00+00:00,2021-07-09 00:00:00+00:00,46,12,0.6500000000000001,0.014130434782608699,0.27,94.0,39.0,10
Atlanta,Point Gage,Summer,2021,243,2021-07-09 18:00:00+00:00,2021-07-09 20:00:00+00:00,3,3,0.7999999999999998,0.2666666666666666,0.43,17.0,2.0,0
Atlanta,Point Gage,Summer,2021,244,2021-07-10 18:00:00+00:00,2021-07-11 03:00:00+00:00,10,7,0.4700000000000001,0.04700000000000001,0.28,21.0,4.0,1
Atlanta,Point Gage,Summer,2021,245,2021-07-12 19:00:00+00:00,2021-07-13 01:00:00+00:00,7,2,0.13,0.018571428571428572,0.12,22.0,0.0,5
Atlanta,Point Gage,Summer,2021,246,2021-07-14 19:00:00+00:00,2021-07-14 22:00:00+00:00,4,2,0.12,0.03,0.08,17.0,3.0,2
Atlanta,Point Gage,Summer,2021,247,2021-07-17 19:00:00+00:00,2021-07-18 04:00:00+00:00,10,2,0.26,0.026000000000000002,0.25,46.0,0.0,8
Atlanta,Point Gage,Summer,2021,248,2021-07-18 21:00:00+00:00,2021-07-21 05:00:00+00:00,57,24,1.6900000000000002,0.029649122807017547,0.37,16.0,25.0,5
Atlanta,Point Gage,Summer,2021,249,2021-07-26 00:00:00+00:00,2021-07-26 05:00:00+00:00,6,4,1.02,0.17,0.6,41.0,1.0,2
Atlanta,Point Gage,Summer,2021,250,2021-08-01 07:00:00+00:00,2021-08-01 07:00:00+00:00,1,1,0.43,0.43,0.43,27.0,0.0,0
Atlanta,Point Gage,Summer,2021,251,2021-08-07 19:00:00+00:00,2021-08-07 19:00:00+00:00,1,1,0.18,0.18,0.18,92.0,0.0,0
Atlanta,Point Gage,Summer,2021,252,2021-08-13 04:00:00+00:00,2021-08-13 05:00:00+00:00,2,2,0.66,0.33,0.65,27.0,0.0,0
Atlanta,Point Gage,Summer,2021,253,2021-08-16 20:00:00+00:00,2021-08-17 19:00:00+00:00,24,21,2.64,0.11,0.5,44.0,15.0,1
Atlanta,Point Gage,Summer,2021,254,2021-08-19 20:00:00+00:00,2021-08-19 21:00:00+00:00,2,2,0.32999999999999996,0.16499999999999998,0.3,48.0,0.0,0
Atlanta,Point Gage,Summer,2021,255,2021-08-22 19:00:00+00:00,2021-08-22 20:00:00+00:00,2,2,0.2,0.1,0.19,25.0,0.0,0
Atlanta,Point Gage,Summer,2021,256,2021-08-25 22:00:00+00:00,2021-08-26 04:00:00+00:00,7,6,0.7200000000000001,0.10285714285714287,0.38,73.0,0.0,1
Atlanta,Point Gage,Summer,2021,257,2021-08-31 13:00:00+00:00,2021-09-01 07:00:00+00:00,19,11,0.7900000000000001,0.04157894736842106,0.49,12.0,2.0,4
Atlanta,Point Gage,Fall,2021,258,2021-09-07 20:00:00+00:00,2021-09-08 04:00:00+00:00,9,3,0.13999999999999999,0.015555555555555553,0.09,20.0,0.0,5
Atlanta,Point Gage,Fall,2021,259,2021-09-15 19:00:00+00:00,2021-09-17 00:00:00+00:00,30,19,0.6600000000000001,0.022000000000000006,0.11,156.0,9.0,8
Atlanta,Point Gage,Fall,2021,260,2021-09-18 16:00:00+00:00,2021-09-21 00:00:00+00:00,57,22,1.42,0.024912280701754386,0.58,25.0,22.0,9
Atlanta,Point Gage,Fall,2022,261,2021-10-03 23:00:00+00:00,2021-10-04 14:00:00+00:00,16,5,0.36000000000000004,0.022500000000000003,0.25,269.0,0.0,6
Atlanta,Point Gage,Fall,2022,262,2021-10-05 05:00:00+00:00,2021-10-06 10:00:00+00:00,30,16,1.09,0.036333333333333336,0.24,14.0,4.0,8
Atlanta,Point Gage,Fall,2022,263,2021-10-07 17:00:00+00:00,2021-10-07 21:00:00+00:00,5,3,0.23,0.046,0.16,30.0,0.0,2
Atlanta,Point Gage,Winter,2022,264,2022-01-02 11:00:00+00:00,2022-01-03 10:00:00+00:00,24,15,1.4100000000000001,0.058750000000000004,0.54,17.0,0.0,7
Atlanta,Point Gage,Winter,2022,265,2022-01-09 18:00:00+00:00,2022-01-10 01:00:00+00:00,8,5,0.49000000000000005,0.061250000000000006,0.34,63.0,4.0,2
Atlanta,Point Gage,Winter,2022,266,2022-01-20 08:00:00+00:00,2022-01-20 20:00:00+00:00,13,12,0.28,0.02153846153846154,0.06,226.0,1.0,1
Atlanta,Point Gage,Winter,2022,267,2022-02-03 01:00:00+00:00,2022-02-04 15:00:00+00:00,39,32,2.619999999999999,0.06717948717948716,0.6900000000000001,316.0,25.0,3
Atlanta,Point Gage,Winter,2022,268,2022-02-18 02:00:00+00:00,2022-02-18 07:00:00+00:00,6,6,1.09,0.18166666666666667,0.5,322.0,2.0,0
Atlanta,Point Gage,Winter,2022,269,2022-02-21 19:00:00+00:00,2022-02-22 12:00:00+00:00,18,15,0.9100000000000001,0.05055555555555556,0.13,83.0,3.0,3
Atlanta,Point Gage,Winter,2022,270,2022-02-23 13:00:00+00:00,2022-02-23 16:00:00+00:00,4,4,0.31999999999999995,0.07999999999999999,0.1699999999999999,24.0,1.0,0
Atlanta,Point Gage,Winter,2022,271,2022-02-27 09:00:00+00:00,2022-02-27 19:00:00+00:00,11,9,0.53,0.04818181818181819,0.14,39.0,5.0,1
Atlanta,Point Gage,Spring,2022,272,2022-03-08 20:00:00+00:00,2022-03-09 13:00:00+00:00,18,14,2.08,0.11555555555555556,0.6,19.0,16.0,2
Atlanta,Point Gage,Spring,2022,273,2022-03-12 05:00:00+00:00,2022-03-12 10:00:00+00:00,6,6,0.72,0.12,0.27,63.0,0.0,0
Atlanta,Point Gage,Spring,2022,274,2022-03-15 20:00:00+00:00,2022-03-17 03:00:00+00:00,32,18,1.18,0.036875,0.61,81.0,27.0,8
Atlanta,Point Gage,Spring,2022,275,2022-03-18 15:00:00+00:00,2022-03-19 03:00:00+00:00,13,6,0.8500000000000001,0.06538461538461539,0.31,35.0,2.0,7
Atlanta,Point Gage,Spring,2022,276,2022-03-23 07:00:00+00:00,2022-03-23 14:00:00+00:00,8,8,0.53,0.06625,0.19,99.0,3.0,0
Atlanta,Point Gage,Spring,2022,277,2022-03-31 08:00:00+00:00,2022-03-31 12:00:00+00:00,5,5,0.6699999999999999,0.13399999999999998,0.42,185.0,2.0,0
Atlanta,Point Gage,Spring,2022,278,2022-04-05 14:00:00+00:00,2022-04-05 20:00:00+00:00,7,7,2.05,0.2928571428571428,0.55,121.0,4.0,0
Atlanta,Point Gage,Spring,2022,279,2022-04-06 18:00:00+00:00,2022-04-07 06:00:00+00:00,13,7,0.98,0.07538461538461538,0.88,21.0,10.0,5
Atlanta,Point Gage,Spring,2022,280,2022-04-16 09:00:00+00:00,2022-04-16 14:00:00+00:00,6,6,1.1500000000000001,0.19166666666666668,0.53,47.0,2.0,0
Atlanta,Point Gage,Spring,2022,281,2022-05-04 06:00:00+00:00,2022-05-04 09:00:00+00:00,4,4,0.19,0.0475,0.12,163.0,1.0,0
Atlanta,Point Gage,Spring,2022,282,2022-05-04 21:00:00+00:00,2022-05-04 22:00:00+00:00,2,2,0.3199999999999999,0.15999999999999995,0.25,11.0,0.0,0
Atlanta,Point Gage,Spring,2022,283,2022-05-06 14:00:00+00:00,2022-05-06 14:00:00+00:00,1,1,0.16,0.16,0.16,39.0,0.0,0
Atlanta,Point Gage,Spring,2022,284,2022-05-15 11:00:00+00:00,2022-05-15 14:00:00+00:00,4,3,0.15000000000000002,0.037500000000000006,0.08,212.0,0.0,1
Atlanta,Point Gage,Spring,2022,285,2022-05-25 21:00:00+00:00,2022-05-25 23:00:00+00:00,3,3,0.16000000000000003,0.053333333333333344,0.14,63.0,1.0,0
Atlanta,Point Gage,Spring,2022,286,2022-05-26 19:00:00+00:00,2022-05-26 20:00:00+00:00,2,2,0.3,0.15,0.24,19.0,1.0,0
Atlanta,Point Gage,Summer,2022,287,2022-06-06 20:00:00+00:00,2022-06-06 21:00:00+00:00,2,2,1.01,0.505,0.86,93.0,0.0,0
Atlanta,Point Gage,Summer,2022,288,2022-06-08 02:00:00+00:00,2022-06-08 09:00:00+00:00,8,5,1.28,0.16,0.96,28.0,2.0,3
Atlanta,Point Gage,Summer,2022,289,2022-06-17 02:00:00+00:00,2022-06-17 14:00:00+00:00,13,4,1.44,0.11076923076923076,0.91,50.0,1.0,9
Atlanta,Point Gage,Summer,2022,290,2022-06-25 04:00:00+00:00,2022-06-25 07:00:00+00:00,4,3,0.8800000000000001,0.22000000000000003,0.56,181.0,1.0,1
Atlanta,Point Gage,Summer,2022,291,2022-06-29 23:00:00+00:00,2022-06-30 04:00:00+00:00,6,4,0.49999999999999994,0.08333333333333333,0.4599999999999999,17.0,0.0,2
Atlanta,Point Gage,Summer,2022,292,2022-07-01 02:00:00+00:00,2022-07-01 08:00:00+00:00,7,4,0.2,0.028571428571428574,0.11,21.0,0.0,3
Atlanta,Point Gage,Summer,2022,293,2022-07-04 15:00:00+00:00,2022-07-05 13:00:00+00:00,23,4,0.15000000000000002,0.006521739130434784,0.06,12.0,11.0,10
Atlanta,Point Gage,Summer,2022,294,2022-07-09 03:00:00+00:00,2022-07-10 06:00:00+00:00,28,9,0.81,0.028928571428571432,0.32,85.0,12.0,7
Atlanta,Point Gage,Summer,2022,295,2022-07-18 23:00:00+00:00,2022-07-19 22:00:00+00:00,24,11,1.19,0.04958333333333333,0.3999999999999999,50.0,22.0,9
Atlanta,Point Gage,Summer,2022,296,2022-07-21 12:00:00+00:00,2022-07-21 17:00:00+00:00,6,5,0.7199999999999999,0.11999999999999998,0.29,37.0,1.0,1
Atlanta,Point Gage,Summer,2022,297,2022-07-25 16:00:00+00:00,2022-07-25 16:00:00+00:00,1,1,0.16,0.16,0.16,94.0,0.0,0
Atlanta,Point Gage,Summer,2022,298,2022-07-29 22:00:00+00:00,2022-07-30 07:00:00+00:00,10,4,0.26999999999999996,0.026999999999999996,0.15,101.0,0.0,6
Atlanta,Point Gage,Summer,2022,299,2022-07-30 21:00:00+00:00,2022-07-31 08:00:00+00:00,12,6,0.72,0.06,0.48,13.0,0.0,4
Atlanta,Point Gage,Summer,2022,300,2022-08-04 21:00:00+00:00,2022-08-04 23:00:00+00:00,3,2,0.24,0.08,0.19,44.0,0.0,1
Atlanta,Point Gage,Summer,2022,301,2022-08-05 15:00:00+00:00,2022-08-05 23:00:00+00:00,9,3,0.8300000000000001,0.09222222222222223,0.81,15.0,7.0,6
Atlanta,Point Gage,Summer,2022,302,2022-08-07 02:00:00+00:00,2022-08-07 05:00:00+00:00,4,4,1.38,0.345,0.89,26.0,1.0,0
Atlanta,Point Gage,Summer,2022,303,2022-08-08 01:00:00+00:00,2022-08-08 01:00:00+00:00,1,1,0.13,0.13,0.13,19.0,0.0,0
Atlanta,Point Gage,Summer,2022,304,2022-08-09 23:00:00+00:00,2022-08-10 13:00:00+00:00,15,6,0.16,0.010666666666666666,0.08,26.0,0.0,5
Atlanta,Point Gage,Summer,2022,305,2022-08-16 01:00:00+00:00,2022-08-16 02:00:00+00:00,2,2,0.16,0.08,0.15,83.0,0.0,0
Atlanta,Point Gage,Summer,2022,306,2022-08-19 18:00:00+00:00,2022-08-20 07:00:00+00:00,14,5,0.12,0.008571428571428572,0.08,40.0,8.0,4
Atlanta,Point Gage,Summer,2022,307,2022-08-21 04:00:00+00:00,2022-08-21 19:00:00+00:00,16,4,0.26,0.01625,0.15,20.0,0.0,10
Atlanta,Point Gage,Summer,2022,308,2022-08-22 18:00:00+00:00,2022-08-22 19:00:00+00:00,2,2,0.15000000000000002,0.07500000000000001,0.14,22.0,0.0,0
Atlanta,Point Gage,Summer,2022,309,2022-08-25 07:00:00+00:00,2022-08-25 12:00:00+00:00,6,6,0.24000000000000002,0.04,0.07,14.0,3.0,0
Atlanta,Point Gage,Summer,2022,310,2022-08-26 09:00:00+00:00,2022-08-26 12:00:00+00:00,4,3,0.11,0.0275,0.06,20.0,1.0,1
Atlanta,Point Gage,Summer,2022,311,2022-08-28 00:00:00+00:00,2022-08-28 00:00:00+00:00,1,1,0.13,0.13,0.13,35.0,0.0,0
Atlanta,Point Gage,Summer,2022,312,2022-08-30 20:00:00+00:00,2022-08-31 00:00:00+00:00,5,4,0.21000000000000002,0.042,0.09,67.0,2.0,1
Atlanta,Point Gage,Fall,2022,313,2022-09-02 22:00:00+00:00,2022-09-02 22:00:00+00:00,1,1,0.17,0.17,0.17,69.0,0.0,0
Atlanta,Point Gage,Fall,2022,314,2022-09-04 19:00:00+00:00,2022-09-05 06:00:00+00:00,12,9,0.68,0.05666666666666667,0.22,15.0,0.0,2
Atlanta,Point Gage,Fall,2022,315,2022-09-11 18:00:00+00:00,2022-09-12 08:00:00+00:00,15,5,0.16000000000000003,0.010666666666666668,0.05,14.0,11.0,10
Atlanta,Point Gage,Fall,2022,316,2022-09-20 13:00:00+00:00,2022-09-20 22:00:00+00:00,10,3,0.2299999999999999,0.02299999999999999,0.1999999999999999,196.0,9.0,5
Atlanta,Point Gage,Fall,2023,317,2022-10-12 19:00:00+00:00,2022-10-13 11:00:00+00:00,17,8,1.0299999999999998,0.06058823529411764,0.32,409.0,15.0,9
Atlanta,Point Gage,Fall,2023,318,2022-10-26 02:00:00+00:00,2022-10-26 06:00:00+00:00,5,5,0.5700000000000001,0.11400000000000002,0.26,302.0,1.0,0
Atlanta,Point Gage,Fall,2023,319,2022-10-30 19:00:00+00:00,2022-10-31 15:00:00+00:00,21,12,0.43000000000000005,0.020476190476190478,0.08,108.0,9.0,5
Atlanta,Point Gage,Fall,2023,320,2022-11-11 02:00:00+00:00,2022-11-11 17:00:00+00:00,16,15,0.97,0.060625,0.14,124.0,8.0,1
Atlanta,Point Gage,Fall,2023,321,2022-11-15 10:00:00+00:00,2022-11-15 22:00:00+00:00,13,12,0.42000000000000004,0.03230769230769231,0.07,88.0,8.0,1
Atlanta,Point Gage,Fall,2023,322,2022-11-25 05:00:00+00:00,2022-11-25 16:00:00+00:00,12,8,0.26,0.021666666666666667,0.06,206.0,2.0,3
Atlanta,Point Gage,Fall,2023,323,2022-11-27 03:00:00+00:00,2022-11-27 12:00:00+00:00,10,9,0.44,0.044,0.14,34.0,5.0,1
Atlanta,Point Gage,Fall,2023,324,2022-11-30 03:00:00+00:00,2022-11-30 13:00:00+00:00,11,11,2.5799999999999996,0.2345454545454545,0.6,62.0,7.0,0
Atlanta,Point Gage,Winter,2023,325,2022-12-03 17:00:00+00:00,2022-12-03 21:00:00+00:00,5,3,0.1799999999999999,0.03599999999999998,0.1399999999999999,75.0,0.0,2
Atlanta,Point Gage,Winter,2023,326,2022-12-05 15:00:00+00:00,2022-12-06 13:00:00+00:00,23,21,1.19,0.05173913043478261,0.21,41.0,5.0,2
Atlanta,Point Gage,Winter,2023,327,2022-12-09 19:00:00+00:00,2022-12-10 01:00:00+00:00,7,7,0.4699999999999999,0.06714285714285713,0.22,29.0,1.0,0
Atlanta,Point Gage,Winter,2023,328,2022-12-11 15:00:00+00:00,2022-12-12 02:00:00+00:00,12,9,0.47,0.03916666666666666,0.15,11.0,4.0,2
Atlanta,Point Gage,Winter,2023,329,2022-12-14 18:00:00+00:00,2022-12-15 15:00:00+00:00,22,16,1.46,0.06636363636363636,0.42,63.0,6.0,4
Atlanta,Point Gage,Winter,2023,330,2023-01-02 19:00:00+00:00,2023-01-02 22:00:00+00:00,4,4,0.48999999999999994,0.12249999999999998,0.1699999999999999,47.0,2.0,0
Atlanta,Point Gage,Winter,2023,331,2023-01-03 12:00:00+00:00,2023-01-04 18:00:00+00:00,31,21,2.9699999999999993,0.0958064516129032,0.72,13.0,23.0,8
Atlanta,Point Gage,Winter,2023,332,2023-01-09 00:00:00+00:00,2023-01-09 12:00:00+00:00,13,5,0.29,0.022307692307692306,0.09,101.0,1.0,8
Atlanta,Point Gage,Winter,2023,333,2023-01-12 21:00:00+00:00,2023-01-12 22:00:00+00:00,2,2,0.64,0.32,0.4,80.0,0.0,0
Atlanta,Point Gage,Winter,2023,334,2023-01-17 13:00:00+00:00,2023-01-17 18:00:00+00:00,6,6,0.1899999999999999,0.03166666666666665,0.0699999999999999,110.0,4.0,0
Atlanta,Point Gage,Winter,2023,335,2023-01-22 03:00:00+00:00,2023-01-23 04:00:00+00:00,26,19,1.3800000000000001,0.053076923076923084,0.32,59.0,7.0,3
Atlanta,Point Gage,Winter,2023,336,2023-01-25 09:00:00+00:00,2023-01-25 14:00:00+00:00,6,6,0.74,0.12333333333333334,0.27,52.0,2.0,0
Atlanta,Point Gage,Winter,2023,337,2023-01-29 23:00:00+00:00,2023-01-30 13:00:00+00:00,15,15,0.8800000000000002,0.05866666666666668,0.18,104.0,3.0,0
Atlanta,Point Gage,Winter,2023,338,2023-02-02 10:00:00+00:00,2023-02-03 09:00:00+00:00,24,18,0.8700000000000001,0.036250000000000004,0.16,25.0,12.0,3
Atlanta,Point Gage,Winter,2023,339,2023-02-09 14:00:00+00:00,2023-02-10 15:00:00+00:00,26,10,0.44,0.016923076923076923,0.11,148.0,10.0,9
Atlanta,Point Gage,Winter,2023,340,2023-02-11 19:00:00+00:00,2023-02-12 15:00:00+00:00,21,16,0.35,0.016666666666666666,0.06,27.0,3.0,3
Atlanta,Point Gage,Winter,2023,341,2023-02-17 07:00:00+00:00,2023-02-17 15:00:00+00:00,9,9,0.9800000000000001,0.1088888888888889,0.52,36.0,3.0,0
Atlanta,Point Gage,Winter,2023,342,2023-02-24 21:00:00+00:00,2023-02-25 08:00:00+00:00,12,4,0.15000000000000002,0.012500000000000002,0.11,20.0,3.0,7
Atlanta,Point Gage,Spring,2023,343,2023-03-02 11:00:00+00:00,2023-03-03 10:00:00+00:00,24,12,0.31,0.012916666666666667,0.05,63.0,5.0,3
Atlanta,Point Gage,Spring,2023,344,2023-03-03 23:00:00+00:00,2023-03-03 23:00:00+00:00,1,1,0.36,0.36,0.36,12.0,0.0,0
Atlanta,Point Gage,Spring,2023,345,2023-03-09 07:00:00+00:00,2023-03-10 15:00:00+00:00,33,16,0.68,0.020606060606060607,0.11,127.0,21.0,7
Atlanta,Point Gage,Spring,2023,346,2023-03-12 08:00:00+00:00,2023-03-12 15:00:00+00:00,8,7,1.0899999999999999,0.13624999999999998,0.2799999999999999,40.0,4.0,1
Atlanta,Point Gage,Spring,2023,347,2023-03-17 12:00:00+00:00,2023-03-18 09:00:00+00:00,22,13,0.6699999999999999,0.030454545454545453,0.17,116.0,10.0,8
Atlanta,Point Gage,Spring,2023,348,2023-03-25 10:00:00+00:00,2023-03-25 13:00:00+00:00,4,4,0.77,0.1925,0.5900000000000001,168.0,1.0,0
Atlanta,Point Gage,Spring,2023,349,2023-03-26 13:00:00+00:00,2023-03-27 14:00:00+00:00,26,15,2.19,0.08423076923076923,0.63,23.0,14.0,7
Atlanta,Point Gage,Spring,2023,350,2023-04-01 12:00:00+00:00,2023-04-01 14:00:00+00:00,3,3,1.56,0.52,1.27,117.0,1.0,0
Atlanta,Point Gage,Spring,2023,351,2023-04-08 13:00:00+00:00,2023-04-08 22:00:00+00:00,10,10,2.01,0.20099999999999998,0.38,27.0,5.0,0
Atlanta,Point Gage,Spring,2023,352,2023-04-13 17:00:00+00:00,2023-04-14 19:00:00+00:00,27,10,0.37,0.013703703703703704,0.07,114.0,11.0,8
Atlanta,Point Gage,Spring,2023,353,2023-04-16 07:00:00+00:00,2023-04-16 08:00:00+00:00,2,2,0.14,0.07,0.09,18.0,0.0,0
Atlanta,Point Gage,Spring,2023,354,2023-04-30 02:00:00+00:00,2023-04-30 14:00:00+00:00,13,13,1.63,0.12538461538461537,0.38,34.0,7.0,0
Atlanta,Point Gage,Spring,2023,355,2023-05-12 16:00:00+00:00,2023-05-12 18:00:00+00:00,3,3,0.21000000000000002,0.07,0.16,64.0,0.0,0
Atlanta,Point Gage,Spring,2023,356,2023-05-16 21:00:00+00:00,2023-05-17 20:00:00+00:00,24,8,0.76,0.03166666666666667,0.56,18.0,1.0,7
Atlanta,Point Gage,Spring,2023,357,2023-05-21 03:00:00+00:00,2023-05-21 06:00:00+00:00,4,3,0.26,0.065,0.24,15.0,0.0,1
Atlanta,Point Gage,Spring,2023,358,2023-05-22 21:00:00+00:00,2023-05-23 13:00:00+00:00,17,7,0.6900000000000001,0.04058823529411765,0.48,38.0,0.0,9
Atlanta,Point Gage,Summer,2023,359,2023-06-04 17:00:00+00:00,2023-06-05 02:00:00+00:00,10,4,0.32000000000000006,0.03200000000000001,0.27,291.0,7.0,6
Atlanta,Point Gage,Summer,2023,360,2023-06-06 22:00:00+00:00,2023-06-07 04:00:00+00:00,7,5,0.27,0.038571428571428576,0.11,43.0,6.0,2
Atlanta,Point Gage,Summer,2023,361,2023-06-11 14:00:00+00:00,2023-06-12 09:00:00+00:00,20,6,0.25999999999999995,0.012999999999999998,0.08,105.0,9.0,7
Atlanta,Point Gage,Summer,2023,362,2023-06-14 14:00:00+00:00,2023-06-14 20:00:00+00:00,7,4,0.34,0.04857142857142858,0.23,52.0,0.0,2
Atlanta,Point Gage,Summer,2023,363,2023-06-19 08:00:00+00:00,2023-06-19 12:00:00+00:00,5,5,0.78,0.156,0.29,107.0,1.0,0
Atlanta,Point Gage,Summer,2023,364,2023-06-20 19:00:00+00:00,2023-06-21 00:00:00+00:00,6,4,0.36000000000000004,0.060000000000000005,0.25,30.0,0.0,2
Atlanta,Point Gage,Summer,2023,365,2023-06-21 13:00:00+00:00,2023-06-22 14:00:00+00:00,26,7,0.61,0.02346153846153846,0.41,12.0,6.0,9
Atlanta,Point Gage,Summer,2023,366,2023-06-25 23:00:00+00:00,2023-06-26 09:00:00+00:00,11,4,0.64,0.05818181818181818,0.48,49.0,0.0,7
Atlanta,Point Gage,Summer,2023,367,2023-06-30 19:00:00+00:00,2023-07-01 00:00:00+00:00,6,2,0.16,0.02666666666666667,0.15,105.0,0.0,4
Atlanta,Point Gage,Summer,2023,368,2023-07-04 00:00:00+00:00,2023-07-04 01:00:00+00:00,2,2,1.6,0.8,1.59,71.0,0.0,0
Atlanta,Point Gage,Summer,2023,369,2023-07-05 00:00:00+00:00,2023-07-05 18:00:00+00:00,19,5,0.68,0.03578947368421053,0.44,22.0,0.0,9
Atlanta,Point Gage,Summer,2023,370,2023-07-10 03:00:00+00:00,2023-07-10 13:00:00+00:00,11,9,1.1300000000000001,0.10272727272727274,0.53,78.0,0.0,2
Atlanta,Point Gage,Summer,2023,371,2023-07-20 23:00:00+00:00,2023-07-21 02:00:00+00:00,4,3,0.33,0.0825,0.31,249.0,0.0,1
Atlanta,Point Gage,Summer,2023,372,2023-07-21 21:00:00+00:00,2023-07-22 13:00:00+00:00,17,7,2.6999999999999997,0.1588235294117647,1.38,18.0,1.0,10
Atlanta,Point Gage,Summer,2023,373,2023-08-03 21:00:00+00:00,2023-08-03 22:00:00+00:00,2,2,0.25,0.125,0.19,111.0,0.0,0
Atlanta,Point Gage,Summer,2023,374,2023-08-06 18:00:00+00:00,2023-08-07 10:00:00+00:00,17,8,0.89,0.05235294117647059,0.25,67.0,3.0,8
Atlanta,Point Gage,Summer,2023,375,2023-08-07 22:00:00+00:00,2023-08-07 23:00:00+00:00,2,2,0.28,0.14,0.18,11.0,0.0,0
Atlanta,Point Gage,Summer,2023,376,2023-08-10 04:00:00+00:00,2023-08-10 17:00:00+00:00,14,7,0.35,0.024999999999999998,0.15,28.0,10.0,6
Atlanta,Point Gage,Summer,2023,377,2023-08-11 11:00:00+00:00,2023-08-11 14:00:00+00:00,4,4,0.6599999999999999,0.16499999999999998,0.31,17.0,2.0,0
Atlanta,Point Gage,Summer,2023,378,2023-08-12 21:00:00+00:00,2023-08-13 00:00:00+00:00,4,3,0.35,0.0875,0.29,30.0,2.0,1
Atlanta,Point Gage,Summer,2023,379,2023-08-15 19:00:00+00:00,2023-08-15 19:00:00+00:00,1,1,0.1,0.1,0.1,66.0,0.0,0
Atlanta,Point Gage,Summer,2023,380,2023-08-28 05:00:00+00:00,2023-08-29 03:00:00+00:00,23,11,3.2499999999999996,0.14130434782608695,1.15,297.0,18.0,7
Atlanta,Point Gage,Summer,2023,381,2023-08-30 00:00:00+00:00,2023-08-30 08:00:00+00:00,9,7,1.54,0.1711111111111111,1.19,20.0,0.0,2
Atlanta,Point Gage,Fall,2023,382,2023-09-13 06:00:00+00:00,2023-09-13 19:00:00+00:00,14,6,0.5,0.03571428571428571,0.29,79.0,1.0,8
Atlanta,Point Gage,Fall,2023,383,2023-09-14 18:00:00+00:00,2023-09-14 22:00:00+00:00,5,4,1.15,0.22999999999999998,0.76,22.0,0.0,1
Atlanta,Point Gage,Fall,2023,384,2023-09-16 14:00:00+00:00,2023-09-17 09:00:00+00:00,20,11,0.91,0.0455,0.29,20.0,17.0,8
Atlanta,Point Gage,Fall,2024,385,2023-10-06 23:00:00+00:00,2023-10-07 00:00:00+00:00,2,2,0.23,0.115,0.19,469.0,0.0,0
Atlanta,Point Gage,Fall,2024,386,2023-10-11 21:00:00+00:00,2023-10-12 12:00:00+00:00,16,16,0.9400000000000001,0.058750000000000004,0.25,116.0,9.0,0
Atlanta,Point Gage,Fall,2024,387,2023-10-13 22:00:00+00:00,2023-10-14 19:00:00+00:00,22,8,0.18,0.00818181818181818,0.08,33.0,5.0,9
Atlanta,Point Gage,Fall,2024,388,2023-10-20 09:00:00+00:00,2023-10-20 12:00:00+00:00,4,3,0.15000000000000002,0.037500000000000006,0.13,133.0,2.0,1
Atlanta,Point Gage,Fall,2024,389,2023-11-10 17:00:00+00:00,2023-11-12 04:00:00+00:00,36,15,0.5900000000000001,0.01638888888888889,0.13,508.0,17.0,10
Atlanta,Point Gage,Fall,2024,390,2023-11-21 10:00:00+00:00,2023-11-22 11:00:00+00:00,26,12,0.53,0.020384615384615386,0.17,221.0,11.0,10
Atlanta,Point Gage,Winter,2024,391,2023-12-01 12:00:00+00:00,2023-12-01 14:00:00+00:00,3,3,0.16,0.05333333333333334,0.08,69.0,1.0,0
Atlanta,Point Gage,Winter,2024,392,2023-12-03 03:00:00+00:00,2023-12-03 12:00:00+00:00,10,4,0.37,0.037,0.34,36.0,9.0,5
Atlanta,Point Gage,Winter,2024,393,2023-12-09 12:00:00+00:00,2023-12-10 23:00:00+00:00,36,22,1.6099999999999999,0.04472222222222222,0.38,143.0,23.0,7
Atlanta,Point Gage,Winter,2024,394,2023-12-25 08:00:00+00:00,2023-12-26 20:00:00+00:00,37,32,0.9800000000000001,0.02648648648648649,0.07,179.0,2.0,3
Atlanta,Point Gage,Winter,2024,395,2024-01-06 05:00:00+00:00,2024-01-06 15:00:00+00:00,11,11,0.51,0.046363636363636364,0.12,227.0,0.0,0
Atlanta,Point Gage,Winter,2024,396,2024-01-09 02:00:00+00:00,2024-01-09 18:00:00+00:00,17,17,1.47,0.08647058823529412,0.3,58.0,13.0,0
Atlanta,Point Gage,Winter,2024,397,2024-01-12 15:00:00+00:00,2024-01-13 06:00:00+00:00,16,8,0.42000000000000004,0.026250000000000002,0.13,68.0,5.0,7
Atlanta,Point Gage,Winter,2024,398,2024-01-16 09:00:00+00:00,2024-01-16 13:00:00+00:00,5,5,0.3,0.06,0.11,74.0,3.0,0
Atlanta,Point Gage,Winter,2024,399,2024-01-24 13:00:00+00:00,2024-01-26 00:00:00+00:00,36,18,1.24,0.034444444444444444,0.33,22.0,34.0,6
Atlanta,Point Gage,Winter,2024,400,2024-01-27 11:00:00+00:00,2024-01-28 02:00:00+00:00,16,9,0.14,0.00875,0.04,34.0,9.0,4
Atlanta,Point Gage,Winter,2024,401,2024-02-04 21:00:00+00:00,2024-02-05 10:00:00+00:00,14,9,0.3,0.02142857142857143,0.11,114.0,6.0,5
Atlanta,Point Gage,Winter,2024,402,2024-02-10 23:00:00+00:00,2024-02-13 02:00:00+00:00,52,31,1.97,0.037884615384615385,0.25,132.0,29.0,8
Atlanta,Point Gage,Winter,2024,403,2024-02-23 07:00:00+00:00,2024-02-23 11:00:00+00:00,5,4,0.24000000000000002,0.048,0.08,139.0,0.0,1
Atlanta,Point Gage,Winter,2024,404,2024-02-28 21:00:00+00:00,2024-02-28 22:00:00+00:00,2,2,0.36,0.18,0.32,129.0,0.0,0
Atlanta,Point Gage,Spring,2024,405,2024-03-01 12:00:00+00:00,2024-03-02 02:00:00+00:00,15,15,0.94,0.06266666666666666,0.19,37.0,5.0,0
Atlanta,Point Gage,Spring,2024,406,2024-03-05 16:00:00+00:00,2024-03-06 21:00:00+00:00,30,21,1.46,0.048666666666666664,0.38,48.0,15.0,4
Atlanta,Point Gage,Spring,2024,407,2024-03-09 00:00:00+00:00,2024-03-09 14:00:00+00:00,15,12,1.3199999999999998,0.088,0.27,50.0,4.0,2
Atlanta,Point Gage,Spring,2024,408,2024-03-15 15:00:00+00:00,2024-03-15 18:00:00+00:00,4,4,0.12,0.03,0.06,144.0,0.0,0
Atlanta,Point Gage,Spring,2024,409,2024-03-22 17:00:00+00:00,2024-03-23 07:00:00+00:00,15,13,0.26,0.017333333333333333,0.05,110.0,4.0,2
Atlanta,Point Gage,Spring,2024,410,2024-03-26 15:00:00+00:00,2024-03-26 23:00:00+00:00,9,7,0.34,0.03777777777777778,0.1,79.0,3.0,1
Atlanta,Point Gage,Spring,2024,411,2024-04-03 03:00:00+00:00,2024-04-03 09:00:00+00:00,7,5,0.47000000000000003,0.06714285714285714,0.17,171.0,1.0,1
Atlanta,Point Gage,Spring,2024,412,2024-04-09 08:00:00+00:00,2024-04-10 06:00:00+00:00,23,12,0.4800000000000001,0.02086956521739131,0.11,142.0,3.0,6
Atlanta,Point Gage,Spring,2024,413,2024-04-11 00:00:00+00:00,2024-04-12 01:00:00+00:00,26,8,0.38,0.014615384615384615,0.23,17.0,0.0,10
Atlanta,Point Gage,Spring,2024,414,2024-04-18 00:00:00+00:00,2024-04-18 03:00:00+00:00,4,4,0.18000000000000002,0.045000000000000005,0.08,142.0,1.0,0
Atlanta,Point Gage,Spring,2024,415,2024-04-19 11:00:00+00:00,2024-04-19 13:00:00+00:00,3,3,0.14,0.04666666666666667,0.11,14.0,1.0,0
Atlanta,Point Gage,Spring,2024,416,2024-04-21 04:00:00+00:00,2024-04-21 19:00:00+00:00,16,13,0.5700000000000001,0.035625000000000004,0.17,38.0,1.0,2
Atlanta,Point Gage,Spring,2024,417,2024-04-30 12:00:00+00:00,2024-04-30 17:00:00+00:00,6,5,0.18000000000000002,0.030000000000000002,0.1,208.0,4.0,1
Atlanta,Point Gage,Spring,2024,418,2024-05-05 21:00:00+00:00,2024-05-06 08:00:00+00:00,12,4,0.13,0.010833333333333334,0.06,31.0,0.0,5
Atlanta,Point Gage,Spring,2024,419,2024-05-09 14:00:00+00:00,2024-05-09 17:00:00+00:00,4,3,0.21,0.0525,0.14,77.0,2.0,1
Atlanta,Point Gage,Spring,2024,420,2024-05-10 09:00:00+00:00,2024-05-10 12:00:00+00:00,4,4,0.10999999999999999,0.027499999999999997,0.05,15.0,0.0,0
Atlanta,Point Gage,Spring,2024,421,2024-05-24 17:00:00+00:00,2024-05-24 18:00:00+00:00,2,2,0.4099999999999999,0.20499999999999996,0.3299999999999999,135.0,0.0,0
Atlanta,Point Gage,Spring,2024,422,2024-05-25 15:00:00+00:00,2024-05-25 16:00:00+00:00,2,2,0.11,0.055,0.06,20.0,0.0,0
Atlanta,Point Gage,Spring,2024,423,2024-05-27 12:00:00+00:00,2024-05-27 16:00:00+00:00,5,5,0.5800000000000001,0.11600000000000002,0.17,43.0,1.0,0
Atlanta,Point Gage,Summer,2024,424,2024-06-10 04:00:00+00:00,2024-06-10 08:00:00+00:00,5,3,0.14,0.028000000000000004,0.07,84.0,4.0,2
Atlanta,Point Gage,Summer,2024,425,2024-06-27 22:00:00+00:00,2024-06-27 22:00:00+00:00,1,1,0.11,0.11,0.11,421.0,0.0,0
Atlanta,Point Gage,Summer,2024,426,2024-06-29 05:00:00+00:00,2024-06-29 12:00:00+00:00,8,5,0.1,0.0125,0.04,30.0,6.0,3
Atlanta,Point Gage,Summer,2024,427,2024-07-02 01:00:00+00:00,2024-07-02 02:00:00+00:00,2,2,0.21,0.105,0.19,60.0,0.0,0
Atlanta,Point Gage,Summer,2024,428,2024-07-04 23:00:00+00:00,2024-07-05 01:00:00+00:00,3,3,1.82,0.6066666666666667,1.75,68.0,1.0,0
Atlanta,Point Gage,Summer,2024,429,2024-07-05 17:00:00+00:00,2024-07-05 20:00:00+00:00,4,2,0.35000000000000003,0.08750000000000001,0.34,15.0,0.0,2
Atlanta,Point Gage,Summer,2024,430,2024-07-06 18:00:00+00:00,2024-07-06 23:00:00+00:00,6,6,0.28,0.04666666666666667,0.09,21.0,1.0,0
Atlanta,Point Gage,Summer,2024,431,2024-07-08 02:00:00+00:00,2024-07-08 03:00:00+00:00,2,2,0.8500000000000001,0.42500000000000004,0.8200000000000001,26.0,0.0,0
Atlanta,Point Gage,Summer,2024,432,2024-07-09 21:00:00+00:00,2024-07-09 21:00:00+00:00,1,1,0.1,0.1,0.1,41.0,0.0,0
Atlanta,Point Gage,Summer,2024,433,2024-07-15 21:00:00+00:00,2024-07-16 00:00:00+00:00,4,3,0.8200000000000001,0.20500000000000002,0.78,143.0,0.0,1
Atlanta,Point Gage,Summer,2024,434,2024-07-18 19:00:00+00:00,2024-07-18 23:00:00+00:00,5,4,1.89,0.378,1.38,21.0,1.0,1
Atlanta,Point Gage,Summer,2024,435,2024-07-20 00:00:00+00:00,2024-07-20 18:00:00+00:00,19,12,1.31,0.06894736842105263,0.26,24.0,2.0,5
Atlanta,Point Gage,Summer,2024,436,2024-07-23 22:00:00+00:00,2024-07-24 04:00:00+00:00,7,7,0.2699999999999999,0.038571428571428555,0.0699999999999999,53.0,3.0,0
Atlanta,Point Gage,Summer,2024,437,2024-07-24 23:00:00+00:00,2024-07-25 02:00:00+00:00,4,4,1.4300000000000002,0.35750000000000004,0.81,18.0,0.0,0
Atlanta,Point Gage,Summer,2024,438,2024-07-28 17:00:00+00:00,2024-07-29 03:00:00+00:00,11,9,1.61,0.14636363636363636,1.07,41.0,0.0,2
Atlanta,Point Gage,Summer,2024,439,2024-07-29 17:00:00+00:00,2024-07-30 05:00:00+00:00,13,5,0.42000000000000004,0.03230769230769231,0.25,13.0,8.0,5
Atlanta,Point Gage,Summer,2024,440,2024-08-17 02:00:00+00:00,2024-08-17 04:00:00+00:00,3,3,0.5800000000000001,0.19333333333333336,0.51,292.0,0.0,0
Atlanta,Point Gage,Summer,2024,441,2024-08-18 01:00:00+00:00,2024-08-19 00:00:00+00:00,24,8,0.65,0.027083333333333334,0.36,20.0,19.0,6
Atlanta,Point Gage,Summer,2024,442,2024-08-30 21:00:00+00:00,2024-08-30 21:00:00+00:00,1,1,0.35,0.35,0.35,284.0,0.0,0
Atlanta,Point Gage,Fall,2024,443,2024-09-12 05:00:00+00:00,2024-09-13 11:00:00+00:00,31,9,0.14,0.004516129032258065,0.03,125.0,2.0,7
Atlanta,Point Gage,Fall,2024,444,2024-09-25 17:00:00+00:00,2024-09-27 13:00:00+00:00,45,39,10.36,0.23022222222222222,1.21,252.0,1.0,5
Atlanta,Point Gage,Fall,2025,445,2024-11-14 03:00:00+00:00,2024-11-14 15:00:00+00:00,13,11,0.71,0.054615384615384614,0.15,176.0,7.0,2
Atlanta,Point Gage,Fall,2025,446,2024-11-19 11:00:00+00:00,2024-11-20 16:00:00+00:00,30,20,2.1699999999999995,0.07233333333333332,0.4499999999999999,115.0,21.0,4
Atlanta,Point Gage,Fall,2025,447,2024-11-26 09:00:00+00:00,2024-11-26 11:00:00+00:00,3,3,0.3899999999999999,0.12999999999999998,0.28,136.0,1.0,0
Atlanta,Point Gage,Winter,2025,448,2024-12-09 05:00:00+00:00,2024-12-11 11:00:00+00:00,55,30,1.7800000000000002,0.032363636363636365,0.28,246.0,41.0,8
Atlanta,Point Gage,Winter,2025,449,2024-12-28 00:00:00+00:00,2024-12-28 07:00:00+00:00,8,6,0.49,0.06125,0.15,17.0,5.0,2
Atlanta,Point Gage,Winter,2025,450,2024-12-28 19:00:00+00:00,2024-12-29 13:00:00+00:00,19,13,1.45,0.07631578947368421,0.6699999999999999,11.0,15.0,4
Atlanta,Point Gage,Winter,2025,451,2025-01-05 23:00:00+00:00,2025-01-06 13:00:00+00:00,15,10,0.9900000000000001,0.066,0.25,177.0,11.0,3
Atlanta,Point Gage,Winter,2025,452,2025-01-18 07:00:00+00:00,2025-01-18 14:00:00+00:00,8,8,0.65,0.08125,0.2,281.0,4.0,0
Atlanta,Point Gage,Winter,2025,453,2025-01-27 06:00:00+00:00,2025-01-27 16:00:00+00:00,11,10,0.35,0.031818181818181815,0.07,207.0,7.0,1
Atlanta,Point Gage,Winter,2025,454,2025-01-31 18:00:00+00:00,2025-02-01 04:00:00+00:00,11,6,0.30000000000000004,0.02727272727272728,0.14,83.0,3.0,5
Atlanta,Point Gage,Winter,2025,455,2025-02-07 11:00:00+00:00,2025-02-07 11:00:00+00:00,1,1,0.12,0.12,0.12,27.0,0.0,0
Atlanta,Point Gage,Winter,2025,456,2025-02-09 11:00:00+00:00,2025-02-09 14:00:00+00:00,4,2,0.21000000000000002,0.052500000000000005,0.2,47.0,0.0,2
Atlanta,Point Gage,Winter,2025,457,2025-02-11 11:00:00+00:00,2025-02-13 12:00:00+00:00,50,33,3.85,0.077,0.51,44.0,43.0,5
Atlanta,Point Gage,Winter,2025,458,2025-02-16 10:00:00+00:00,2025-02-16 15:00:00+00:00,6,4,0.81,0.135,0.64,14.0,0.0,2
Atlanta,Point Gage,Spring,2025,459,2025-03-05 06:00:00+00:00,2025-03-05 10:00:00+00:00,5,5,1.1300000000000001,0.22600000000000003,0.59,324.0,2.0,0
Atlanta,Point Gage,Spring,2025,460,2025-03-09 16:00:00+00:00,2025-03-10 18:00:00+00:00,27,18,0.6700000000000002,0.02481481481481482,0.12,80.0,22.0,5
Atlanta,Point Gage,Spring,2025,461,2025-03-16 05:00:00+00:00,2025-03-16 09:00:00+00:00,5,5,0.68,0.136,0.28,130.0,1.0,0
Atlanta,Point Gage,Spring,2025,462,2025-03-31 17:00:00+00:00,2025-03-31 19:00:00+00:00,3,3,0.45,0.15,0.23,17.0,1.0,0
Atlanta,Point Gage,Spring,2025,463,2025-04-06 18:00:00+00:00,2025-04-07 23:00:00+00:00,30,24,2.6699999999999995,0.08899999999999998,0.7500000000000001,142.0,0.0,5
Atlanta,Point Gage,Spring,2025,464,2025-04-11 02:00:00+00:00,2025-04-11 03:00:00+00:00,2,2,0.51,0.255,0.36,74.0,0.0,0
Atlanta,Point Gage,Spring,2025,465,2025-04-23 20:00:00+00:00,2025-04-24 08:00:00+00:00,13,4,0.29000000000000004,0.02230769230769231,0.15,14.0,0.0,8
Atlanta,Point Gage,Spring,2025,466,2025-04-25 00:00:00+00:00,2025-04-25 06:00:00+00:00,7,4,0.16000000000000003,0.02285714285714286,0.06,15.0,0.0,2
Atlanta,Point Gage,Spring,2025,467,2025-04-26 02:00:00+00:00,2025-04-26 09:00:00+00:00,8,5,0.27,0.03375,0.19,19.0,1.0,2
Atlanta,Point Gage,Spring,2025,468,2025-05-01 09:00:00+00:00,2025-05-01 11:00:00+00:00,3,3,0.14,0.04666666666666667,0.09,119.0,2.0,0
Atlanta,Point Gage,Spring,2025,469,2025-05-03 17:00:00+00:00,2025-05-04 10:00:00+00:00,18,5,0.49,0.02722222222222222,0.29,11.0,8.0,7
Atlanta,Point Gage,Spring,2025,470,2025-05-07 10:00:00+00:00,2025-05-07 17:00:00+00:00,8,6,0.31,0.03875,0.11,71.0,0.0,2
Atlanta,Point Gage,Spring,2025,471,2025-05-10 10:00:00+00:00,2025-05-11 06:00:00+00:00,21,15,0.5800000000000001,0.027619047619047623,0.09,50.0,6.0,3
Atlanta,Point Gage,Spring,2025,472,2025-05-11 22:00:00+00:00,2025-05-12 13:00:00+00:00,16,10,0.62,0.03875,0.31,15.0,1.0,3
Atlanta,Point Gage,Spring,2025,473,2025-05-18 14:00:00+00:00,2025-05-18 15:00:00+00:00,2,2,0.13,0.065,0.09,23.0,1.0,0
Atlanta,Point Gage,Spring,2025,474,2025-05-21 06:00:00+00:00,2025-05-21 10:00:00+00:00,5,4,1.8199999999999998,0.364,1.19,39.0,0.0,1
Atlanta,Point Gage,Spring,2025,475,2025-05-25 06:00:00+00:00,2025-05-25 07:00:00+00:00,2,2,0.57,0.285,0.35,91.0,0.0,0
Atlanta,Point Gage,Spring,2025,476,2025-05-26 01:00:00+00:00,2025-05-26 11:00:00+00:00,11,10,1.07,0.09727272727272727,0.3,17.0,1.0,1
Atlanta,Point Gage,Spring,2025,477,2025-05-27 04:00:00+00:00,2025-05-27 07:00:00+00:00,4,4,0.15,0.0375,0.08,16.0,0.0,0
Atlanta,Point Gage,Spring,2025,478,2025-05-27 20:00:00+00:00,2025-05-28 22:00:00+00:00,27,9,0.7700000000000001,0.028518518518518523,0.25,12.0,0.0,10
Atlanta,Point Gage,Spring,2025,479,2025-05-29 12:00:00+00:00,2025-05-29 21:00:00+00:00,10,10,0.37999999999999995,0.03799999999999999,0.11,13.0,7.0,0
Atlanta,Point Gage,Spring,2025,480,2025-05-30 12:00:00+00:00,2025-05-30 18:00:00+00:00,7,2,0.42,0.06,0.41,14.0,6.0,5
Atlanta,Point Gage,Summer,2025,481,2025-06-04 19:00:00+00:00,2025-06-05 01:00:00+00:00,7,5,0.14,0.02,0.07,120.0,4.0,2
Atlanta,Point Gage,Summer,2025,482,2025-06-07 22:00:00+00:00,2025-06-07 23:00:00+00:00,2,2,0.6500000000000001,0.32500000000000007,0.5800000000000001,68.0,0.0,0
Atlanta,Point Gage,Summer,2025,483,2025-06-09 16:00:00+00:00,2025-06-09 21:00:00+00:00,6,3,0.38999999999999996,0.06499999999999999,0.3,40.0,1.0,3
Atlanta,Point Gage,Summer,2025,484,2025-06-10 17:00:00+00:00,2025-06-10 20:00:00+00:00,4,4,0.15000000000000002,0.037500000000000006,0.08,19.0,1.0,0
Atlanta,Point Gage,Summer,2025,485,2025-06-12 21:00:00+00:00,2025-06-13 03:00:00+00:00,7,5,0.72,0.10285714285714286,0.47,48.0,3.0,1
Atlanta,Point Gage,Summer,2025,486,2025-06-14 19:00:00+00:00,2025-06-15 04:00:00+00:00,10,5,0.5899999999999999,0.05899999999999998,0.39,39.0,5.0,3
Atlanta,Point Gage,Summer,2025,487,2025-06-25 23:00:00+00:00,2025-06-26 04:00:00+00:00,6,3,0.35000000000000003,0.05833333333333334,0.33,149.0,0.0,3
Atlanta,Point Gage,Summer,2025,488,2025-06-26 22:00:00+00:00,2025-06-27 00:00:00+00:00,3,3,1.4100000000000001,0.47000000000000003,1.35,17.0,0.0,0
Atlanta,Point Gage,Summer,2025,489,2025-06-28 00:00:00+00:00,2025-06-28 04:00:00+00:00,5,4,0.37,0.074,0.22,23.0,0.0,1
Atlanta,Point Gage,Summer,2025,490,2025-06-29 19:00:00+00:00,2025-06-29 23:00:00+00:00,5,3,0.6900000000000001,0.138,0.45,38.0,0.0,2
Atlanta,Point Gage,Summer,2025,491,2025-07-01 00:00:00+00:00,2025-07-01 01:00:00+00:00,2,2,0.11,0.055,0.08,24.0,0.0,0
Atlanta,Point Gage,Summer,2025,492,2025-07-01 19:00:00+00:00,2025-07-02 01:00:00+00:00,7,5,0.5800000000000001,0.08285714285714287,0.33,17.0,5.0,1
Atlanta,Point Gage,Summer,2025,493,2025-07-09 20:00:00+00:00,2025-07-10 02:00:00+00:00,7,5,1.27,0.18142857142857144,0.62,186.0,4.0,2
Atlanta,Point Gage,Summer,2025,494,2025-07-15 21:00:00+00:00,2025-07-15 22:00:00+00:00,2,2,0.6000000000000001,0.30000000000000004,0.55,97.0,1.0,0
Atlanta,Point Gage,Summer,2025,495,2025-07-30 00:00:00+00:00,2025-07-30 03:00:00+00:00,4,4,1.5,0.375,0.6799999999999999,120.0,1.0,0
Atlanta,Point Gage,Summer,2025,496,2025-07-31 21:00:00+00:00,2025-08-01 09:00:00+00:00,13,5,0.8899999999999999,0.06846153846153845,0.3299999999999999,19.0,1.0,8
Atlanta,Point Gage,Summer,2025,497,2025-08-03 07:00:00+00:00,2025-08-03 17:00:00+00:00,11,10,1.76,0.16,0.47,29.0,8.0,1
Atlanta,Point Gage,Summer,2025,498,2025-08-19 19:00:00+00:00,2025-08-19 23:00:00+00:00,5,4,0.6799999999999999,0.13599999999999998,0.47,19.0,1.0,1
Atlanta,Point Gage,Summer,2025,499,2025-08-21 00:00:00+00:00,2025-08-21 09:00:00+00:00,10,3,1.5999999999999999,0.15999999999999998,1.45,24.0,1.0,7
Atlanta,Point Gage,Summer,2025,500,2025-08-21 22:00:00+00:00,2025-08-22 00:00:00+00:00,3,3,3.1700000000000004,1.0566666666666669,1.7300000000000002,12.0,1.0,0
Atlanta,Point Gage,Fall,2025,501,2025-09-20 20:00:00+00:00,2025-09-20 21:00:00+00:00,2,2,0.25,0.125,0.24,63.0,0.0,0
Atlanta,Point Gage,Fall,2025,502,2025-09-25 04:00:00+00:00,2025-09-25 08:00:00+00:00,5,4,0.53,0.10600000000000001,0.47,102.0,1.0,1
Atlanta,Point Gage,Fall,2025,503,2025-09-25 20:00:00+00:00,2025-09-25 22:00:00+00:00,3,2,0.52,0.17333333333333334,0.51,11.0,0.0,1
Austin,Stage IV,Fall,2018,1,2017-10-03 16:00:00+00:00,2017-10-04 08:00:00+00:00,17,8,0.7181486921452119,0.04224404071442423,0.2385548078600811,,5.0,4
Austin,Stage IV,Fall,2018,2,2017-10-22 12:00:00+00:00,2017-10-22 14:00:00+00:00,3,3,0.7854007720310945,0.26180025734369816,0.7226741849591396,435.0,1.0,0
Austin,Stage IV,Fall,2018,3,2017-10-31 19:00:00+00:00,2017-11-01 07:00:00+00:00,13,9,0.49609445119683154,0.038161111630525504,0.1760723065400903,220.0,7.0,2
Austin,Stage IV,Fall,2018,4,2017-11-08 23:00:00+00:00,2017-11-09 05:00:00+00:00,7,5,0.10079787146192751,0.014399695923132502,0.0525554004902986,6.0,5.0,2
Austin,Stage IV,Winter,2018,5,2017-12-06 05:00:00+00:00,2017-12-08 02:00:00+00:00,46,40,1.2985822461415149,0.028230048829163367,0.1627307965228785,15.0,2.0,2
Austin,Stage IV,Winter,2018,6,2017-12-16 17:00:00+00:00,2017-12-17 02:00:00+00:00,10,8,1.3013673640695083,0.13013673640695084,0.3755050635399333,206.0,9.0,2
Austin,Stage IV,Winter,2018,7,2017-12-19 08:00:00+00:00,2017-12-19 19:00:00+00:00,12,8,1.1515520228232554,0.09596266856860462,0.6049866430445027,53.0,2.0,2
Austin,Stage IV,Winter,2018,8,2017-12-22 12:00:00+00:00,2017-12-22 20:00:00+00:00,9,9,0.22488983724806771,0.024987759694229745,0.0915056156346975,64.0,6.0,0
Austin,Stage IV,Winter,2018,9,2018-01-16 04:00:00+00:00,2018-01-16 20:00:00+00:00,17,14,0.4623465620787921,0.027196856592870123,0.0698113492757533,116.0,0.0,2
Austin,Stage IV,Winter,2018,10,2018-02-06 10:00:00+00:00,2018-02-07 03:00:00+00:00,18,11,0.22506663300575702,0.012503701833653168,0.0371025844961741,66.0,16.0,3
Austin,Stage IV,Winter,2018,11,2018-02-11 19:00:00+00:00,2018-02-11 20:00:00+00:00,2,2,0.1362739852629768,0.0681369926314884,0.0740565082880966,31.0,1.0,0
Austin,Stage IV,Winter,2018,12,2018-02-21 06:00:00+00:00,2018-02-22 00:00:00+00:00,19,10,0.12963298430468068,0.006822788647614772,0.0483194950258892,9.0,17.0,5
Austin,Stage IV,Winter,2018,13,2018-02-23 04:00:00+00:00,2018-02-23 14:00:00+00:00,11,8,0.43353293586095576,0.039412085078268703,0.1791068513644493,13.0,9.0,2
Austin,Stage IV,Spring,2018,14,2018-03-03 23:00:00+00:00,2018-03-04 06:00:00+00:00,8,5,0.15972859521862812,0.019966074402328515,0.0682860447729436,98.0,2.0,3
Austin,Stage IV,Spring,2018,15,2018-03-27 20:00:00+00:00,2018-03-28 00:00:00+00:00,5,3,0.1449364960902951,0.02898729921805902,0.0924455531125403,200.0,4.0,2
Austin,Stage IV,Spring,2018,16,2018-03-28 07:00:00+00:00,2018-03-28 18:00:00+00:00,12,11,3.5307553311256967,0.2942296109271414,1.0560196036003529,6.0,2.0,1
Austin,Stage IV,Spring,2018,17,2018-03-29 04:00:00+00:00,2018-03-29 06:00:00+00:00,3,3,0.1116566024818444,0.037218867493948135,0.0744252295354494,9.0,1.0,0
Austin,Stage IV,Spring,2018,18,2018-04-07 05:00:00+00:00,2018-04-07 06:00:00+00:00,2,2,0.1945596205081567,0.09727981025407835,0.1906565921786898,75.0,1.0,0
Austin,Stage IV,Spring,2018,19,2018-04-14 04:00:00+00:00,2018-04-14 04:00:00+00:00,1,1,0.1316447774365619,0.1316447774365619,0.1316447774365619,8.0,0.0,0
Austin,Stage IV,Spring,2018,20,2018-04-25 22:00:00+00:00,2018-04-26 00:00:00+00:00,3,3,0.1942999508901328,0.06476665029671093,0.0915808749242957,89.0,1.0,0
Austin,Stage IV,Spring,2018,21,2018-05-04 08:00:00+00:00,2018-05-05 10:00:00+00:00,27,18,2.300937317988343,0.08521990066623493,1.4778394629354794,80.0,8.0,5
Austin,Stage IV,Spring,2018,22,2018-05-16 02:00:00+00:00,2018-05-16 03:00:00+00:00,2,2,0.1117107684538093,0.05585538422690465,0.107705874719079,18.0,0.0,0
Austin,Stage IV,Spring,2018,23,2018-05-20 13:00:00+00:00,2018-05-20 20:00:00+00:00,8,5,0.541087210504235,0.06763590131302938,0.3752981640270348,105.0,6.0,2
Austin,Stage IV,Summer,2018,24,2018-06-04 06:00:00+00:00,2018-06-04 11:00:00+00:00,6,6,2.4282063518984516,0.40470105864974193,1.927726839847672,345.0,1.0,0
Austin,Stage IV,Summer,2018,25,2018-06-19 05:00:00+00:00,2018-06-19 22:00:00+00:00,18,14,0.4445085868212217,0.02469492149006787,0.144647389055978,7.0,6.0,2
Austin,Stage IV,Summer,2018,26,2018-07-04 19:00:00+00:00,2018-07-05 03:00:00+00:00,9,8,0.9937612492428288,0.11041791658253654,0.7977763441637625,214.0,2.0,1
Austin,Stage IV,Summer,2018,27,2018-07-07 16:00:00+00:00,2018-07-07 17:00:00+00:00,2,2,0.2224927573093707,0.11124637865468535,0.1682760323663626,9.0,0.0,0
Austin,Stage IV,Summer,2018,28,2018-07-08 19:00:00+00:00,2018-07-09 02:00:00+00:00,8,5,0.4420535204362088,0.0552566900545261,0.2890034933206443,25.0,6.0,3
Austin,Stage IV,Summer,2018,29,2018-07-09 13:00:00+00:00,2018-07-09 22:00:00+00:00,10,10,1.4189489811280336,0.14189489811280337,0.4427276691984802,10.0,0.0,0
Austin,Stage IV,Summer,2018,30,2018-08-11 22:00:00+00:00,2018-08-12 04:00:00+00:00,7,7,0.674845605729889,0.09640651510426987,0.441190562130714,12.0,1.0,0
Austin,Stage IV,Summer,2018,31,2018-08-12 11:00:00+00:00,2018-08-13 03:00:00+00:00,17,8,1.071904177684372,0.06305318692261012,0.626421913014106,6.0,9.0,5
Austin,Stage IV,Fall,2018,32,2018-09-03 20:00:00+00:00,2018-09-04 07:00:00+00:00,12,11,0.6434516429856634,0.05362097024880528,0.1584113949537289,20.0,2.0,1
Austin,Stage IV,Fall,2018,33,2018-09-09 09:00:00+00:00,2018-09-09 19:00:00+00:00,11,11,1.2837016912602939,0.1167001537509358,0.2954534498920793,25.0,8.0,0
Austin,Stage IV,Fall,2018,34,2018-09-10 20:00:00+00:00,2018-09-11 09:00:00+00:00,14,8,0.2424619399317569,0.017318709995125494,0.1271217385608692,9.0,12.0,5
Austin,Stage IV,Fall,2018,35,2018-09-11 17:00:00+00:00,2018-09-12 04:00:00+00:00,12,7,0.6130990728881189,0.05109158940734324,0.2499751692789232,7.0,2.0,5
Austin,Stage IV,Fall,2018,36,2018-09-12 11:00:00+00:00,2018-09-13 04:00:00+00:00,18,9,0.5435282225515125,0.030196012363972916,0.3103995998848393,6.0,10.0,4
Austin,Stage IV,Fall,2018,37,2018-09-14 18:00:00+00:00,2018-09-15 07:00:00+00:00,14,9,0.17943404050442133,0.012816717178887238,0.0607942740979244,37.0,5.0,4
Austin,Stage IV,Fall,2018,38,2018-09-15 17:00:00+00:00,2018-09-15 22:00:00+00:00,6,4,0.3380155745195981,0.056335929086599686,0.1678170039872421,9.0,4.0,2
Austin,Stage IV,Fall,2018,39,2018-09-20 18:00:00+00:00,2018-09-21 06:00:00+00:00,13,10,0.44778778905137445,0.03444521454241342,0.1824013614762712,92.0,0.0,2
Austin,Stage IV,Fall,2018,40,2018-09-21 18:00:00+00:00,2018-09-21 19:00:00+00:00,2,2,0.34040511606869966,0.17020255803434983,0.3388776267222779,11.0,1.0,0
Austin,Stage IV,Fall,2018,41,2018-09-22 03:00:00+00:00,2018-09-22 13:00:00+00:00,11,7,1.3833677456208802,0.12576070414735274,0.5402735398218093,7.0,9.0,4
Austin,Stage IV,Fall,2018,42,2018-09-26 17:00:00+00:00,2018-09-26 20:00:00+00:00,4,3,0.28330298121841957,0.07082574530460489,0.2754969245594859,99.0,0.0,1
Austin,Stage IV,Fall,2018,43,2018-09-29 16:00:00+00:00,2018-09-29 21:00:00+00:00,6,4,0.1112923887170602,0.018548731452843366,0.0897960246224217,13.0,1.0,2
Austin,Stage IV,Fall,2019,44,2018-10-08 18:00:00+00:00,2018-10-09 05:00:00+00:00,12,11,0.9182082020174864,0.07651735016812387,0.225386631787804,21.0,6.0,1
Austin,Stage IV,Fall,2019,45,2018-10-09 18:00:00+00:00,2018-10-09 20:00:00+00:00,3,3,0.4723625759450674,0.15745419198168914,0.3309335863329349,12.0,1.0,0
Austin,Stage IV,Fall,2019,46,2018-10-14 03:00:00+00:00,2018-10-14 08:00:00+00:00,6,6,1.9611853183879344,0.3268642197313224,0.6210555258820936,10.0,2.0,0
Austin,Stage IV,Fall,2019,47,2018-10-15 06:00:00+00:00,2018-10-16 19:00:00+00:00,38,34,2.8009434441725074,0.07370903800453966,0.2818307133563015,21.0,12.0,2
Austin,Stage IV,Fall,2019,48,2018-10-18 20:00:00+00:00,2018-10-20 05:00:00+00:00,34,21,1.1420401670830747,0.033589416678913964,0.280156864881582,19.0,18.0,5
Austin,Stage IV,Fall,2019,49,2018-10-23 00:00:00+00:00,2018-10-23 15:00:00+00:00,16,15,0.15342962730536408,0.009589351706585255,0.0258399489435965,66.0,11.0,1
Austin,Stage IV,Fall,2019,50,2018-10-24 05:00:00+00:00,2018-10-25 04:00:00+00:00,24,20,0.611734900355638,0.02548895418148492,0.1251839427100815,13.0,18.0,2
Austin,Stage IV,Fall,2019,51,2018-10-31 22:00:00+00:00,2018-11-01 01:00:00+00:00,4,4,0.2799679204957711,0.06999198012394278,0.1679839725746634,8.0,2.0,0
Austin,Stage IV,Fall,2019,52,2018-11-04 08:00:00+00:00,2018-11-04 10:00:00+00:00,3,3,0.7410830634549175,0.24702768781830584,0.3809759123383499,78.0,0.0,0
Austin,Stage IV,Fall,2019,53,2018-11-09 03:00:00+00:00,2018-11-09 12:00:00+00:00,10,10,0.6899445792242577,0.06899445792242577,0.2028980921970776,112.0,2.0,0
Austin,Stage IV,Fall,2019,54,2018-11-11 19:00:00+00:00,2018-11-12 17:00:00+00:00,23,20,0.32981355841071497,0.01433971993090065,0.0829260109511944,54.0,11.0,3
Austin,Stage IV,Winter,2019,55,2018-12-06 17:00:00+00:00,2018-12-08 08:00:00+00:00,40,37,2.8033906414590986,0.07008476603647747,0.3768351608585253,128.0,31.0,2
Austin,Stage IV,Winter,2019,56,2018-12-26 14:00:00+00:00,2018-12-27 08:00:00+00:00,19,16,2.910935103499047,0.15320711071047616,1.7710847839675887,153.0,16.0,2
Austin,Stage IV,Winter,2019,57,2018-12-30 12:00:00+00:00,2018-12-30 17:00:00+00:00,6,6,0.1190228347082674,0.019837139118044567,0.0644857645263468,75.0,4.0,0
Austin,Stage IV,Winter,2019,58,2018-12-31 00:00:00+00:00,2018-12-31 09:00:00+00:00,10,10,0.24288895510589453,0.024288895510589454,0.0394822311584384,6.0,5.0,0
Austin,Stage IV,Winter,2019,59,2019-01-02 09:00:00+00:00,2019-01-03 02:00:00+00:00,18,18,2.782994434016901,0.15461080188982784,0.3741933221360311,47.0,13.0,0
Austin,Stage IV,Winter,2019,60,2019-01-03 09:00:00+00:00,2019-01-03 18:00:00+00:00,10,7,0.17997920711558746,0.017997920711558747,0.0682380919930617,6.0,1.0,3
Austin,Stage IV,Winter,2019,61,2019-01-12 01:00:00+00:00,2019-01-12 04:00:00+00:00,4,4,0.28227887106069527,0.07056971776517382,0.198007324003662,198.0,2.0,0
Austin,Stage IV,Winter,2019,62,2019-01-23 03:00:00+00:00,2019-01-23 06:00:00+00:00,4,3,0.1681868394083802,0.04204670985209505,0.1153367003848856,143.0,3.0,1
Austin,Stage IV,Winter,2019,63,2019-01-27 02:00:00+00:00,2019-01-27 07:00:00+00:00,6,5,0.2371714144518487,0.03952856907530811,0.1167272997022325,91.0,0.0,1
Austin,Stage IV,Winter,2019,64,2019-02-19 16:00:00+00:00,2019-02-19 23:00:00+00:00,8,4,0.11622289315081649,0.014527861643852061,0.0394822311584384,181.0,0.0,2
Austin,Stage IV,Winter,2019,65,2019-02-28 16:00:00+00:00,2019-02-28 20:00:00+00:00,5,4,0.1059976242586545,0.0211995248517309,0.0469593366686447,25.0,4.0,1
Austin,Stage IV,Spring,2019,66,2019-03-13 13:00:00+00:00,2019-03-13 15:00:00+00:00,3,3,0.41326643931038476,0.13775547977012825,0.173659019112974,18.0,0.0,0
Austin,Stage IV,Spring,2019,67,2019-04-06 11:00:00+00:00,2019-04-07 04:00:00+00:00,18,10,3.0988830874336695,0.17216017152409274,1.1816184797856175,554.0,7.0,5
Austin,Stage IV,Spring,2019,68,2019-04-07 13:00:00+00:00,2019-04-07 17:00:00+00:00,5,5,2.2453469299569293,0.44906938599138585,1.180248902132325,8.0,1.0,0
Austin,Stage IV,Spring,2019,69,2019-04-13 10:00:00+00:00,2019-04-13 18:00:00+00:00,9,8,0.4104418640791994,0.04560465156435549,0.1831535024035228,7.0,7.0,1
Austin,Stage IV,Spring,2019,70,2019-04-18 04:00:00+00:00,2019-04-18 13:00:00+00:00,10,10,0.5171494816062365,0.05171494816062365,0.1740590702972516,105.0,4.0,0
Austin,Stage IV,Spring,2019,71,2019-04-24 12:00:00+00:00,2019-04-25 00:00:00+00:00,13,13,1.660214027154257,0.1277087713195582,0.6556504229039515,142.0,9.0,0
Austin,Stage IV,Spring,2019,72,2019-05-02 04:00:00+00:00,2019-05-02 14:00:00+00:00,11,5,0.19451101359408918,0.01768281941764447,0.1425484244238185,171.0,7.0,5
Austin,Stage IV,Spring,2019,73,2019-05-02 23:00:00+00:00,2019-05-04 09:00:00+00:00,35,27,4.071745894140662,0.11633559697544749,0.7750527513059032,8.0,26.0,2
Austin,Stage IV,Spring,2019,74,2019-05-07 22:00:00+00:00,2019-05-08 20:00:00+00:00,23,14,1.9884988109816883,0.0864564700426821,1.093332715760846,84.0,20.0,4
Austin,Stage IV,Spring,2019,75,2019-05-11 05:00:00+00:00,2019-05-11 19:00:00+00:00,15,7,0.2092269219362952,0.01394846146241968,0.1154333992521326,28.0,13.0,4
Austin,Stage IV,Spring,2019,76,2019-05-21 14:00:00+00:00,2019-05-21 17:00:00+00:00,4,4,0.1208631358252686,0.03021578395631715,0.0838205428945234,65.0,1.0,0
Austin,Stage IV,Spring,2019,77,2019-05-30 06:00:00+00:00,2019-05-30 10:00:00+00:00,5,5,0.2385483966364028,0.047709679327280555,0.0756029748093614,204.0,1.0,0
Austin,Stage IV,Summer,2019,78,2019-06-04 22:00:00+00:00,2019-06-05 01:00:00+00:00,4,4,0.2968523409458552,0.0742130852364638,0.1787100436857304,131.0,2.0,0
Austin,Stage IV,Summer,2019,79,2019-06-05 08:00:00+00:00,2019-06-05 19:00:00+00:00,12,9,0.3921316944910434,0.03267764120758695,0.1251796096370488,6.0,7.0,3
Austin,Stage IV,Summer,2019,80,2019-06-06 08:00:00+00:00,2019-06-06 11:00:00+00:00,4,4,0.2063128704792696,0.0515782176198174,0.0894351695207343,12.0,0.0,0
Austin,Stage IV,Summer,2019,81,2019-06-06 20:00:00+00:00,2019-06-06 21:00:00+00:00,2,2,0.5584600491119142,0.2792300245559571,0.5532612053707601,8.0,1.0,0
Austin,Stage IV,Summer,2019,82,2019-06-10 01:00:00+00:00,2019-06-10 03:00:00+00:00,3,3,0.1529648814037004,0.050988293801233465,0.148474764198012,75.0,0.0,0
Austin,Stage IV,Summer,2019,83,2019-06-17 03:00:00+00:00,2019-06-17 07:00:00+00:00,5,5,1.0604517892810126,0.2120903578562025,0.8203020459777945,122.0,3.0,0
Austin,Stage IV,Summer,2019,84,2019-06-24 11:00:00+00:00,2019-06-24 19:00:00+00:00,9,4,0.2560338774263874,0.028448208602931933,0.1776369959051121,20.0,7.0,4
Austin,Stage IV,Summer,2019,85,2019-06-30 05:00:00+00:00,2019-06-30 20:00:00+00:00,16,13,0.6175893932435147,0.03859933707771967,0.2699761099880549,52.0,1.0,2
Austin,Stage IV,Summer,2019,86,2019-07-03 21:00:00+00:00,2019-07-04 00:00:00+00:00,4,3,0.5400589489664822,0.13501473724162055,0.5349006304424411,20.0,1.0,1
Austin,Stage IV,Summer,2019,87,2019-07-08 23:00:00+00:00,2019-07-09 00:00:00+00:00,2,2,0.7096313233195987,0.35481566165979933,0.6570052586207396,118.0,1.0,0
Austin,Stage IV,Summer,2019,88,2019-08-15 02:00:00+00:00,2019-08-15 02:00:00+00:00,1,1,0.1885711791281092,0.1885711791281092,0.1885711791281092,251.0,0.0,0
Austin,Stage IV,Summer,2019,89,2019-08-24 23:00:00+00:00,2019-08-25 07:00:00+00:00,9,6,0.16576877028595968,0.01841875225399552,0.0744542122271061,45.0,2.0,3
Austin,Stage IV,Fall,2019,90,2019-09-10 22:00:00+00:00,2019-09-10 23:00:00+00:00,2,2,0.2808659770471616,0.1404329885235808,0.2156571763325251,29.0,0.0,0
Austin,Stage IV,Fall,2019,91,2019-09-11 17:00:00+00:00,2019-09-11 23:00:00+00:00,7,5,1.0752352004128753,0.15360502863041076,0.4565444148863806,17.0,5.0,2
Austin,Stage IV,Fall,2020,92,2019-10-11 09:00:00+00:00,2019-10-11 18:00:00+00:00,10,6,0.26779777267841365,0.026779777267841365,0.1538378334149797,173.0,0.0,4
Austin,Stage IV,Fall,2020,93,2019-10-16 00:00:00+00:00,2019-10-16 12:00:00+00:00,13,9,0.8762433995390221,0.06740333842607862,0.6989069831149087,58.0,0.0,2
Austin,Stage IV,Fall,2020,94,2019-10-21 09:00:00+00:00,2019-10-21 10:00:00+00:00,2,2,0.3612827973736821,0.18064139868684104,0.3599070256228041,6.0,0.0,0
Austin,Stage IV,Fall,2020,95,2019-10-25 00:00:00+00:00,2019-10-25 09:00:00+00:00,10,10,3.127678771713401,0.31276787717134014,1.4218838526742097,85.0,1.0,0
Austin,Stage IV,Fall,2020,96,2019-11-07 15:00:00+00:00,2019-11-07 23:00:00+00:00,9,5,0.1382660185424578,0.015362890949161977,0.0479828507630789,204.0,0.0,4
Austin,Stage IV,Fall,2020,97,2019-11-08 11:00:00+00:00,2019-11-08 19:00:00+00:00,9,7,0.1372257981404578,0.01524731090449531,0.0414846780258035,11.0,3.0,1
Austin,Stage IV,Fall,2020,98,2019-11-11 23:00:00+00:00,2019-11-12 05:00:00+00:00,7,7,0.11307876618505211,0.016154109455007445,0.0340651587648628,75.0,5.0,0
Austin,Stage IV,Fall,2020,99,2019-11-14 12:00:00+00:00,2019-11-14 22:00:00+00:00,11,10,0.2069658507270193,0.018815077338819937,0.0393700787401574,13.0,8.0,1
Austin,Stage IV,Winter,2020,100,2019-12-10 11:00:00+00:00,2019-12-10 18:00:00+00:00,8,8,0.4967037324069839,0.06208796655087299,0.106937895201231,249.0,3.0,0
Austin,Stage IV,Winter,2020,101,2019-12-20 19:00:00+00:00,2019-12-21 04:00:00+00:00,10,9,0.381623350851045,0.0381623350851045,0.0836667024632724,240.0,8.0,1
Austin,Stage IV,Winter,2020,102,2020-01-11 03:00:00+00:00,2020-01-11 08:00:00+00:00,6,6,0.4739488192578739,0.07899146987631232,0.4105687917017186,204.0,0.0,0
Austin,Stage IV,Winter,2020,103,2020-01-17 00:00:00+00:00,2020-01-17 16:00:00+00:00,17,9,0.4951657178584489,0.02912739516814405,0.2324226382585632,9.0,2.0,5
Austin,Stage IV,Winter,2020,104,2020-01-22 07:00:00+00:00,2020-01-23 05:00:00+00:00,23,23,0.9602589756019275,0.041750390243562065,0.1458269894489277,101.0,11.0,0
Austin,Stage IV,Winter,2020,105,2020-01-28 08:00:00+00:00,2020-01-28 12:00:00+00:00,5,4,0.29225616069500926,0.05845123213900185,0.1662237909859112,48.0,4.0,1
Austin,Stage IV,Winter,2020,106,2020-02-10 14:00:00+00:00,2020-02-10 19:00:00+00:00,6,6,0.2922663107000842,0.048711051783347364,0.1603712994769883,8.0,4.0,0
Austin,Stage IV,Winter,2020,107,2020-02-11 09:00:00+00:00,2020-02-12 17:00:00+00:00,33,24,1.5016439681448175,0.04550436267105507,0.4997657223238059,13.0,23.0,4
Austin,Stage IV,Winter,2020,108,2020-02-18 17:00:00+00:00,2020-02-20 00:00:00+00:00,32,18,0.3054517143400293,0.009545366073125916,0.0721205102728535,143.0,12.0,5
Austin,Stage IV,Winter,2020,109,2020-02-20 07:00:00+00:00,2020-02-20 18:00:00+00:00,12,12,0.42414749888477243,0.03534562490706437,0.0889695966501526,6.0,6.0,0
Austin,Stage IV,Spring,2020,110,2020-03-04 12:00:00+00:00,2020-03-04 14:00:00+00:00,3,3,0.9200264312730582,0.3066754770910194,0.7051684775842388,216.0,2.0,0
Austin,Stage IV,Spring,2020,111,2020-03-04 22:00:00+00:00,2020-03-05 02:00:00+00:00,5,5,0.2826380442717778,0.05652760885435556,0.1011102477992183,7.0,2.0,0
Austin,Stage IV,Spring,2020,112,2020-03-09 13:00:00+00:00,2020-03-09 23:00:00+00:00,11,10,0.1939518579995507,0.017631987090868245,0.0381375434782205,42.0,5.0,1
Austin,Stage IV,Spring,2020,113,2020-03-20 05:00:00+00:00,2020-03-20 21:00:00+00:00,17,17,0.8089875428795974,0.04758750252232926,0.2811803327161505,15.0,14.0,0
Austin,Stage IV,Spring,2020,114,2020-03-21 20:00:00+00:00,2020-03-22 14:00:00+00:00,19,15,0.9768590110673001,0.05141363216143685,0.3615980061927039,22.0,4.0,3
Austin,Stage IV,Spring,2020,115,2020-03-28 11:00:00+00:00,2020-03-28 16:00:00+00:00,6,6,0.10585666336140219,0.017642777226900365,0.0527670972496903,140.0,4.0,0
Austin,Stage IV,Spring,2020,116,2020-03-30 17:00:00+00:00,2020-03-31 00:00:00+00:00,8,8,0.42140254022882884,0.052675317528603605,0.078692204700433,48.0,3.0,0
Austin,Stage IV,Spring,2020,117,2020-04-02 21:00:00+00:00,2020-04-02 23:00:00+00:00,3,3,0.2226241024537833,0.0742080341512611,0.117503365838297,68.0,2.0,0
Austin,Stage IV,Spring,2020,118,2020-04-03 17:00:00+00:00,2020-04-04 23:00:00+00:00,31,20,1.4079230622292467,0.04541687297513699,0.495117864094365,17.0,5.0,5
Austin,Stage IV,Spring,2020,119,2020-04-09 21:00:00+00:00,2020-04-10 07:00:00+00:00,11,8,0.3996227159530898,0.036329337813917256,0.2293697444092816,117.0,0.0,2
Austin,Stage IV,Spring,2020,120,2020-04-11 21:00:00+00:00,2020-04-11 23:00:00+00:00,3,3,0.1119102543803239,0.03730341812677463,0.070074259249728,37.0,1.0,0
Austin,Stage IV,Spring,2020,121,2020-04-22 16:00:00+00:00,2020-04-22 18:00:00+00:00,3,2,0.11137742281469551,0.0371258076048985,0.062383756585579,73.0,2.0,1
Austin,Stage IV,Spring,2020,122,2020-04-29 10:00:00+00:00,2020-04-29 13:00:00+00:00,4,4,0.7437826463007715,0.18594566157519288,0.6480027157336412,159.0,1.0,0
Austin,Stage IV,Spring,2020,123,2020-05-12 09:00:00+00:00,2020-05-13 01:00:00+00:00,17,13,1.6143154504648112,0.094959732380283,0.3543152131812286,307.0,7.0,4
Austin,Stage IV,Spring,2020,124,2020-05-16 02:00:00+00:00,2020-05-16 10:00:00+00:00,9,9,2.0586524934994745,0.22873916594438606,1.2240216214596298,54.0,4.0,0
Austin,Stage IV,Spring,2020,125,2020-05-25 00:00:00+00:00,2020-05-25 09:00:00+00:00,10,10,1.7402485705179855,0.17402485705179854,0.4253470803900755,17.0,1.0,0
Austin,Stage IV,Spring,2020,126,2020-05-26 05:00:00+00:00,2020-05-26 15:00:00+00:00,11,5,0.1072238418008971,0.009747621981899737,0.0468695628048601,6.0,10.0,3
Austin,Stage IV,Spring,2020,127,2020-05-28 01:00:00+00:00,2020-05-28 03:00:00+00:00,3,3,0.46713982687699995,0.15571327562566664,0.4267600903485491,33.0,0.0,0
Austin,Stage IV,Summer,2020,128,2020-06-20 11:00:00+00:00,2020-06-20 15:00:00+00:00,5,5,0.31058082694395645,0.06211616538879129,0.2370738374345564,105.0,1.0,0
Austin,Stage IV,Summer,2020,129,2020-06-23 12:00:00+00:00,2020-06-23 16:00:00+00:00,5,5,2.0628882217984414,0.4125776443596883,1.744406174565292,68.0,1.0,0
Austin,Stage IV,Summer,2020,130,2020-06-26 15:00:00+00:00,2020-06-26 18:00:00+00:00,4,4,0.45941715864558696,0.11485428966139674,0.2309273367235108,42.0,2.0,0
Austin,Stage IV,Summer,2020,131,2020-07-20 00:00:00+00:00,2020-07-20 02:00:00+00:00,3,3,0.16265861971513648,0.054219539905045494,0.1464096548977408,289.0,1.0,0
Austin,Stage IV,Summer,2020,132,2020-07-25 18:00:00+00:00,2020-07-26 00:00:00+00:00,7,3,0.12824672750919042,0.018320961072741487,0.0701625080143248,135.0,5.0,4
Austin,Stage IV,Summer,2020,133,2020-07-31 20:00:00+00:00,2020-08-01 03:00:00+00:00,8,6,1.708171282235247,0.21352141027940588,0.8356243351350022,66.0,1.0,2
Austin,Stage IV,Summer,2020,134,2020-08-22 12:00:00+00:00,2020-08-22 15:00:00+00:00,4,4,0.6999921905472761,0.17499804763681903,0.4511460154352124,123.0,0.0,0
Austin,Stage IV,Fall,2020,135,2020-09-02 15:00:00+00:00,2020-09-02 21:00:00+00:00,7,5,0.17332672298225887,0.024760960426036982,0.0807091225396006,21.0,6.0,2
Austin,Stage IV,Fall,2020,136,2020-09-03 19:00:00+00:00,2020-09-03 23:00:00+00:00,5,5,1.130275574980307,0.2260551149960614,0.9775014385538688,21.0,1.0,0
Austin,Stage IV,Fall,2020,137,2020-09-04 06:00:00+00:00,2020-09-05 00:00:00+00:00,19,13,1.6170638326460887,0.08510862277084677,0.5191178407597077,6.0,7.0,3
Austin,Stage IV,Fall,2020,138,2020-09-09 12:00:00+00:00,2020-09-10 14:00:00+00:00,27,17,1.360220448811011,0.05037853514114855,0.4969975836365869,107.0,9.0,5
Austin,Stage IV,Fall,2020,139,2020-09-17 17:00:00+00:00,2020-09-17 19:00:00+00:00,3,3,0.12703054087747512,0.04234351362582504,0.0810336354971327,43.0,0.0,0
Austin,Stage IV,Fall,2020,140,2020-09-21 01:00:00+00:00,2020-09-21 03:00:00+00:00,3,3,0.21927659585877007,0.07309219861959003,0.0991486667003175,77.0,1.0,0
Austin,Stage IV,Fall,2020,141,2020-09-21 12:00:00+00:00,2020-09-21 21:00:00+00:00,10,8,0.2338135790130883,0.02338135790130883,0.0841030883113866,8.0,7.0,1
Austin,Stage IV,Fall,2020,142,2020-09-22 05:00:00+00:00,2020-09-22 13:00:00+00:00,9,8,0.1316821967466098,0.014631355194067755,0.0492695128237327,7.0,3.0,1
Austin,Stage IV,Fall,2021,143,2020-10-26 09:00:00+00:00,2020-10-26 19:00:00+00:00,11,8,0.20559037100384667,0.018690033727622426,0.1358813720745443,61.0,7.0,2
Austin,Stage IV,Fall,2021,144,2020-10-28 04:00:00+00:00,2020-10-28 14:00:00+00:00,11,10,0.1741590388511725,0.015832639895561138,0.0630656639147217,15.0,4.0,1
Austin,Stage IV,Fall,2021,145,2020-11-28 16:00:00+00:00,2020-11-29 03:00:00+00:00,12,12,0.6275352940826071,0.05229460784021726,0.1204119696548037,20.0,6.0,0
Austin,Stage IV,Winter,2021,146,2020-12-19 11:00:00+00:00,2020-12-19 18:00:00+00:00,8,8,1.1490010124926318,0.14362512656157897,0.45067925831207,9.0,3.0,0
Austin,Stage IV,Winter,2021,147,2020-12-30 17:00:00+00:00,2021-01-01 00:00:00+00:00,32,26,2.5370710323150423,0.07928346975984507,0.3156488684543554,262.0,21.0,3
Austin,Stage IV,Winter,2021,148,2021-01-06 15:00:00+00:00,2021-01-06 19:00:00+00:00,5,4,0.3637609102269116,0.07275218204538232,0.2830727005914683,134.0,1.0,1
Austin,Stage IV,Winter,2021,149,2021-01-10 09:00:00+00:00,2021-01-11 06:00:00+00:00,22,17,0.7624899284890577,0.034658633113138985,0.1405832691105321,85.0,7.0,3
Austin,Stage IV,Winter,2021,150,2021-01-19 18:00:00+00:00,2021-01-20 02:00:00+00:00,9,5,0.13360278087619332,0.014844753430688147,0.0644602315411393,6.0,1.0,4
Austin,Stage IV,Winter,2021,151,2021-01-25 11:00:00+00:00,2021-01-25 14:00:00+00:00,4,3,0.1431851823209374,0.03579629558023435,0.0701686891197776,14.0,0.0,1
Austin,Stage IV,Winter,2021,152,2021-02-11 16:00:00+00:00,2021-02-12 06:00:00+00:00,15,13,0.4388945846047719,0.02925963897365146,0.1568909544297291,19.0,1.0,1
Austin,Stage IV,Winter,2021,153,2021-02-15 03:00:00+00:00,2021-02-15 10:00:00+00:00,8,6,0.3242545100603257,0.04053181375754071,0.0876573125294436,56.0,4.0,2
Austin,Stage IV,Winter,2021,154,2021-02-17 06:00:00+00:00,2021-02-17 14:00:00+00:00,9,9,0.3598400445853762,0.039982227176152914,0.0587719560592063,32.0,6.0,0
Austin,Stage IV,Winter,2021,155,2021-02-18 17:00:00+00:00,2021-02-19 00:00:00+00:00,8,8,0.1991638471212934,0.024895480890161675,0.0518774521198284,26.0,4.0,0
Austin,Stage IV,Spring,2021,156,2021-03-13 13:00:00+00:00,2021-03-13 18:00:00+00:00,6,6,0.1534494517247256,0.0255749086207876,0.0535334987155682,207.0,4.0,0
Austin,Stage IV,Spring,2021,157,2021-03-17 11:00:00+00:00,2021-03-17 11:00:00+00:00,1,1,0.1039585239280808,0.1039585239280808,0.1039585239280808,70.0,0.0,0
Austin,Stage IV,Spring,2021,158,2021-03-23 05:00:00+00:00,2021-03-23 07:00:00+00:00,3,3,0.3267861673300913,0.10892872244336377,0.2933439926365632,137.0,0.0,0
Austin,Stage IV,Spring,2021,159,2021-03-25 08:00:00+00:00,2021-03-25 12:00:00+00:00,5,5,0.2909061592326069,0.058181231846521374,0.1769011981946935,48.0,2.0,0
Austin,Stage IV,Spring,2021,160,2021-04-03 14:00:00+00:00,2021-04-03 17:00:00+00:00,4,4,0.3377538770462297,0.08443846926155743,0.1411642659561487,72.0,2.0,0
Austin,Stage IV,Spring,2021,161,2021-04-23 15:00:00+00:00,2021-04-23 22:00:00+00:00,8,8,0.4588811546374273,0.05736014432967841,0.1529427610186245,181.0,4.0,0
Austin,Stage IV,Spring,2021,162,2021-04-29 04:00:00+00:00,2021-04-30 08:00:00+00:00,29,23,0.6743531127671062,0.023253555612658836,0.1513134221134039,125.0,27.0,2
Austin,Stage IV,Spring,2021,163,2021-04-30 18:00:00+00:00,2021-05-01 06:00:00+00:00,13,9,1.5841198447174019,0.12185537267056937,0.3396870300797355,9.0,2.0,4
Austin,Stage IV,Spring,2021,164,2021-05-01 19:00:00+00:00,2021-05-02 06:00:00+00:00,12,8,1.6543479802251704,0.13786233168543086,1.0595906405236666,12.0,2.0,4
Austin,Stage IV,Spring,2021,165,2021-05-11 22:00:00+00:00,2021-05-12 04:00:00+00:00,7,5,0.18633268174901793,0.02661895453557399,0.0928868500851573,55.0,5.0,2
Austin,Stage IV,Spring,2021,166,2021-05-16 09:00:00+00:00,2021-05-16 19:00:00+00:00,11,9,0.5517467817789021,0.05015879834353656,0.1190325029217632,11.0,8.0,1
Austin,Stage IV,Spring,2021,167,2021-05-17 13:00:00+00:00,2021-05-17 21:00:00+00:00,9,7,0.33533720999143946,0.03725968999904883,0.1682990457636961,17.0,7.0,2
Austin,Stage IV,Spring,2021,168,2021-05-18 22:00:00+00:00,2021-05-19 00:00:00+00:00,3,3,0.36794793987948154,0.12264931329316052,0.1949056929252874,10.0,0.0,0
Austin,Stage IV,Spring,2021,169,2021-05-22 11:00:00+00:00,2021-05-22 20:00:00+00:00,10,10,0.3913745485416043,0.03913745485416043,0.1266550731700562,67.0,5.0,0
Austin,Stage IV,Spring,2021,170,2021-05-23 09:00:00+00:00,2021-05-24 01:00:00+00:00,17,11,0.2418558025223887,0.014226811913081687,0.0502876063445905,12.0,14.0,4
Austin,Stage IV,Spring,2021,171,2021-05-24 11:00:00+00:00,2021-05-25 01:00:00+00:00,15,8,0.9388167120264658,0.06258778080176439,0.5159818598610086,9.0,3.0,5
Austin,Stage IV,Spring,2021,172,2021-05-26 10:00:00+00:00,2021-05-26 10:00:00+00:00,1,1,0.118664513072414,0.118664513072414,0.118664513072414,17.0,0.0,0
Austin,Stage IV,Spring,2021,173,2021-05-29 00:00:00+00:00,2021-05-29 04:00:00+00:00,5,5,1.5108249778534337,0.30216499557068677,1.077451281835877,61.0,1.0,0
Austin,Stage IV,Spring,2021,174,2021-05-30 23:00:00+00:00,2021-05-31 01:00:00+00:00,3,3,0.739100020140561,0.246366673380187,0.4717372265182195,42.0,1.0,0
Austin,Stage IV,Spring,2021,175,2021-05-31 15:00:00+00:00,2021-05-31 16:00:00+00:00,2,2,0.3404511397137587,0.17022556985687934,0.3301800125309511,13.0,0.0,0
Austin,Stage IV,Summer,2021,176,2021-06-01 03:00:00+00:00,2021-06-01 11:00:00+00:00,9,8,1.130713547640238,0.1256348386266931,0.2990981859664158,10.0,1.0,1
Austin,Stage IV,Summer,2021,177,2021-06-03 02:00:00+00:00,2021-06-04 01:00:00+00:00,24,18,1.6329767761340563,0.06804069900558568,0.6341304548605029,38.0,2.0,4
Austin,Stage IV,Summer,2021,178,2021-06-29 08:00:00+00:00,2021-06-29 11:00:00+00:00,4,4,0.2240982395097495,0.056024559877437374,0.0937536221720866,6.0,1.0,0
Austin,Stage IV,Summer,2021,179,2021-06-29 18:00:00+00:00,2021-06-30 00:00:00+00:00,7,7,0.2621094273145559,0.03744420390207941,0.1072644532385258,6.0,4.0,0
Austin,Stage IV,Summer,2021,180,2021-07-04 15:00:00+00:00,2021-07-05 01:00:00+00:00,11,7,0.3632646156874255,0.033024055971584136,0.2507168010473768,39.0,2.0,3
Austin,Stage IV,Summer,2021,181,2021-07-05 17:00:00+00:00,2021-07-06 01:00:00+00:00,9,7,0.6132145462726271,0.06813494958584745,0.289417071381764,15.0,2.0,2
Austin,Stage IV,Summer,2021,182,2021-07-06 12:00:00+00:00,2021-07-06 15:00:00+00:00,4,3,0.1352708525763711,0.03381771314409277,0.1258992410992268,10.0,3.0,1
Austin,Stage IV,Summer,2021,183,2021-07-06 23:00:00+00:00,2021-07-07 01:00:00+00:00,3,3,0.1493163984770967,0.0497721328256989,0.1073391260120826,7.0,1.0,0
Austin,Stage IV,Summer,2021,184,2021-07-09 01:00:00+00:00,2021-07-09 05:00:00+00:00,5,5,0.5272680835159312,0.10545361670318625,0.3299886541675553,7.0,2.0,0
Austin,Stage IV,Summer,2021,185,2021-07-09 14:00:00+00:00,2021-07-09 23:00:00+00:00,10,7,0.2934500458391957,0.02934500458391957,0.0926580704432084,8.0,5.0,3
Austin,Stage IV,Summer,2021,186,2021-07-10 11:00:00+00:00,2021-07-10 14:00:00+00:00,4,4,0.2260691115581776,0.0565172778895444,0.117239047300626,11.0,2.0,0
Austin,Stage IV,Summer,2021,187,2021-07-13 21:00:00+00:00,2021-07-13 22:00:00+00:00,2,2,0.1244467477548698,0.0622233738774349,0.0989583368807432,78.0,0.0,0
Austin,Stage IV,Summer,2021,188,2021-07-19 21:00:00+00:00,2021-07-20 01:00:00+00:00,5,4,0.37677511702929056,0.07535502340585812,0.2217479602834289,117.0,1.0,1
Austin,Stage IV,Summer,2021,189,2021-07-31 21:00:00+00:00,2021-07-31 22:00:00+00:00,2,2,0.19215737954325662,0.09607868977162831,0.1277163532282553,46.0,0.0,0
Austin,Stage IV,Summer,2021,190,2021-08-02 05:00:00+00:00,2021-08-03 05:00:00+00:00,25,17,2.026262277894918,0.08105049111579672,1.1467369660850184,30.0,18.0,3
Austin,Stage IV,Summer,2021,191,2021-08-06 18:00:00+00:00,2021-08-06 22:00:00+00:00,5,4,0.6696721286352767,0.13393442572705533,0.3904261105673859,22.0,3.0,1
Austin,Stage IV,Summer,2021,192,2021-08-15 19:00:00+00:00,2021-08-16 03:00:00+00:00,9,6,0.2384361477613806,0.026492905306820067,0.0651717624087158,212.0,1.0,3
Austin,Stage IV,Fall,2021,193,2021-09-29 02:00:00+00:00,2021-09-29 12:00:00+00:00,11,10,2.1587048613406195,0.19624589648551086,1.0793620677322149,345.0,1.0,1
Austin,Stage IV,Fall,2022,194,2021-10-01 08:00:00+00:00,2021-10-01 15:00:00+00:00,8,8,0.5442467927926873,0.06803084909908591,0.3149350688848572,43.0,2.0,0
Austin,Stage IV,Winter,2022,195,2022-01-08 06:00:00+00:00,2022-01-08 12:00:00+00:00,7,6,0.14693929837122371,0.020991328338746246,0.0393700787401574,2353.0,1.0,1
Austin,Stage IV,Winter,2022,196,2022-01-24 12:00:00+00:00,2022-01-24 21:00:00+00:00,10,8,0.1407128164193999,0.014071281641939989,0.0422178828215398,297.0,7.0,2
Austin,Stage IV,Winter,2022,197,2022-01-31 11:00:00+00:00,2022-02-01 04:00:00+00:00,18,16,2.4862613956897524,0.13812563309387513,0.4955084195061782,157.0,13.0,2
Austin,Stage IV,Winter,2022,198,2022-02-02 20:00:00+00:00,2022-02-03 20:00:00+00:00,25,23,2.7965053008117047,0.11186021203246818,0.7142999117759401,39.0,11.0,1
Austin,Stage IV,Spring,2022,199,2022-03-07 07:00:00+00:00,2022-03-07 10:00:00+00:00,4,4,0.17968833787566482,0.044922084468916205,0.1097146217864447,202.0,2.0,0
Austin,Stage IV,Spring,2022,200,2022-03-21 11:00:00+00:00,2022-03-22 11:00:00+00:00,25,19,1.0112597748227998,0.04045039099291199,0.3749959773601933,229.0,13.0,3
Austin,Stage IV,Spring,2022,201,2022-03-30 11:00:00+00:00,2022-03-30 14:00:00+00:00,4,4,0.33392334855616235,0.08348083713904059,0.2389471740995713,191.0,0.0,0
Austin,Stage IV,Spring,2022,202,2022-04-25 13:00:00+00:00,2022-04-26 01:00:00+00:00,13,11,1.584527121003717,0.12188670161567054,0.5609884054942027,338.0,3.0,2
Austin,Stage IV,Spring,2022,203,2022-05-05 05:00:00+00:00,2022-05-05 07:00:00+00:00,3,3,0.11585338469834572,0.038617794899448575,0.0413725256075226,92.0,2.0,0
Austin,Stage IV,Spring,2022,204,2022-05-05 21:00:00+00:00,2022-05-06 00:00:00+00:00,4,4,0.5313291534598521,0.13283228836496302,0.3183871498431811,13.0,2.0,0
Austin,Stage IV,Spring,2022,205,2022-05-22 04:00:00+00:00,2022-05-22 07:00:00+00:00,4,4,0.6231293937497361,0.15578234843743402,0.5296040541721058,387.0,1.0,0
Austin,Stage IV,Spring,2022,206,2022-05-25 05:00:00+00:00,2022-05-25 08:00:00+00:00,4,4,1.2410086446184954,0.31025216115462384,0.9150428541749704,21.0,0.0,0
Austin,Stage IV,Summer,2022,207,2022-06-04 12:00:00+00:00,2022-06-04 14:00:00+00:00,3,3,0.7913140152436215,0.26377133841454053,0.6353418284976858,17.0,1.0,0
Austin,Stage IV,Summer,2022,208,2022-06-27 22:00:00+00:00,2022-06-28 07:00:00+00:00,10,10,0.7698651339483148,0.07698651339483148,0.4813981491636415,11.0,2.0,0
Austin,Stage IV,Summer,2022,209,2022-08-18 20:00:00+00:00,2022-08-19 01:00:00+00:00,6,6,0.550873902405455,0.09181231706757582,0.2593786533113739,67.0,1.0,0
Austin,Stage IV,Summer,2022,210,2022-08-19 12:00:00+00:00,2022-08-19 22:00:00+00:00,11,6,0.8152197457004238,0.0741108859727658,0.2909888536637181,10.0,10.0,5
Austin,Stage IV,Summer,2022,211,2022-08-22 19:00:00+00:00,2022-08-23 14:00:00+00:00,20,12,2.161201676073278,0.1080600838036639,1.0669768351616458,29.0,3.0,4
Austin,Stage IV,Summer,2022,212,2022-08-30 15:00:00+00:00,2022-08-30 23:00:00+00:00,9,9,0.2910110707023853,0.032334563411376145,0.0889375001774115,59.0,4.0,0
Austin,Stage IV,Fall,2022,213,2022-09-01 02:00:00+00:00,2022-09-01 14:00:00+00:00,13,7,0.2527807513903754,0.019444673183875032,0.1965722414947821,26.0,0.0,4
Austin,Stage IV,Fall,2022,214,2022-09-08 01:00:00+00:00,2022-09-08 03:00:00+00:00,3,3,0.24625320137463208,0.0820844004582107,0.1641360860050509,68.0,0.0,0
Austin,Stage IV,Fall,2023,215,2022-10-17 04:00:00+00:00,2022-10-17 13:00:00+00:00,10,9,2.4319130663502335,0.24319130663502336,1.3870916310458157,99.0,1.0,1
Austin,Stage IV,Fall,2023,216,2022-10-24 19:00:00+00:00,2022-10-24 19:00:00+00:00,1,1,0.1826278693651157,0.1826278693651157,0.1826278693651157,173.0,0.0,0
Austin,Stage IV,Fall,2023,217,2022-10-25 03:00:00+00:00,2022-10-25 04:00:00+00:00,2,2,1.1517438706553997,0.5758719353276999,1.126869756348264,7.0,0.0,0
Austin,Stage IV,Fall,2023,218,2022-10-28 14:00:00+00:00,2022-10-28 16:00:00+00:00,3,3,0.4815070813047216,0.1605023604349072,0.3980672487383487,73.0,0.0,0
Austin,Stage IV,Fall,2023,219,2022-11-05 01:00:00+00:00,2022-11-05 06:00:00+00:00,6,3,0.6566029660967585,0.10943382768279308,0.6022419079122925,7.0,0.0,3
Austin,Stage IV,Fall,2023,220,2022-11-07 14:00:00+00:00,2022-11-07 19:00:00+00:00,6,4,0.28836493010766173,0.04806082168461029,0.2354017786260861,55.0,5.0,1
Austin,Stage IV,Fall,2023,221,2022-11-11 18:00:00+00:00,2022-11-11 23:00:00+00:00,6,6,1.104654873193578,0.18410914553226299,0.6102584867237314,46.0,2.0,0
Austin,Stage IV,Fall,2023,222,2022-11-14 17:00:00+00:00,2022-11-14 21:00:00+00:00,5,5,0.11780038370334109,0.023560076740668217,0.0831146207895938,65.0,2.0,0
Austin,Stage IV,Fall,2023,223,2022-11-19 16:00:00+00:00,2022-11-20 05:00:00+00:00,14,9,0.3004468234517577,0.021460487389411264,0.0882152655643256,12.0,3.0,3
Austin,Stage IV,Fall,2023,224,2022-11-21 13:00:00+00:00,2022-11-22 02:00:00+00:00,14,11,0.19582348127788168,0.013987391519848692,0.0753069520235547,6.0,7.0,2
Austin,Stage IV,Fall,2023,225,2022-11-24 04:00:00+00:00,2022-11-25 01:00:00+00:00,22,14,0.40472476437025556,0.01839658019864798,0.1152769916936139,31.0,2.0,2
Austin,Stage IV,Fall,2023,226,2022-11-25 22:00:00+00:00,2022-11-26 18:00:00+00:00,21,18,1.6818722287313892,0.08008915374911377,0.5483313568428437,20.0,9.0,3
Austin,Stage IV,Winter,2023,227,2022-12-19 12:00:00+00:00,2022-12-19 20:00:00+00:00,9,9,1.7080618899561415,0.18978465443957127,0.7594194938829754,118.0,2.0,0
Austin,Stage IV,Winter,2023,228,2023-01-24 11:00:00+00:00,2023-01-24 19:00:00+00:00,9,9,0.6108530982415094,0.06787256647127882,0.1609890150417516,507.0,4.0,0
Austin,Stage IV,Winter,2023,229,2023-01-29 12:00:00+00:00,2023-01-29 19:00:00+00:00,8,5,0.2434541497782557,0.03043176872228196,0.1960639612209569,16.0,5.0,2
Austin,Stage IV,Winter,2023,230,2023-02-01 08:00:00+00:00,2023-02-03 02:00:00+00:00,43,31,1.2690630385669508,0.029513093920161645,0.2185498435268902,8.0,4.0,4
Austin,Stage IV,Winter,2023,231,2023-02-07 18:00:00+00:00,2023-02-08 19:00:00+00:00,26,16,0.5533570630958538,0.021282963965225145,0.1609135327205458,111.0,10.0,4
Austin,Stage IV,Winter,2023,232,2023-02-16 08:00:00+00:00,2023-02-16 08:00:00+00:00,1,1,0.1423184348403197,0.1423184348403197,0.1423184348403197,45.0,0.0,0
Austin,Stage IV,Spring,2023,233,2023-03-02 07:00:00+00:00,2023-03-02 14:00:00+00:00,8,6,0.109562311178793,0.013695288897349125,0.035593770257515,334.0,3.0,1
Austin,Stage IV,Spring,2023,234,2023-03-03 02:00:00+00:00,2023-03-03 06:00:00+00:00,5,5,0.8881778013723651,0.17763556027447303,0.6671259782480286,11.0,0.0,0
Austin,Stage IV,Spring,2023,235,2023-03-17 03:00:00+00:00,2023-03-17 14:00:00+00:00,12,9,0.3567396911651207,0.029728307597093395,0.2220456154519415,6.0,0.0,2
Austin,Stage IV,Spring,2023,236,2023-03-21 06:00:00+00:00,2023-03-21 10:00:00+00:00,5,5,0.1335461100801414,0.026709222016028277,0.0393700787401574,87.0,1.0,0
Austin,Stage IV,Spring,2023,237,2023-04-06 08:00:00+00:00,2023-04-07 23:00:00+00:00,40,30,2.2908147231632654,0.05727036807908163,0.494105158469902,18.0,10.0,5
Austin,Stage IV,Spring,2023,238,2023-04-20 22:00:00+00:00,2023-04-21 11:00:00+00:00,14,9,2.157265493002824,0.1540903923573446,1.6381840056077506,24.0,4.0,2
Austin,Stage IV,Spring,2023,239,2023-04-25 21:00:00+00:00,2023-04-26 18:00:00+00:00,22,12,0.18806563783203092,0.008548438083274133,0.0423702475630765,105.0,6.0,3
Austin,Stage IV,Spring,2023,240,2023-04-27 02:00:00+00:00,2023-04-27 07:00:00+00:00,6,5,1.1236715706940528,0.18727859511567546,1.0520704817439022,7.0,4.0,1
Austin,Stage IV,Spring,2023,241,2023-04-28 23:00:00+00:00,2023-04-28 23:00:00+00:00,1,1,0.8258301028756814,0.8258301028756814,0.8258301028756814,39.0,0.0,0
Austin,Stage IV,Spring,2023,242,2023-05-06 04:00:00+00:00,2023-05-06 05:00:00+00:00,2,2,0.4274984248712596,0.2137492124356298,0.4014221938213331,172.0,0.0,0
Austin,Stage IV,Spring,2023,243,2023-05-09 18:00:00+00:00,2023-05-10 11:00:00+00:00,18,9,0.3138864487739327,0.01743813604299626,0.1506289606491259,84.0,4.0,3
Austin,Stage IV,Spring,2023,244,2023-05-13 05:00:00+00:00,2023-05-13 19:00:00+00:00,15,14,2.2828590351303046,0.1521906023420203,0.8865263340111985,6.0,3.0,1
Austin,Stage IV,Spring,2023,245,2023-05-14 16:00:00+00:00,2023-05-14 18:00:00+00:00,3,3,0.33762866783008183,0.11254288927669394,0.1911374307065106,20.0,0.0,0
Austin,Stage IV,Spring,2023,246,2023-05-15 19:00:00+00:00,2023-05-16 08:00:00+00:00,14,11,0.3988116856263148,0.028486548973308202,0.1063923243575795,24.0,7.0,2
Austin,Stage IV,Spring,2023,247,2023-05-20 06:00:00+00:00,2023-05-20 12:00:00+00:00,7,6,0.1046169912848732,0.0149452844692676,0.0545394096515945,93.0,0.0,1
Austin,Stage IV,Spring,2023,248,2023-05-24 08:00:00+00:00,2023-05-24 12:00:00+00:00,5,5,0.7963031245295149,0.15926062490590298,0.5470116440766881,7.0,1.0,0
Austin,Stage IV,Summer,2023,249,2023-06-04 02:00:00+00:00,2023-06-04 03:00:00+00:00,2,2,0.4288927735015047,0.21444638675075234,0.4287020893510446,127.0,1.0,0
Austin,Stage IV,Summer,2023,250,2023-06-05 09:00:00+00:00,2023-06-05 23:00:00+00:00,15,10,1.0498567380189199,0.06999044920126132,0.655096565245133,10.0,2.0,5
Austin,Stage IV,Summer,2023,251,2023-06-10 09:00:00+00:00,2023-06-10 11:00:00+00:00,3,3,0.23584183051934038,0.07861394350644679,0.1805225951825574,37.0,1.0,0
Austin,Stage IV,Summer,2023,252,2023-06-17 03:00:00+00:00,2023-06-17 04:00:00+00:00,2,2,0.6204806744135654,0.3102403372067827,0.5534415414845502,159.0,1.0,0
Austin,Stage IV,Summer,2023,253,2023-06-22 01:00:00+00:00,2023-06-22 06:00:00+00:00,6,4,0.27445075730411855,0.04574179288401976,0.1830413808907691,116.0,1.0,2
Austin,Stage IV,Summer,2023,254,2023-08-22 21:00:00+00:00,2023-08-22 22:00:00+00:00,2,2,0.1478652338735617,0.07393261693678085,0.1423012768592998,499.0,1.0,0
Austin,Stage IV,Fall,2023,255,2023-09-13 22:00:00+00:00,2023-09-14 15:00:00+00:00,18,11,0.5188821762717961,0.02882678757065534,0.170244915338993,6.0,4.0,2
Austin,Stage IV,Fall,2023,256,2023-09-14 22:00:00+00:00,2023-09-15 08:00:00+00:00,11,7,0.31340392884763346,0.02849126625887577,0.1902326738564944,6.0,1.0,3
Austin,Stage IV,Fall,2023,257,2023-09-16 18:00:00+00:00,2023-09-16 19:00:00+00:00,2,2,0.7144406672597037,0.35722033362985184,0.6937439320097613,23.0,0.0,0
Austin,Stage IV,Fall,2023,258,2023-09-25 03:00:00+00:00,2023-09-25 05:00:00+00:00,3,3,1.1781714503061975,0.3927238167687325,0.8595165395023643,199.0,0.0,0
Austin,Stage IV,Fall,2024,259,2023-10-05 09:00:00+00:00,2023-10-05 14:00:00+00:00,6,6,1.3314560815744971,0.22190934692908285,0.5383919104361127,243.0,2.0,0
Austin,Stage IV,Fall,2024,260,2023-10-23 10:00:00+00:00,2023-10-24 02:00:00+00:00,17,10,1.0823624850788798,0.06366838147522823,0.5130135734359205,427.0,1.0,5
Austin,Stage IV,Fall,2024,261,2023-10-24 17:00:00+00:00,2023-10-25 02:00:00+00:00,10,7,0.949403250292176,0.09494032502921759,0.5146386480673555,7.0,7.0,2
Austin,Stage IV,Fall,2024,262,2023-10-26 13:00:00+00:00,2023-10-26 20:00:00+00:00,8,8,2.7371672691741855,0.3421459086467732,0.8255307031196824,15.0,6.0,0
Austin,Stage IV,Fall,2024,263,2023-10-27 22:00:00+00:00,2023-10-28 00:00:00+00:00,3,3,0.5760401920555289,0.19201339735184297,0.2441156953846192,13.0,2.0,0
Austin,Stage IV,Fall,2024,264,2023-10-29 09:00:00+00:00,2023-10-29 19:00:00+00:00,11,6,0.1459290198149032,0.013266274528627563,0.0650436594903336,32.0,7.0,4
Austin,Stage IV,Fall,2024,265,2023-10-30 02:00:00+00:00,2023-10-30 11:00:00+00:00,10,10,0.44654625673769477,0.044654625673769474,0.127633767064915,6.0,8.0,0
Austin,Stage IV,Fall,2024,266,2023-11-09 19:00:00+00:00,2023-11-10 12:00:00+00:00,18,17,0.7708543913327068,0.04282524396292816,0.1744886674608691,237.0,12.0,1
Austin,Stage IV,Fall,2024,267,2023-11-13 03:00:00+00:00,2023-11-13 08:00:00+00:00,6,6,0.1420417959224724,0.0236736326537454,0.0393700787401574,8.0,1.0,0
Austin,Stage IV,Fall,2024,268,2023-11-30 10:00:00+00:00,2023-11-30 20:00:00+00:00,11,9,0.1087206572146589,0.009883696110423536,0.0267534139672581,233.0,4.0,1
Austin,Stage IV,Winter,2024,269,2023-12-15 22:00:00+00:00,2023-12-16 04:00:00+00:00,7,6,0.2546217636297792,0.036374537661397026,0.1362585080898839,36.0,0.0,1
Austin,Stage IV,Winter,2024,270,2023-12-21 10:00:00+00:00,2023-12-22 00:00:00+00:00,15,9,0.17247510592259174,0.01149834039483945,0.0547252562012107,125.0,5.0,3
Austin,Stage IV,Winter,2024,271,2023-12-22 09:00:00+00:00,2023-12-22 15:00:00+00:00,7,5,0.17079211295511149,0.024398873279301642,0.0827415497369166,8.0,1.0,2
Austin,Stage IV,Winter,2024,272,2023-12-23 22:00:00+00:00,2023-12-24 19:00:00+00:00,22,20,1.7887896739223952,0.08130862154192706,0.999032662410032,30.0,15.0,1
Austin,Stage IV,Winter,2024,273,2024-01-02 21:00:00+00:00,2024-01-03 08:00:00+00:00,12,10,1.3665933333950915,0.11388277778292429,0.5209397240525391,217.0,3.0,2
Austin,Stage IV,Winter,2024,274,2024-01-05 03:00:00+00:00,2024-01-05 09:00:00+00:00,7,6,0.11111653685748081,0.015873790979640114,0.0363664084391097,42.0,0.0,1
Austin,Stage IV,Winter,2024,275,2024-01-08 09:00:00+00:00,2024-01-08 19:00:00+00:00,11,7,0.21019069318589723,0.019108244835081566,0.0926415177774517,71.0,10.0,4
Austin,Stage IV,Winter,2024,276,2024-01-22 04:00:00+00:00,2024-01-22 18:00:00+00:00,15,15,2.8499572985022703,0.18999715323348468,0.8201747530991875,313.0,5.0,0
Austin,Stage IV,Winter,2024,277,2024-01-23 07:00:00+00:00,2024-01-23 22:00:00+00:00,16,11,0.1728495303224024,0.01080309564515015,0.0393700787401574,12.0,3.0,3
Austin,Stage IV,Winter,2024,278,2024-01-24 05:00:00+00:00,2024-01-25 08:00:00+00:00,28,26,1.1953286832942613,0.04269031011765219,0.1280862254604355,6.0,23.0,2
Austin,Stage IV,Winter,2024,279,2024-02-03 04:00:00+00:00,2024-02-03 10:00:00+00:00,7,4,0.17416809889507281,0.0248811569850104,0.0955838076344234,211.0,1.0,3
Austin,Stage IV,Winter,2024,280,2024-02-10 15:00:00+00:00,2024-02-11 16:00:00+00:00,26,12,0.9427821003280576,0.0362608500126176,0.5000628509172521,158.0,2.0,5
Austin,Stage IV,Spring,2024,281,2024-03-08 13:00:00+00:00,2024-03-08 16:00:00+00:00,4,3,0.33213505779981223,0.08303376444995306,0.3197028542411909,91.0,0.0,1
Austin,Stage IV,Spring,2024,282,2024-03-15 11:00:00+00:00,2024-03-15 13:00:00+00:00,3,3,0.10967356369504941,0.03655785456501647,0.0514877865706649,162.0,2.0,0
Austin,Stage IV,Spring,2024,283,2024-03-17 07:00:00+00:00,2024-03-17 10:00:00+00:00,4,4,0.6483449452354645,0.16208623630886612,0.3331880455310306,15.0,2.0,0
Austin,Stage IV,Spring,2024,284,2024-03-22 01:00:00+00:00,2024-03-22 05:00:00+00:00,5,4,0.11384433349696971,0.02276886669939394,0.1015228066669151,9.0,2.0,1
Austin,Stage IV,Spring,2024,285,2024-03-25 11:00:00+00:00,2024-03-25 14:00:00+00:00,4,4,0.16284315474834882,0.040710788687087204,0.1011031607878008,77.0,0.0,0
Austin,Stage IV,Spring,2024,286,2024-04-08 22:00:00+00:00,2024-04-08 22:00:00+00:00,1,1,0.1757056341126595,0.1757056341126595,0.1757056341126595,33.0,0.0,0
Austin,Stage IV,Spring,2024,287,2024-04-09 11:00:00+00:00,2024-04-10 09:00:00+00:00,23,18,1.7853489832256717,0.07762386883589877,0.6624293223563935,12.0,14.0,3
Austin,Stage IV,Spring,2024,288,2024-04-20 23:00:00+00:00,2024-04-21 04:00:00+00:00,6,6,0.7570317269410599,0.12617195449017665,0.3214104830477611,105.0,4.0,0
Austin,Stage IV,Spring,2024,289,2024-04-28 12:00:00+00:00,2024-04-28 20:00:00+00:00,9,7,0.8244737832998835,0.0916081981444315,0.39990013597369,68.0,2.0,2
Austin,Stage IV,Spring,2024,290,2024-05-02 01:00:00+00:00,2024-05-02 13:00:00+00:00,13,6,1.8227656702411028,0.14021274386470023,1.2134133404665128,69.0,1.0,5
Austin,Stage IV,Spring,2024,291,2024-05-05 06:00:00+00:00,2024-05-05 09:00:00+00:00,4,4,1.1935620091825792,0.2983905022956448,1.0036330116590255,32.0,2.0,0
Austin,Stage IV,Spring,2024,292,2024-05-13 18:00:00+00:00,2024-05-13 19:00:00+00:00,2,2,0.1260801245558102,0.0630400622779051,0.0915426688028304,187.0,1.0,0
Austin,Stage IV,Spring,2024,293,2024-05-16 19:00:00+00:00,2024-05-16 23:00:00+00:00,5,5,1.5928100163853227,0.3185620032770645,0.9602853964812808,55.0,2.0,0
Austin,Stage IV,Spring,2024,294,2024-05-29 05:00:00+00:00,2024-05-29 07:00:00+00:00,3,3,0.3012084552302117,0.10040281841007058,0.1951508579100746,27.0,1.0,0
Austin,Stage IV,Spring,2024,295,2024-05-31 10:00:00+00:00,2024-05-31 14:00:00+00:00,5,5,1.0155850894854577,0.20311701789709152,0.6032428360702369,10.0,1.0,0
Austin,Stage IV,Summer,2024,296,2024-06-05 14:00:00+00:00,2024-06-05 15:00:00+00:00,2,2,0.11130878104809121,0.055654390524045604,0.0933567937256409,106.0,1.0,0
Austin,Stage IV,Summer,2024,297,2024-06-11 21:00:00+00:00,2024-06-12 00:00:00+00:00,4,4,0.1608738156731282,0.04021845391828205,0.0452899119166095,18.0,1.0,0
Austin,Stage IV,Summer,2024,298,2024-06-19 19:00:00+00:00,2024-06-20 09:00:00+00:00,15,14,1.362722389038359,0.09084815926922393,0.35372041554131,186.0,7.0,1
Austin,Stage IV,Summer,2024,299,2024-07-06 21:00:00+00:00,2024-07-07 04:00:00+00:00,8,8,0.3446236959338947,0.043077961991736836,0.1267774182115437,379.0,4.0,0
Austin,Stage IV,Summer,2024,300,2024-07-12 19:00:00+00:00,2024-07-12 20:00:00+00:00,2,2,0.36237918217384296,0.18118959108692148,0.3623012490640103,134.0,0.0,0
Austin,Stage IV,Summer,2024,301,2024-07-18 13:00:00+00:00,2024-07-18 16:00:00+00:00,4,4,0.47309941223868207,0.11827485305967052,0.288447075818026,113.0,0.0,0
Austin,Stage IV,Summer,2024,302,2024-07-21 20:00:00+00:00,2024-07-22 00:00:00+00:00,5,5,0.44225106758222643,0.08845021351644529,0.2042797182815914,55.0,2.0,0
Austin,Stage IV,Summer,2024,303,2024-07-22 23:00:00+00:00,2024-07-23 21:00:00+00:00,23,14,0.7637926948884729,0.033208378038629256,0.2626554019969923,22.0,18.0,5
Austin,Stage IV,Summer,2024,304,2024-07-28 14:00:00+00:00,2024-07-28 22:00:00+00:00,9,5,0.22753380717241528,0.025281534130268363,0.1287497937056055,59.0,2.0,4
Austin,Stage IV,Summer,2024,305,2024-08-04 19:00:00+00:00,2024-08-04 22:00:00+00:00,4,4,1.7532061497329956,0.4383015374332489,1.4998174526646315,146.0,1.0,0
Austin,Stage IV,Summer,2024,306,2024-08-23 23:00:00+00:00,2024-08-24 00:00:00+00:00,2,2,0.2668282928629652,0.1334141464314826,0.1426798597257566,331.0,0.0,0
Austin,Stage IV,Summer,2024,307,2024-08-27 09:00:00+00:00,2024-08-27 23:00:00+00:00,15,8,0.5740905232657337,0.038272701551048914,0.3779502898609717,11.0,1.0,4
Austin,Stage IV,Summer,2024,308,2024-08-29 00:00:00+00:00,2024-08-29 01:00:00+00:00,2,2,0.14741610717262038,0.07370805358631019,0.0840396261733563,24.0,0.0,0
Austin,Stage IV,Fall,2024,309,2024-09-03 21:00:00+00:00,2024-09-04 05:00:00+00:00,9,6,0.1122815152943006,0.012475723921588956,0.0390345446156975,22.0,3.0,2
Austin,Stage IV,Fall,2024,310,2024-09-05 21:00:00+00:00,2024-09-06 04:00:00+00:00,8,5,0.15035675332798268,0.018794594165997835,0.1133907628961688,8.0,2.0,2
Austin,Stage IV,Fall,2024,311,2024-09-25 01:00:00+00:00,2024-09-25 03:00:00+00:00,3,3,0.6216687409524805,0.20722291365082682,0.4870321997168871,452.0,1.0,0
Austin,Stage IV,Fall,2025,312,2024-11-05 03:00:00+00:00,2024-11-05 13:00:00+00:00,11,8,2.335585956178804,0.21232599601625493,1.0182849776464258,11.0,2.0,3
Austin,Stage IV,Fall,2025,313,2024-11-18 00:00:00+00:00,2024-11-18 17:00:00+00:00,18,11,0.5049478115290233,0.028052656196056854,0.1040574929736283,298.0,17.0,3
Austin,Stage IV,Winter,2025,314,2024-12-04 12:00:00+00:00,2024-12-04 20:00:00+00:00,9,8,0.1888570924600419,0.0209841213844491,0.0529141824610282,9.0,3.0,1
Austin,Stage IV,Winter,2025,315,2024-12-07 05:00:00+00:00,2024-12-08 02:00:00+00:00,22,16,0.4745603603116755,0.02157092546871252,0.1124773520063925,17.0,13.0,4
Austin,Stage IV,Winter,2025,316,2024-12-13 19:00:00+00:00,2024-12-14 18:00:00+00:00,24,19,0.33128769763203725,0.013803654068001553,0.0630418892965351,126.0,7.0,2
Austin,Stage IV,Winter,2025,317,2025-01-09 20:00:00+00:00,2025-01-10 05:00:00+00:00,10,10,0.8220756792465005,0.08220756792465005,0.1894876661021007,290.0,4.0,0
Austin,Stage IV,Winter,2025,318,2025-01-26 04:00:00+00:00,2025-01-26 16:00:00+00:00,13,13,0.2582877472541091,0.01986828825031608,0.0583654647142284,110.0,12.0,0
Austin,Stage IV,Winter,2025,319,2025-01-29 08:00:00+00:00,2025-01-30 16:00:00+00:00,33,20,0.8881427546028725,0.02691341680614765,0.450931025170237,8.0,30.0,5
Austin,Stage IV,Winter,2025,320,2025-02-11 13:00:00+00:00,2025-02-12 14:00:00+00:00,26,18,1.519917511927259,0.05845836584335611,0.3120052519671929,284.0,8.0,4
Austin,Stage IV,Winter,2025,321,2025-02-18 19:00:00+00:00,2025-02-19 09:00:00+00:00,15,8,0.1279707800286967,0.008531385335246446,0.0729865128712091,75.0,3.0,5
Austin,Stage IV,Winter,2025,322,2025-02-22 16:00:00+00:00,2025-02-23 09:00:00+00:00,18,10,0.1586913490307135,0.00881618605726186,0.0393331864973019,78.0,15.0,3
Austin,Stage IV,Spring,2025,323,2025-03-04 07:00:00+00:00,2025-03-04 14:00:00+00:00,8,8,0.36855596921892914,0.04606949615236614,0.2051311311088726,213.0,6.0,0
Austin,Stage IV,Spring,2025,324,2025-03-15 08:00:00+00:00,2025-03-15 12:00:00+00:00,5,3,0.1584638120074964,0.03169276240149928,0.0939539396935052,54.0,1.0,2
Austin,Stage IV,Spring,2025,325,2025-03-24 02:00:00+00:00,2025-03-24 05:00:00+00:00,4,4,0.32789200941844554,0.08197300235461139,0.3055243628999767,205.0,1.0,0
Austin,Stage IV,Spring,2025,326,2025-03-27 01:00:00+00:00,2025-03-28 20:00:00+00:00,44,32,1.2286693643346807,0.027924303734879106,0.2621202196427869,67.0,20.0,4
Austin,Stage IV,Spring,2025,327,2025-04-05 00:00:00+00:00,2025-04-05 18:00:00+00:00,19,17,0.3062714203601186,0.016119548440006244,0.1096119051996533,6.0,15.0,2
Austin,Stage IV,Spring,2025,328,2025-04-20 11:00:00+00:00,2025-04-20 21:00:00+00:00,11,6,0.13564690837463508,0.012331537124966825,0.0530672853919104,9.0,2.0,5
Austin,Stage IV,Spring,2025,329,2025-04-23 01:00:00+00:00,2025-04-23 13:00:00+00:00,13,9,0.7733996288257982,0.05949227914044601,0.2569603597793924,51.0,9.0,4
Austin,Stage IV,Spring,2025,330,2025-05-05 17:00:00+00:00,2025-05-06 19:00:00+00:00,27,24,1.6877980658478502,0.0625110394758463,0.4361124006349404,31.0,7.0,3
Austin,Stage IV,Spring,2025,331,2025-05-23 08:00:00+00:00,2025-05-23 11:00:00+00:00,4,4,0.1855289928629214,0.04638224821573035,0.0916667313648617,287.0,1.0,0
Austin,Stage IV,Spring,2025,332,2025-05-27 02:00:00+00:00,2025-05-27 07:00:00+00:00,6,6,1.6779591608299735,0.27965986013832894,1.4944176689608029,6.0,1.0,0
Austin,Stage IV,Spring,2025,333,2025-05-28 10:00:00+00:00,2025-05-28 13:00:00+00:00,4,4,0.1126435454950009,0.028160886373750225,0.0364443415489424,26.0,3.0,0
Austin,Stage IV,Spring,2025,334,2025-05-29 00:00:00+00:00,2025-05-29 01:00:00+00:00,2,2,1.1194744155442944,0.5597372077721472,1.0845259876370097,10.0,0.0,0
Austin,Stage IV,Spring,2025,335,2025-05-30 09:00:00+00:00,2025-05-30 12:00:00+00:00,4,4,1.1396508749435474,0.28491271873588686,0.8825505323185732,20.0,1.0,0
Austin,Stage IV,Summer,2025,336,2025-06-09 10:00:00+00:00,2025-06-09 11:00:00+00:00,2,2,0.5453010379064244,0.2726505189532122,0.5067198768835605,101.0,1.0,0
Austin,Stage IV,Summer,2025,337,2025-06-11 07:00:00+00:00,2025-06-11 09:00:00+00:00,3,3,0.2895010847111722,0.09650036157039073,0.1916611883502792,15.0,2.0,0
Austin,Stage IV,Summer,2025,338,2025-06-12 07:00:00+00:00,2025-06-12 14:00:00+00:00,8,6,0.3821807127438993,0.047772589092987414,0.3107297124514704,6.0,1.0,2
Austin,Stage IV,Summer,2025,339,2025-06-14 03:00:00+00:00,2025-06-14 04:00:00+00:00,2,2,0.11808812252831319,0.059044061264156594,0.0815369452960317,36.0,1.0,0
Austin,Stage IV,Summer,2025,340,2025-06-15 20:00:00+00:00,2025-06-15 23:00:00+00:00,4,4,0.12209261271953449,0.030523153179883623,0.0974327135785615,22.0,1.0,0
Austin,Stage IV,Summer,2025,341,2025-06-24 21:00:00+00:00,2025-06-25 00:00:00+00:00,4,3,0.31534221967898374,0.07883555491974593,0.2913681156643728,48.0,1.0,1
Austin,Stage IV,Summer,2025,342,2025-06-25 22:00:00+00:00,2025-06-26 01:00:00+00:00,4,4,0.4257949865195403,0.10644874662988507,0.3801691467774867,21.0,1.0,0
Austin,Stage IV,Summer,2025,343,2025-07-02 18:00:00+00:00,2025-07-03 00:00:00+00:00,7,5,0.1676198377469266,0.0239456911067038,0.0936617643505672,18.0,4.0,1
Austin,Stage IV,Summer,2025,344,2025-07-03 15:00:00+00:00,2025-07-06 00:00:00+00:00,58,53,7.362692815204674,0.12694297957249437,1.61676488072496,14.0,50.0,3
Austin,Stage IV,Summer,2025,345,2025-07-07 09:00:00+00:00,2025-07-07 12:00:00+00:00,4,4,0.1138287355560998,0.02845718388902495,0.0418196887248049,7.0,2.0,0
Austin,Stage IV,Summer,2025,346,2025-07-09 17:00:00+00:00,2025-07-09 22:00:00+00:00,6,6,0.8468479308058549,0.1411413218009758,0.6680636165121232,19.0,2.0,0
Austin,Stage IV,Summer,2025,347,2025-07-13 17:00:00+00:00,2025-07-13 19:00:00+00:00,3,3,0.7547713444132312,0.2515904481377437,0.6897719959686752,24.0,1.0,0
Austin,Stage IV,Summer,2025,348,2025-08-21 19:00:00+00:00,2025-08-22 02:00:00+00:00,8,8,1.3785514250040585,0.1723189281255073,0.9501156251562378,41.0,1.0,0
Austin,Point Gage,Fall,2018,1,2017-10-03 17:00:00+00:00,2017-10-04 00:00:00+00:00,8,4,1.12,0.14,0.56,,4.0,3
Austin,Point Gage,Fall,2018,2,2017-10-22 14:00:00+00:00,2017-10-22 15:00:00+00:00,2,2,0.44,0.22,0.4,445.0,0.0,0
Austin,Point Gage,Fall,2018,3,2017-10-31 23:00:00+00:00,2017-11-01 07:00:00+00:00,9,5,0.28,0.031111111111111114,0.12,223.0,4.0,3
Austin,Point Gage,Winter,2018,4,2017-12-06 12:00:00+00:00,2017-12-07 07:00:00+00:00,20,14,0.7200000000000002,0.03600000000000001,0.12,55.0,9.0,3
Austin,Point Gage,Winter,2018,5,2017-12-16 22:00:00+00:00,2017-12-17 03:00:00+00:00,6,6,1.36,0.22666666666666668,0.4,196.0,3.0,0
Austin,Point Gage,Winter,2018,6,2017-12-19 09:00:00+00:00,2017-12-19 17:00:00+00:00,9,7,1.7999999999999998,0.19999999999999998,1.08,53.0,2.0,2
Austin,Point Gage,Winter,2018,7,2017-12-22 19:00:00+00:00,2017-12-22 20:00:00+00:00,2,2,0.2,0.1,0.12,73.0,0.0,0
Austin,Point Gage,Winter,2018,8,2018-01-16 06:00:00+00:00,2018-01-16 10:00:00+00:00,5,4,0.2,0.04,0.08,585.0,1.0,1
Austin,Point Gage,Winter,2018,9,2018-02-20 18:00:00+00:00,2018-02-20 20:00:00+00:00,3,3,0.12,0.04,0.04,150.0,0.0,0
Austin,Point Gage,Winter,2018,10,2018-02-21 19:00:00+00:00,2018-02-21 20:00:00+00:00,2,2,0.2,0.1,0.16,22.0,0.0,0
Austin,Point Gage,Winter,2018,11,2018-02-22 14:00:00+00:00,2018-02-22 15:00:00+00:00,2,2,0.16,0.08,0.12,17.0,1.0,0
Austin,Point Gage,Winter,2018,12,2018-02-23 14:00:00+00:00,2018-02-23 15:00:00+00:00,2,2,0.24000000000000002,0.12000000000000001,0.2,6.0,0.0,0
Austin,Point Gage,Spring,2018,13,2018-03-04 01:00:00+00:00,2018-03-04 02:00:00+00:00,2,2,0.16,0.08,0.12,102.0,1.0,0
Austin,Point Gage,Spring,2018,14,2018-03-28 08:00:00+00:00,2018-03-28 19:00:00+00:00,12,10,3.4800000000000004,0.29000000000000004,1.2400000000000002,564.0,2.0,2
Austin,Point Gage,Spring,2018,15,2018-04-07 07:00:00+00:00,2018-04-07 07:00:00+00:00,1,1,0.12,0.12,0.12,216.0,0.0,0
Austin,Point Gage,Spring,2018,16,2018-04-25 23:00:00+00:00,2018-04-26 01:00:00+00:00,3,3,0.28,0.09333333333333334,0.12,281.0,1.0,0
Austin,Point Gage,Spring,2018,17,2018-05-04 16:00:00+00:00,2018-05-05 00:00:00+00:00,9,6,2.68,0.2977777777777778,1.8,206.0,1.0,3
Austin,Point Gage,Spring,2018,18,2018-05-20 14:00:00+00:00,2018-05-20 20:00:00+00:00,7,2,1.1600000000000001,0.16571428571428573,1.12,373.0,6.0,5
Austin,Point Gage,Summer,2018,19,2018-06-04 08:00:00+00:00,2018-06-04 12:00:00+00:00,5,3,0.92,0.184,0.8,301.0,0.0,2
Austin,Point Gage,Summer,2018,20,2018-06-09 23:00:00+00:00,2018-06-10 00:00:00+00:00,2,2,0.16,0.08,0.12,130.0,1.0,0
Austin,Point Gage,Summer,2018,21,2018-06-17 23:00:00+00:00,2018-06-17 23:00:00+00:00,1,1,0.16,0.16,0.16,24.0,0.0,0
Austin,Point Gage,Summer,2018,22,2018-06-19 12:00:00+00:00,2018-06-19 22:00:00+00:00,11,6,0.6,0.05454545454545454,0.36,25.0,7.0,4
Austin,Point Gage,Summer,2018,23,2018-07-04 21:00:00+00:00,2018-07-04 23:00:00+00:00,3,3,1.0,0.3333333333333333,0.8,339.0,1.0,0
Austin,Point Gage,Summer,2018,24,2018-07-06 12:00:00+00:00,2018-07-06 13:00:00+00:00,2,2,0.2,0.1,0.16,18.0,0.0,0
Austin,Point Gage,Summer,2018,25,2018-07-09 02:00:00+00:00,2018-07-09 02:00:00+00:00,1,1,0.12,0.12,0.12,60.0,0.0,0
Austin,Point Gage,Summer,2018,26,2018-07-09 14:00:00+00:00,2018-07-09 22:00:00+00:00,9,4,1.6800000000000002,0.18666666666666668,1.52,11.0,0.0,3
Austin,Point Gage,Summer,2018,27,2018-08-12 00:00:00+00:00,2018-08-12 01:00:00+00:00,2,2,0.72,0.36,0.4,793.0,1.0,0
Austin,Point Gage,Summer,2018,28,2018-08-12 12:00:00+00:00,2018-08-12 18:00:00+00:00,7,2,0.16,0.022857142857142857,0.12,10.0,6.0,5
Austin,Point Gage,Fall,2018,29,2018-09-03 21:00:00+00:00,2018-09-04 06:00:00+00:00,10,5,0.9600000000000001,0.096,0.4,530.0,7.0,2
Austin,Point Gage,Fall,2018,30,2018-09-04 17:00:00+00:00,2018-09-05 03:00:00+00:00,11,4,1.0,0.09090909090909091,0.76,10.0,6.0,5
Austin,Point Gage,Fall,2018,31,2018-09-07 20:00:00+00:00,2018-09-07 23:00:00+00:00,4,2,0.32,0.08,0.28,14.0,0.0,2
Austin,Point Gage,Fall,2018,32,2018-09-09 12:00:00+00:00,2018-09-09 19:00:00+00:00,8,8,1.4,0.175,0.48,36.0,3.0,0
Austin,Point Gage,Fall,2018,33,2018-09-11 07:00:00+00:00,2018-09-11 09:00:00+00:00,3,2,0.2,0.06666666666666667,0.16,35.0,2.0,1
Austin,Point Gage,Fall,2018,34,2018-09-11 18:00:00+00:00,2018-09-11 20:00:00+00:00,3,3,1.1600000000000001,0.3866666666666667,0.92,8.0,2.0,0
Austin,Point Gage,Fall,2018,35,2018-09-12 19:00:00+00:00,2018-09-12 19:00:00+00:00,1,1,0.16,0.16,0.16,22.0,0.0,0
Austin,Point Gage,Fall,2018,36,2018-09-15 18:00:00+00:00,2018-09-15 19:00:00+00:00,2,2,0.16,0.08,0.08,18.0,0.0,0
Austin,Point Gage,Fall,2018,37,2018-09-16 20:00:00+00:00,2018-09-16 20:00:00+00:00,1,1,0.12,0.12,0.12,24.0,0.0,0
Austin,Point Gage,Fall,2018,38,2018-09-21 00:00:00+00:00,2018-09-21 07:00:00+00:00,8,3,0.36,0.045,0.2,99.0,0.0,5
Austin,Point Gage,Fall,2018,39,2018-09-21 19:00:00+00:00,2018-09-21 20:00:00+00:00,2,2,0.2,0.1,0.16,11.0,1.0,0
Austin,Point Gage,Fall,2018,40,2018-09-22 04:00:00+00:00,2018-09-22 13:00:00+00:00,10,5,1.1600000000000001,0.11600000000000002,0.84,7.0,8.0,5
Austin,Point Gage,Fall,2018,41,2018-09-29 17:00:00+00:00,2018-09-29 18:00:00+00:00,2,2,0.4,0.2,0.24,171.0,1.0,0
Austin,Point Gage,Fall,2019,42,2018-10-01 17:00:00+00:00,2018-10-01 21:00:00+00:00,5,2,0.27999999999999997,0.055999999999999994,0.24,46.0,4.0,3
Austin,Point Gage,Fall,2019,43,2018-10-07 11:00:00+00:00,2018-10-07 11:00:00+00:00,1,1,0.2,0.2,0.2,133.0,0.0,0
Austin,Point Gage,Fall,2019,44,2018-10-08 20:00:00+00:00,2018-10-09 06:00:00+00:00,11,7,0.48,0.04363636363636363,0.2,32.0,5.0,2
Austin,Point Gage,Fall,2019,45,2018-10-09 20:00:00+00:00,2018-10-09 20:00:00+00:00,1,1,0.44,0.44,0.44,13.0,0.0,0
Austin,Point Gage,Fall,2019,46,2018-10-14 06:00:00+00:00,2018-10-14 07:00:00+00:00,2,2,1.0,0.5,0.88,14.0,1.0,0
Austin,Point Gage,Fall,2019,47,2018-10-15 09:00:00+00:00,2018-10-16 20:00:00+00:00,36,25,2.3200000000000003,0.06444444444444446,0.24,25.0,7.0,4
Austin,Point Gage,Fall,2019,48,2018-10-18 21:00:00+00:00,2018-10-18 22:00:00+00:00,2,2,0.12,0.06,0.08,19.0,1.0,0
Austin,Point Gage,Fall,2019,49,2018-10-19 08:00:00+00:00,2018-10-20 01:00:00+00:00,18,9,0.68,0.03777777777777778,0.12,9.0,0.0,4
Austin,Point Gage,Fall,2019,50,2018-10-23 07:00:00+00:00,2018-10-23 14:00:00+00:00,8,4,0.16,0.02,0.04,77.0,0.0,2
Austin,Point Gage,Fall,2019,51,2018-10-24 19:00:00+00:00,2018-10-25 05:00:00+00:00,11,8,0.4799999999999999,0.04363636363636363,0.12,10.0,4.0,1
Austin,Point Gage,Fall,2019,52,2018-11-01 00:00:00+00:00,2018-11-01 02:00:00+00:00,3,3,0.28,0.09333333333333334,0.2,162.0,1.0,0
Austin,Point Gage,Fall,2019,53,2018-11-04 09:00:00+00:00,2018-11-04 10:00:00+00:00,2,2,0.4,0.2,0.28,78.0,1.0,0
Austin,Point Gage,Fall,2019,54,2018-11-09 06:00:00+00:00,2018-11-09 13:00:00+00:00,8,5,0.96,0.12,0.5599999999999999,115.0,0.0,2
Austin,Point Gage,Fall,2019,55,2018-11-11 20:00:00+00:00,2018-11-12 16:00:00+00:00,21,8,0.36,0.017142857142857144,0.08,54.0,11.0,5
Austin,Point Gage,Winter,2019,56,2018-12-06 19:00:00+00:00,2018-12-08 09:00:00+00:00,39,24,2.7200000000000006,0.06974358974358975,0.44,127.0,30.0,4
Austin,Point Gage,Winter,2019,57,2018-12-26 17:00:00+00:00,2018-12-27 09:00:00+00:00,17,9,2.6000000000000005,0.15294117647058827,1.6800000000000002,160.0,14.0,4
Austin,Point Gage,Winter,2019,58,2018-12-30 16:00:00+00:00,2018-12-30 17:00:00+00:00,2,2,0.16,0.08,0.08,78.0,0.0,0
Austin,Point Gage,Winter,2019,59,2018-12-31 03:00:00+00:00,2018-12-31 10:00:00+00:00,8,5,0.2,0.025,0.04,9.0,0.0,2
Austin,Point Gage,Winter,2019,60,2019-01-02 11:00:00+00:00,2019-01-03 13:00:00+00:00,27,21,2.68,0.09925925925925927,0.36,48.0,12.0,3
Austin,Point Gage,Winter,2019,61,2019-01-12 02:00:00+00:00,2019-01-12 05:00:00+00:00,4,4,0.32,0.08,0.16,204.0,2.0,0
Austin,Point Gage,Winter,2019,62,2019-01-27 03:00:00+00:00,2019-01-27 08:00:00+00:00,6,4,0.24000000000000002,0.04,0.08,72.0,1.0,1
Austin,Point Gage,Winter,2019,63,2019-02-19 17:00:00+00:00,2019-02-19 20:00:00+00:00,4,3,0.12,0.03,0.04,182.0,0.0,1
Austin,Point Gage,Spring,2019,64,2019-03-13 09:00:00+00:00,2019-03-13 16:00:00+00:00,8,4,0.32,0.04,0.12,94.0,5.0,4
Austin,Point Gage,Spring,2019,65,2019-04-06 15:00:00+00:00,2019-04-06 22:00:00+00:00,8,5,2.3200000000000003,0.29000000000000004,1.12,574.0,4.0,3
Austin,Point Gage,Spring,2019,66,2019-04-07 14:00:00+00:00,2019-04-07 18:00:00+00:00,5,5,2.04,0.40800000000000003,1.04,15.0,0.0,0
Austin,Point Gage,Spring,2019,67,2019-04-13 18:00:00+00:00,2019-04-13 18:00:00+00:00,1,1,0.28,0.28,0.28,143.0,0.0,0
Austin,Point Gage,Spring,2019,68,2019-04-18 06:00:00+00:00,2019-04-18 12:00:00+00:00,7,7,0.6000000000000001,0.08571428571428573,0.2,107.0,1.0,0
Austin,Point Gage,Spring,2019,69,2019-04-24 14:00:00+00:00,2019-04-25 00:00:00+00:00,11,10,1.64,0.14909090909090908,0.48,145.0,8.0,1
Austin,Point Gage,Spring,2019,70,2019-05-03 10:00:00+00:00,2019-05-03 15:00:00+00:00,6,5,0.48,0.08,0.2,7.0,1.0,1
Austin,Point Gage,Spring,2019,71,2019-05-03 23:00:00+00:00,2019-05-04 06:00:00+00:00,8,8,4.5600000000000005,0.5700000000000001,1.64,7.0,2.0,0
Austin,Point Gage,Spring,2019,72,2019-05-08 01:00:00+00:00,2019-05-08 04:00:00+00:00,4,4,1.44,0.36,0.92,90.0,2.0,0
Austin,Point Gage,Spring,2019,73,2019-05-08 14:00:00+00:00,2019-05-08 20:00:00+00:00,7,3,1.4,0.19999999999999998,1.2,9.0,5.0,4
Austin,Point Gage,Spring,2019,74,2019-05-11 13:00:00+00:00,2019-05-11 19:00:00+00:00,7,2,0.12,0.017142857142857144,0.08,64.0,6.0,5
Austin,Point Gage,Spring,2019,75,2019-05-21 16:00:00+00:00,2019-05-21 16:00:00+00:00,1,1,0.16,0.16,0.16,66.0,0.0,0
Austin,Point Gage,Spring,2019,76,2019-05-30 08:00:00+00:00,2019-05-30 10:00:00+00:00,3,3,0.44000000000000006,0.1466666666666667,0.16,207.0,1.0,0
Austin,Point Gage,Summer,2019,77,2019-06-05 01:00:00+00:00,2019-06-05 10:00:00+00:00,10,5,0.52,0.052000000000000005,0.28,134.0,0.0,5
Austin,Point Gage,Summer,2019,78,2019-06-06 09:00:00+00:00,2019-06-06 13:00:00+00:00,5,3,0.16,0.032,0.08,14.0,0.0,1
Austin,Point Gage,Summer,2019,79,2019-06-06 22:00:00+00:00,2019-06-06 22:00:00+00:00,1,1,0.3999999999999999,0.3999999999999999,0.3999999999999999,8.0,0.0,0
Austin,Point Gage,Summer,2019,80,2019-06-10 02:00:00+00:00,2019-06-10 03:00:00+00:00,2,2,1.1600000000000001,0.5800000000000001,1.12,75.0,0.0,0
Austin,Point Gage,Summer,2019,81,2019-06-17 07:00:00+00:00,2019-06-17 08:00:00+00:00,2,2,0.36000000000000004,0.18000000000000002,0.28,171.0,0.0,0
Austin,Point Gage,Summer,2019,82,2019-08-04 13:00:00+00:00,2019-08-04 14:00:00+00:00,2,2,0.12,0.06,0.08,1156.0,1.0,0
Austin,Point Gage,Summer,2019,83,2019-08-25 02:00:00+00:00,2019-08-25 02:00:00+00:00,1,1,0.4,0.4,0.4,491.0,0.0,0
Austin,Point Gage,Fall,2019,84,2019-09-10 23:00:00+00:00,2019-09-10 23:00:00+00:00,1,1,0.28,0.28,0.28,404.0,0.0,0
Austin,Point Gage,Fall,2019,85,2019-09-19 22:00:00+00:00,2019-09-19 22:00:00+00:00,1,1,0.2799999999999999,0.2799999999999999,0.2799999999999999,195.0,0.0,0
Austin,Point Gage,Fall,2019,86,2019-09-29 10:00:00+00:00,2019-09-29 11:00:00+00:00,2,2,0.2,0.1,0.16,227.0,1.0,0
Austin,Point Gage,Fall,2020,87,2019-10-11 11:00:00+00:00,2019-10-11 17:00:00+00:00,7,2,0.32,0.045714285714285714,0.28,252.0,0.0,5
Austin,Point Gage,Fall,2020,88,2019-10-16 01:00:00+00:00,2019-10-16 02:00:00+00:00,2,2,0.6400000000000001,0.32000000000000006,0.6000000000000001,103.0,0.0,0
Austin,Point Gage,Fall,2020,89,2019-10-21 10:00:00+00:00,2019-10-21 10:00:00+00:00,1,1,0.2,0.2,0.2,117.0,0.0,0
Austin,Point Gage,Fall,2020,90,2019-10-25 02:00:00+00:00,2019-10-25 09:00:00+00:00,8,8,1.8800000000000001,0.23500000000000001,0.52,87.0,0.0,0
Austin,Point Gage,Fall,2020,91,2019-11-08 13:00:00+00:00,2019-11-08 15:00:00+00:00,3,3,0.12,0.04,0.04,12.0,0.0,0
Austin,Point Gage,Fall,2020,92,2019-11-14 13:00:00+00:00,2019-11-15 00:00:00+00:00,12,4,0.16,0.013333333333333334,0.04,56.0,0.0,5
Austin,Point Gage,Fall,2020,93,2019-11-29 11:00:00+00:00,2019-11-29 22:00:00+00:00,12,5,0.2,0.016666666666666666,0.04,346.0,0.0,3
Austin,Point Gage,Winter,2020,94,2019-12-10 14:00:00+00:00,2019-12-10 18:00:00+00:00,5,5,0.48000000000000004,0.096,0.16,255.0,3.0,0
Austin,Point Gage,Winter,2020,95,2019-12-20 21:00:00+00:00,2019-12-21 05:00:00+00:00,9,7,0.48,0.05333333333333333,0.16,242.0,7.0,2
Austin,Point Gage,Winter,2020,96,2020-01-11 04:00:00+00:00,2020-01-11 05:00:00+00:00,2,2,0.64,0.32,0.56,316.0,0.0,0
Austin,Point Gage,Winter,2020,97,2020-01-17 01:00:00+00:00,2020-01-17 04:00:00+00:00,4,3,0.27999999999999997,0.06999999999999999,0.16,33.0,2.0,1
Austin,Point Gage,Winter,2020,98,2020-01-22 09:00:00+00:00,2020-01-23 02:00:00+00:00,18,14,0.9600000000000002,0.053333333333333344,0.12,111.0,6.0,2
Austin,Point Gage,Winter,2020,99,2020-01-28 11:00:00+00:00,2020-01-28 13:00:00+00:00,3,3,0.32,0.10666666666666667,0.16,51.0,2.0,0
Austin,Point Gage,Winter,2020,100,2020-02-10 19:00:00+00:00,2020-02-10 19:00:00+00:00,1,1,0.12,0.12,0.12,23.0,0.0,0
Austin,Point Gage,Winter,2020,101,2020-02-11 22:00:00+00:00,2020-02-12 15:00:00+00:00,18,10,1.28,0.07111111111111111,0.52,10.0,11.0,5
Austin,Point Gage,Winter,2020,102,2020-02-20 10:00:00+00:00,2020-02-20 19:00:00+00:00,10,7,0.39999999999999997,0.039999999999999994,0.12,10.0,4.0,2
Austin,Point Gage,Spring,2020,103,2020-03-04 14:00:00+00:00,2020-03-04 15:00:00+00:00,2,2,0.76,0.38,0.52,306.0,1.0,0
Austin,Point Gage,Spring,2020,104,2020-03-04 23:00:00+00:00,2020-03-05 03:00:00+00:00,5,5,0.48,0.096,0.16,7.0,1.0,0
Austin,Point Gage,Spring,2020,105,2020-03-09 16:00:00+00:00,2020-03-10 00:00:00+00:00,9,5,0.2,0.022222222222222223,0.04,108.0,0.0,3
Austin,Point Gage,Spring,2020,106,2020-03-20 07:00:00+00:00,2020-03-20 23:00:00+00:00,17,11,0.6799999999999999,0.039999999999999994,0.16,17.0,13.0,2
Austin,Point Gage,Spring,2020,107,2020-03-21 22:00:00+00:00,2020-03-22 05:00:00+00:00,8,6,0.8800000000000001,0.11000000000000001,0.32,22.0,2.0,1
Austin,Point Gage,Spring,2020,108,2020-03-30 18:00:00+00:00,2020-03-31 01:00:00+00:00,8,7,0.36,0.045,0.08,49.0,1.0,1
Austin,Point Gage,Spring,2020,109,2020-04-02 23:00:00+00:00,2020-04-03 00:00:00+00:00,2,2,0.27999999999999997,0.13999999999999999,0.24,69.0,0.0,0
Austin,Point Gage,Spring,2020,110,2020-04-03 18:00:00+00:00,2020-04-04 01:00:00+00:00,8,5,1.72,0.215,1.04,9.0,5.0,3
Austin,Point Gage,Spring,2020,111,2020-04-04 12:00:00+00:00,2020-04-04 23:00:00+00:00,12,8,0.6000000000000001,0.05000000000000001,0.12,10.0,0.0,2
Austin,Point Gage,Spring,2020,112,2020-04-09 22:00:00+00:00,2020-04-10 03:00:00+00:00,6,3,0.16,0.02666666666666667,0.08,118.0,0.0,3
Austin,Point Gage,Spring,2020,113,2020-04-29 12:00:00+00:00,2020-04-29 13:00:00+00:00,2,2,0.64,0.32,0.48,160.0,0.0,0
Austin,Point Gage,Spring,2020,114,2020-05-12 16:00:00+00:00,2020-05-13 02:00:00+00:00,11,10,2.24,0.20363636363636364,0.56,314.0,0.0,1
Austin,Point Gage,Spring,2020,115,2020-05-16 04:00:00+00:00,2020-05-16 10:00:00+00:00,7,6,2.96,0.4228571428571429,0.88,73.0,3.0,1
Austin,Point Gage,Spring,2020,116,2020-05-25 01:00:00+00:00,2020-05-25 10:00:00+00:00,10,10,2.5600000000000005,0.25600000000000006,0.64,206.0,0.0,0
Austin,Point Gage,Spring,2020,117,2020-05-26 15:00:00+00:00,2020-05-26 16:00:00+00:00,2,2,0.52,0.26,0.4,8.0,0.0,0
Austin,Point Gage,Spring,2020,118,2020-05-28 02:00:00+00:00,2020-05-28 02:00:00+00:00,1,1,0.6,0.6,0.6,33.0,0.0,0
Austin,Point Gage,Summer,2020,119,2020-06-20 12:00:00+00:00,2020-06-20 14:00:00+00:00,3,3,0.56,0.18666666666666668,0.4,105.0,1.0,0
Austin,Point Gage,Summer,2020,120,2020-06-23 14:00:00+00:00,2020-06-23 17:00:00+00:00,4,4,0.9600000000000001,0.24000000000000002,0.6000000000000001,71.0,0.0,0
Austin,Point Gage,Summer,2020,121,2020-06-26 16:00:00+00:00,2020-06-26 19:00:00+00:00,4,4,0.76,0.19,0.56,42.0,1.0,0
Austin,Point Gage,Summer,2020,122,2020-07-26 00:00:00+00:00,2020-07-26 01:00:00+00:00,2,2,0.12,0.06,0.08,645.0,0.0,0
Austin,Point Gage,Summer,2020,123,2020-07-31 22:00:00+00:00,2020-07-31 23:00:00+00:00,2,2,0.68,0.34,0.52,123.0,1.0,0
Austin,Point Gage,Summer,2020,124,2020-08-22 13:00:00+00:00,2020-08-22 16:00:00+00:00,4,4,1.08,0.27,0.8,473.0,0.0,0
Austin,Point Gage,Fall,2020,125,2020-09-02 17:00:00+00:00,2020-09-02 22:00:00+00:00,6,4,0.2,0.03333333333333333,0.08,264.0,5.0,2
Austin,Point Gage,Fall,2020,126,2020-09-03 20:00:00+00:00,2020-09-03 23:00:00+00:00,4,4,1.4000000000000001,0.35000000000000003,1.24,21.0,1.0,0
Austin,Point Gage,Fall,2020,127,2020-09-04 11:00:00+00:00,2020-09-05 01:00:00+00:00,15,9,1.44,0.096,0.5599999999999999,11.0,3.0,5
Austin,Point Gage,Fall,2020,128,2020-09-09 13:00:00+00:00,2020-09-09 23:00:00+00:00,11,8,1.8399999999999999,0.16727272727272727,0.92,107.0,9.0,3
Austin,Point Gage,Fall,2020,129,2020-09-10 06:00:00+00:00,2020-09-10 14:00:00+00:00,9,4,0.2,0.022222222222222223,0.08,6.0,1.0,5
Austin,Point Gage,Fall,2020,130,2020-09-21 03:00:00+00:00,2020-09-21 04:00:00+00:00,2,2,0.2,0.1,0.12,252.0,1.0,0
Austin,Point Gage,Fall,2020,131,2020-09-21 15:00:00+00:00,2020-09-22 00:00:00+00:00,10,4,0.44,0.044,0.16,10.0,5.0,4
Austin,Point Gage,Fall,2021,132,2020-10-28 07:00:00+00:00,2020-10-28 15:00:00+00:00,9,4,0.24000000000000002,0.02666666666666667,0.12,36.0,2.0,5
Austin,Point Gage,Fall,2021,133,2020-11-28 18:00:00+00:00,2020-11-29 04:00:00+00:00,11,10,0.6400000000000001,0.058181818181818196,0.12,97.0,5.0,1
Austin,Point Gage,Winter,2021,134,2020-12-19 14:00:00+00:00,2020-12-19 19:00:00+00:00,6,6,0.92,0.15333333333333335,0.32,140.0,1.0,0
Austin,Point Gage,Winter,2021,135,2020-12-30 18:00:00+00:00,2020-12-31 00:00:00+00:00,7,6,0.64,0.09142857142857143,0.28,262.0,4.0,1
Austin,Point Gage,Winter,2021,136,2020-12-31 07:00:00+00:00,2021-01-01 00:00:00+00:00,18,14,1.6400000000000001,0.09111111111111111,0.2799999999999999,6.0,11.0,3
Austin,Point Gage,Winter,2021,137,2021-01-06 17:00:00+00:00,2021-01-06 17:00:00+00:00,1,1,0.36,0.36,0.36,136.0,0.0,0
Austin,Point Gage,Winter,2021,138,2021-01-10 13:00:00+00:00,2021-01-11 10:00:00+00:00,22,15,1.0,0.045454545454545456,0.24,91.0,4.0,3
Austin,Point Gage,Winter,2021,139,2021-02-11 17:00:00+00:00,2021-02-12 00:00:00+00:00,8,8,0.44000000000000006,0.05500000000000001,0.12,143.0,3.0,0
Austin,Point Gage,Winter,2021,140,2021-02-15 19:00:00+00:00,2021-02-15 22:00:00+00:00,4,3,0.16,0.04,0.08,90.0,0.0,1
Austin,Point Gage,Winter,2021,141,2021-02-16 19:00:00+00:00,2021-02-16 21:00:00+00:00,3,3,0.16,0.05333333333333334,0.08,20.0,2.0,0
Austin,Point Gage,Winter,2021,142,2021-02-17 09:00:00+00:00,2021-02-17 23:00:00+00:00,15,10,0.56,0.037333333333333336,0.08,11.0,1.0,2
Austin,Point Gage,Winter,2021,143,2021-02-18 20:00:00+00:00,2021-02-18 23:00:00+00:00,4,4,0.16,0.04,0.04,20.0,0.0,0
Austin,Point Gage,Winter,2021,144,2021-02-19 18:00:00+00:00,2021-02-19 19:00:00+00:00,2,2,0.12,0.06,0.08,18.0,0.0,0
Austin,Point Gage,Spring,2021,145,2021-03-13 14:00:00+00:00,2021-03-13 18:00:00+00:00,5,4,0.2,0.04,0.08,366.0,2.0,1
Austin,Point Gage,Spring,2021,146,2021-03-23 06:00:00+00:00,2021-03-23 08:00:00+00:00,3,2,0.39999999999999997,0.13333333333333333,0.36,210.0,0.0,1
Austin,Point Gage,Spring,2021,147,2021-03-25 09:00:00+00:00,2021-03-25 11:00:00+00:00,3,2,0.27999999999999997,0.09333333333333332,0.24,48.0,2.0,1
Austin,Point Gage,Spring,2021,148,2021-04-03 15:00:00+00:00,2021-04-03 18:00:00+00:00,4,4,0.48,0.12,0.24,219.0,0.0,0
Austin,Point Gage,Spring,2021,149,2021-04-23 17:00:00+00:00,2021-04-23 22:00:00+00:00,6,4,0.4,0.06666666666666667,0.24,162.0,5.0,2
Austin,Point Gage,Spring,2021,150,2021-04-29 05:00:00+00:00,2021-04-29 13:00:00+00:00,9,6,0.36,0.04,0.16,126.0,8.0,3
Austin,Point Gage,Spring,2021,151,2021-04-29 21:00:00+00:00,2021-04-30 09:00:00+00:00,13,6,0.32,0.024615384615384615,0.12,7.0,3.0,2
Austin,Point Gage,Spring,2021,152,2021-04-30 20:00:00+00:00,2021-05-01 07:00:00+00:00,12,8,1.4,0.11666666666666665,0.32,10.0,9.0,4
Austin,Point Gage,Spring,2021,153,2021-05-01 21:00:00+00:00,2021-05-01 22:00:00+00:00,2,2,1.44,0.72,0.96,13.0,1.0,0
Austin,Point Gage,Spring,2021,154,2021-05-12 01:00:00+00:00,2021-05-12 07:00:00+00:00,7,3,0.48,0.06857142857142857,0.4,176.0,3.0,2
Austin,Point Gage,Spring,2021,155,2021-05-16 13:00:00+00:00,2021-05-16 18:00:00+00:00,6,4,0.4799999999999999,0.07999999999999999,0.2799999999999999,101.0,5.0,1
Austin,Point Gage,Spring,2021,156,2021-05-17 15:00:00+00:00,2021-05-17 21:00:00+00:00,7,2,0.6,0.08571428571428572,0.52,20.0,6.0,5
Austin,Point Gage,Spring,2021,157,2021-05-18 23:00:00+00:00,2021-05-19 00:00:00+00:00,2,2,0.36000000000000004,0.18000000000000002,0.28,25.0,0.0,0
Austin,Point Gage,Spring,2021,158,2021-05-22 14:00:00+00:00,2021-05-22 20:00:00+00:00,7,6,0.52,0.07428571428571429,0.16,85.0,3.0,1
Austin,Point Gage,Spring,2021,159,2021-05-24 00:00:00+00:00,2021-05-24 02:00:00+00:00,3,3,0.16,0.05333333333333334,0.08,6.0,0.0,0
Austin,Point Gage,Spring,2021,160,2021-05-29 01:00:00+00:00,2021-05-29 05:00:00+00:00,5,4,1.36,0.272,0.92,108.0,0.0,1
Austin,Point Gage,Spring,2021,161,2021-05-31 00:00:00+00:00,2021-05-31 03:00:00+00:00,4,4,0.8400000000000001,0.21000000000000002,0.4,42.0,0.0,0
Austin,Point Gage,Summer,2021,162,2021-06-01 05:00:00+00:00,2021-06-01 09:00:00+00:00,5,5,1.0,0.2,0.32,12.0,0.0,0
Austin,Point Gage,Summer,2021,163,2021-06-03 04:00:00+00:00,2021-06-03 08:00:00+00:00,5,3,0.8800000000000001,0.17600000000000002,0.68,42.0,1.0,2
Austin,Point Gage,Summer,2021,164,2021-06-03 17:00:00+00:00,2021-06-04 00:00:00+00:00,8,7,0.76,0.095,0.2,8.0,1.0,1
Austin,Point Gage,Summer,2021,165,2021-06-05 00:00:00+00:00,2021-06-05 02:00:00+00:00,3,2,0.16,0.05333333333333334,0.12,23.0,0.0,1
Austin,Point Gage,Summer,2021,166,2021-06-29 10:00:00+00:00,2021-06-29 12:00:00+00:00,3,3,0.24000000000000002,0.08,0.12,499.0,1.0,0
Austin,Point Gage,Summer,2021,167,2021-07-04 20:00:00+00:00,2021-07-04 21:00:00+00:00,2,2,1.2,0.6,0.76,119.0,0.0,0
Austin,Point Gage,Summer,2021,168,2021-07-05 21:00:00+00:00,2021-07-05 22:00:00+00:00,2,2,0.16,0.08,0.12,23.0,1.0,0
Austin,Point Gage,Summer,2021,169,2021-07-09 02:00:00+00:00,2021-07-09 05:00:00+00:00,4,4,0.2,0.05,0.08,36.0,2.0,0
Austin,Point Gage,Summer,2021,170,2021-07-09 15:00:00+00:00,2021-07-09 20:00:00+00:00,6,4,0.28,0.04666666666666667,0.16,9.0,5.0,2
Austin,Point Gage,Summer,2021,171,2021-07-10 12:00:00+00:00,2021-07-10 14:00:00+00:00,3,3,0.4,0.13333333333333333,0.28,15.0,1.0,0
Austin,Point Gage,Summer,2021,172,2021-07-13 22:00:00+00:00,2021-07-13 22:00:00+00:00,1,1,0.24,0.24,0.24,79.0,0.0,0
Austin,Point Gage,Summer,2021,173,2021-08-02 09:00:00+00:00,2021-08-03 02:00:00+00:00,18,7,0.8,0.044444444444444446,0.36,270.0,5.0,4
Austin,Point Gage,Summer,2021,174,2021-08-15 20:00:00+00:00,2021-08-15 23:00:00+00:00,4,4,3.04,0.76,1.88,239.0,0.0,0
Austin,Point Gage,Fall,2021,175,2021-09-29 04:00:00+00:00,2021-09-29 15:00:00+00:00,12,6,1.28,0.10666666666666667,0.92,528.0,0.0,5
Austin,Point Gage,Fall,2022,176,2021-10-01 11:00:00+00:00,2021-10-01 15:00:00+00:00,5,5,0.6000000000000001,0.12000000000000002,0.36,43.0,0.0,0
Austin,Point Gage,Fall,2022,177,2021-10-02 03:00:00+00:00,2021-10-02 04:00:00+00:00,2,2,0.12,0.06,0.08,11.0,1.0,0
Austin,Point Gage,Winter,2022,178,2022-01-08 08:00:00+00:00,2022-01-08 13:00:00+00:00,6,3,0.12,0.02,0.04,2355.0,0.0,2
Austin,Point Gage,Winter,2022,179,2022-01-24 15:00:00+00:00,2022-01-24 22:00:00+00:00,8,3,0.12,0.015,0.04,385.0,0.0,4
Austin,Point Gage,Winter,2022,180,2022-01-31 13:00:00+00:00,2022-02-01 04:00:00+00:00,16,13,1.92,0.12,0.4,158.0,2.0,3
Austin,Point Gage,Winter,2022,181,2022-02-02 21:00:00+00:00,2022-02-03 13:00:00+00:00,17,15,2.4400000000000004,0.1435294117647059,0.6,40.0,11.0,2
Austin,Point Gage,Winter,2022,182,2022-02-04 19:00:00+00:00,2022-02-05 00:00:00+00:00,6,5,0.39999999999999997,0.06666666666666667,0.12,29.0,1.0,1
Austin,Point Gage,Spring,2022,183,2022-03-21 12:00:00+00:00,2022-03-21 16:00:00+00:00,5,2,0.12,0.024,0.08,337.0,4.0,3
Austin,Point Gage,Spring,2022,184,2022-03-22 00:00:00+00:00,2022-03-22 08:00:00+00:00,9,4,0.8,0.08888888888888889,0.52,7.0,1.0,3
Austin,Point Gage,Spring,2022,185,2022-03-30 12:00:00+00:00,2022-03-30 12:00:00+00:00,1,1,0.2,0.2,0.2,195.0,0.0,0
Austin,Point Gage,Spring,2022,186,2022-04-25 15:00:00+00:00,2022-04-25 22:00:00+00:00,8,7,1.56,0.195,0.56,339.0,5.0,1
Austin,Point Gage,Spring,2022,187,2022-04-26 13:00:00+00:00,2022-04-26 14:00:00+00:00,2,2,0.16,0.08,0.08,14.0,0.0,0
Austin,Point Gage,Spring,2022,188,2022-05-01 08:00:00+00:00,2022-05-01 09:00:00+00:00,2,2,0.12,0.06,0.08,113.0,0.0,0
Austin,Point Gage,Spring,2022,189,2022-05-06 00:00:00+00:00,2022-05-06 01:00:00+00:00,2,2,0.16,0.08,0.12,15.0,1.0,0
Austin,Point Gage,Spring,2022,190,2022-05-22 06:00:00+00:00,2022-05-22 06:00:00+00:00,1,1,0.16,0.16,0.16,377.0,0.0,0
Austin,Point Gage,Spring,2022,191,2022-05-25 06:00:00+00:00,2022-05-25 09:00:00+00:00,4,4,1.08,0.27,0.76,71.0,0.0,0
Austin,Point Gage,Summer,2022,192,2022-06-04 13:00:00+00:00,2022-06-04 14:00:00+00:00,2,2,0.4,0.2,0.24,243.0,0.0,0
Austin,Point Gage,Summer,2022,193,2022-06-28 00:00:00+00:00,2022-06-28 06:00:00+00:00,7,7,0.88,0.12571428571428572,0.4,561.0,2.0,0
Austin,Point Gage,Summer,2022,194,2022-08-18 21:00:00+00:00,2022-08-18 23:00:00+00:00,3,3,1.3199999999999998,0.43999999999999995,0.88,1238.0,1.0,0
Austin,Point Gage,Summer,2022,195,2022-08-19 15:00:00+00:00,2022-08-19 15:00:00+00:00,1,1,0.28,0.28,0.28,15.0,0.0,0
Austin,Point Gage,Summer,2022,196,2022-08-19 22:00:00+00:00,2022-08-19 22:00:00+00:00,1,1,0.12,0.12,0.12,6.0,0.0,0
Austin,Point Gage,Summer,2022,197,2022-08-22 22:00:00+00:00,2022-08-23 00:00:00+00:00,3,3,2.2,0.7333333333333334,2.0,71.0,1.0,0
Austin,Point Gage,Summer,2022,198,2022-08-23 11:00:00+00:00,2022-08-23 15:00:00+00:00,5,3,0.2,0.04,0.12,10.0,3.0,2
Austin,Point Gage,Summer,2022,199,2022-08-30 20:00:00+00:00,2022-08-30 22:00:00+00:00,3,3,0.2,0.06666666666666667,0.08,63.0,0.0,0
Austin,Point Gage,Fall,2022,200,2022-09-01 03:00:00+00:00,2022-09-01 05:00:00+00:00,3,3,0.88,0.29333333333333333,0.76,28.0,0.0,0
Austin,Point Gage,Fall,2022,201,2022-09-03 21:00:00+00:00,2022-09-03 22:00:00+00:00,2,2,0.12,0.06,0.08,63.0,0.0,0
Austin,Point Gage,Fall,2022,202,2022-09-08 03:00:00+00:00,2022-09-08 04:00:00+00:00,2,2,0.8400000000000001,0.42000000000000004,0.8,69.0,1.0,0
Austin,Point Gage,Fall,2023,203,2022-10-17 05:00:00+00:00,2022-10-17 14:00:00+00:00,10,6,0.56,0.05600000000000001,0.36,936.0,1.0,2
Austin,Point Gage,Fall,2023,204,2022-10-24 20:00:00+00:00,2022-10-24 20:00:00+00:00,1,1,0.12,0.12,0.12,173.0,0.0,0
Austin,Point Gage,Fall,2023,205,2022-10-25 04:00:00+00:00,2022-10-25 05:00:00+00:00,2,2,0.52,0.26,0.48,7.0,0.0,0
Austin,Point Gage,Fall,2023,206,2022-10-28 15:00:00+00:00,2022-10-28 17:00:00+00:00,3,3,0.39999999999999997,0.13333333333333333,0.32,81.0,0.0,0
Austin,Point Gage,Fall,2023,207,2022-11-05 02:00:00+00:00,2022-11-05 03:00:00+00:00,2,2,0.9600000000000001,0.48000000000000004,0.92,9.0,0.0,0
Austin,Point Gage,Fall,2023,208,2022-11-07 18:00:00+00:00,2022-11-07 20:00:00+00:00,3,2,0.16,0.05333333333333334,0.12,62.0,2.0,1
Austin,Point Gage,Fall,2023,209,2022-11-11 20:00:00+00:00,2022-11-11 23:00:00+00:00,4,4,0.56,0.14,0.24,62.0,1.0,0
Austin,Point Gage,Fall,2023,210,2022-11-14 18:00:00+00:00,2022-11-14 20:00:00+00:00,3,2,0.16,0.05333333333333334,0.12,66.0,2.0,1
Austin,Point Gage,Fall,2023,211,2022-11-19 17:00:00+00:00,2022-11-19 21:00:00+00:00,5,5,0.28,0.05600000000000001,0.08,116.0,0.0,0
Austin,Point Gage,Fall,2023,212,2022-11-21 14:00:00+00:00,2022-11-22 03:00:00+00:00,14,5,0.24000000000000002,0.017142857142857144,0.08,40.0,7.0,5
Austin,Point Gage,Fall,2023,213,2022-11-24 06:00:00+00:00,2022-11-25 00:00:00+00:00,19,6,0.44,0.023157894736842106,0.16,33.0,1.0,4
Austin,Point Gage,Fall,2023,214,2022-11-26 00:00:00+00:00,2022-11-26 13:00:00+00:00,14,10,1.44,0.10285714285714286,0.48,23.0,8.0,3
Austin,Point Gage,Winter,2023,215,2022-12-19 13:00:00+00:00,2022-12-19 21:00:00+00:00,9,9,1.8,0.2,0.92,140.0,2.0,0
Austin,Point Gage,Winter,2023,216,2023-01-24 13:00:00+00:00,2023-01-24 20:00:00+00:00,8,8,0.56,0.07,0.12,508.0,3.0,0
Austin,Point Gage,Winter,2023,217,2023-01-29 14:00:00+00:00,2023-01-29 18:00:00+00:00,5,2,0.24000000000000002,0.048,0.2,24.0,4.0,3
Austin,Point Gage,Winter,2023,218,2023-02-02 08:00:00+00:00,2023-02-02 17:00:00+00:00,10,7,0.44,0.044,0.12,8.0,4.0,2
Austin,Point Gage,Winter,2023,219,2023-02-07 21:00:00+00:00,2023-02-08 11:00:00+00:00,15,7,0.48,0.032,0.2,123.0,8.0,4
Austin,Point Gage,Winter,2023,220,2023-02-16 09:00:00+00:00,2023-02-16 09:00:00+00:00,1,1,0.12,0.12,0.12,161.0,0.0,0
Austin,Point Gage,Spring,2023,221,2023-03-03 03:00:00+00:00,2023-03-03 07:00:00+00:00,5,4,0.8800000000000001,0.17600000000000002,0.6,14.0,0.0,1
Austin,Point Gage,Spring,2023,222,2023-03-17 04:00:00+00:00,2023-03-17 10:00:00+00:00,7,2,0.6000000000000001,0.08571428571428573,0.56,332.0,0.0,5
Austin,Point Gage,Spring,2023,223,2023-03-21 07:00:00+00:00,2023-03-21 18:00:00+00:00,12,5,0.2,0.016666666666666666,0.04,92.0,0.0,5
Austin,Point Gage,Spring,2023,224,2023-04-06 12:00:00+00:00,2023-04-06 22:00:00+00:00,11,9,2.08,0.1890909090909091,0.52,306.0,4.0,1
Austin,Point Gage,Spring,2023,225,2023-04-07 09:00:00+00:00,2023-04-08 00:00:00+00:00,16,10,0.6799999999999999,0.042499999999999996,0.16,10.0,15.0,2
Austin,Point Gage,Spring,2023,226,2023-04-21 03:00:00+00:00,2023-04-21 06:00:00+00:00,4,4,0.2,0.05,0.08,314.0,3.0,0
Austin,Point Gage,Spring,2023,227,2023-04-26 02:00:00+00:00,2023-04-26 02:00:00+00:00,1,1,0.16,0.16,0.16,115.0,0.0,0
Austin,Point Gage,Spring,2023,228,2023-04-27 07:00:00+00:00,2023-04-27 07:00:00+00:00,1,1,0.8,0.8,0.8,14.0,0.0,0
Austin,Point Gage,Spring,2023,229,2023-04-29 00:00:00+00:00,2023-04-29 00:00:00+00:00,1,1,0.32,0.32,0.32,40.0,0.0,0
Austin,Point Gage,Spring,2023,230,2023-05-09 23:00:00+00:00,2023-05-10 09:00:00+00:00,11,3,0.24000000000000002,0.02181818181818182,0.16,262.0,0.0,4
Austin,Point Gage,Spring,2023,231,2023-05-13 08:00:00+00:00,2023-05-13 18:00:00+00:00,11,9,1.8399999999999999,0.16727272727272727,0.76,9.0,1.0,1
Austin,Point Gage,Spring,2023,232,2023-05-14 13:00:00+00:00,2023-05-14 18:00:00+00:00,6,3,0.32,0.05333333333333334,0.16,18.0,4.0,3
Austin,Point Gage,Spring,2023,233,2023-05-16 04:00:00+00:00,2023-05-16 06:00:00+00:00,3,2,0.36,0.12,0.32,33.0,0.0,1
Austin,Point Gage,Spring,2023,234,2023-05-24 10:00:00+00:00,2023-05-24 12:00:00+00:00,3,3,0.8,0.26666666666666666,0.6,58.0,0.0,0
Austin,Point Gage,Summer,2023,235,2023-06-04 03:00:00+00:00,2023-06-04 04:00:00+00:00,2,2,0.24000000000000002,0.12000000000000001,0.2,254.0,1.0,0
Austin,Point Gage,Summer,2023,236,2023-06-05 10:00:00+00:00,2023-06-05 13:00:00+00:00,4,4,1.2000000000000002,0.30000000000000004,0.68,29.0,2.0,0
Austin,Point Gage,Summer,2023,237,2023-06-10 10:00:00+00:00,2023-06-10 12:00:00+00:00,3,3,0.52,0.17333333333333334,0.32,105.0,1.0,0
Austin,Point Gage,Summer,2023,238,2023-06-22 02:00:00+00:00,2023-06-22 03:00:00+00:00,2,2,0.52,0.26,0.48,277.0,0.0,0
Austin,Point Gage,Summer,2023,239,2023-06-22 16:00:00+00:00,2023-06-22 17:00:00+00:00,2,2,0.16,0.08,0.12,12.0,1.0,0
Austin,Point Gage,Fall,2023,240,2023-09-15 01:00:00+00:00,2023-09-15 03:00:00+00:00,3,2,0.24000000000000002,0.08,0.2,12.0,0.0,1
Austin,Point Gage,Fall,2023,241,2023-09-16 19:00:00+00:00,2023-09-16 19:00:00+00:00,1,1,0.52,0.52,0.52,22.0,0.0,0
Austin,Point Gage,Fall,2023,242,2023-09-25 04:00:00+00:00,2023-09-25 05:00:00+00:00,2,2,0.72,0.36,0.6,200.0,1.0,0
Austin,Point Gage,Fall,2024,243,2023-10-05 10:00:00+00:00,2023-10-05 15:00:00+00:00,6,6,2.12,0.35333333333333333,1.28,244.0,2.0,0
Austin,Point Gage,Fall,2024,244,2023-10-23 11:00:00+00:00,2023-10-23 14:00:00+00:00,4,4,1.08,0.27,0.88,427.0,1.0,0
Austin,Point Gage,Fall,2024,245,2023-10-23 21:00:00+00:00,2023-10-24 00:00:00+00:00,4,2,0.2,0.05,0.16,6.0,0.0,2
Austin,Point Gage,Fall,2024,246,2023-10-25 00:00:00+00:00,2023-10-25 01:00:00+00:00,2,2,0.84,0.42,0.76,23.0,0.0,0
Austin,Point Gage,Fall,2024,247,2023-10-26 14:00:00+00:00,2023-10-26 21:00:00+00:00,8,7,2.52,0.315,0.76,15.0,0.0,1
Austin,Point Gage,Fall,2024,248,2023-10-28 00:00:00+00:00,2023-10-28 01:00:00+00:00,2,2,0.48000000000000004,0.24000000000000002,0.28,26.0,0.0,0
Austin,Point Gage,Fall,2024,249,2023-10-30 04:00:00+00:00,2023-10-30 12:00:00+00:00,9,7,0.48,0.05333333333333333,0.16,8.0,7.0,1
Austin,Point Gage,Fall,2024,250,2023-11-09 20:00:00+00:00,2023-11-10 11:00:00+00:00,16,12,1.04,0.065,0.24,247.0,12.0,1
Austin,Point Gage,Fall,2024,251,2023-11-13 04:00:00+00:00,2023-11-13 09:00:00+00:00,6,3,0.12,0.02,0.04,10.0,0.0,2
Austin,Point Gage,Fall,2024,252,2023-11-30 13:00:00+00:00,2023-11-30 21:00:00+00:00,9,4,0.16,0.017777777777777778,0.04,253.0,0.0,3
Austin,Point Gage,Winter,2024,253,2023-12-15 23:00:00+00:00,2023-12-16 01:00:00+00:00,3,3,0.2,0.06666666666666667,0.12,36.0,0.0,0
Austin,Point Gage,Winter,2024,254,2023-12-21 15:00:00+00:00,2023-12-21 18:00:00+00:00,4,3,0.16,0.04,0.08,121.0,0.0,1
Austin,Point Gage,Winter,2024,255,2023-12-22 10:00:00+00:00,2023-12-22 12:00:00+00:00,3,3,0.12,0.04,0.04,15.0,0.0,0
Austin,Point Gage,Winter,2024,256,2023-12-24 00:00:00+00:00,2023-12-24 18:00:00+00:00,19,11,2.2,0.11578947368421054,1.04,35.0,14.0,3
Austin,Point Gage,Winter,2024,257,2024-01-02 22:00:00+00:00,2024-01-03 04:00:00+00:00,7,7,1.04,0.14857142857142858,0.32,219.0,2.0,0
Austin,Point Gage,Winter,2024,258,2024-01-05 04:00:00+00:00,2024-01-05 09:00:00+00:00,6,3,0.12,0.02,0.04,47.0,0.0,3
Austin,Point Gage,Winter,2024,259,2024-01-08 10:00:00+00:00,2024-01-08 15:00:00+00:00,6,4,0.2,0.03333333333333333,0.08,72.0,1.0,1
Austin,Point Gage,Winter,2024,260,2024-01-22 07:00:00+00:00,2024-01-22 18:00:00+00:00,12,11,3.12,0.26,0.96,327.0,3.0,1
Austin,Point Gage,Winter,2024,261,2024-01-24 07:00:00+00:00,2024-01-25 09:00:00+00:00,27,19,1.1600000000000001,0.04296296296296297,0.12,10.0,1.0,5
Austin,Point Gage,Winter,2024,262,2024-02-03 05:00:00+00:00,2024-02-03 11:00:00+00:00,7,3,0.32,0.045714285714285714,0.2,211.0,1.0,4
Austin,Point Gage,Winter,2024,263,2024-02-10 16:00:00+00:00,2024-02-11 00:00:00+00:00,9,4,0.8,0.08888888888888889,0.56,172.0,2.0,5
Austin,Point Gage,Spring,2024,264,2024-03-08 14:00:00+00:00,2024-03-08 14:00:00+00:00,1,1,0.52,0.52,0.52,637.0,0.0,0
Austin,Point Gage,Spring,2024,265,2024-03-17 08:00:00+00:00,2024-03-17 15:00:00+00:00,8,5,0.9200000000000002,0.11500000000000002,0.56,16.0,1.0,3
Austin,Point Gage,Spring,2024,266,2024-03-25 12:00:00+00:00,2024-03-25 12:00:00+00:00,1,1,0.12,0.12,0.12,79.0,0.0,0
Austin,Point Gage,Spring,2024,267,2024-04-08 23:00:00+00:00,2024-04-08 23:00:00+00:00,1,1,0.12,0.12,0.12,33.0,0.0,0
Austin,Point Gage,Spring,2024,268,2024-04-09 15:00:00+00:00,2024-04-09 15:00:00+00:00,1,1,0.12,0.12,0.12,15.0,0.0,0
Austin,Point Gage,Spring,2024,269,2024-04-10 02:00:00+00:00,2024-04-10 10:00:00+00:00,9,6,0.68,0.07555555555555556,0.28,10.0,0.0,3
Austin,Point Gage,Spring,2024,270,2024-04-21 00:00:00+00:00,2024-04-21 06:00:00+00:00,7,6,0.8,0.1142857142857143,0.28,253.0,4.0,1
Austin,Point Gage,Spring,2024,271,2024-04-28 13:00:00+00:00,2024-04-28 21:00:00+00:00,9,6,0.92,0.10222222222222223,0.44,174.0,2.0,3
Austin,Point Gage,Spring,2024,272,2024-05-02 02:00:00+00:00,2024-05-02 03:00:00+00:00,2,2,1.6,0.8,0.88,76.0,0.0,0
Austin,Point Gage,Spring,2024,273,2024-05-05 09:00:00+00:00,2024-05-05 10:00:00+00:00,2,2,0.76,0.38,0.72,37.0,0.0,0
Austin,Point Gage,Spring,2024,274,2024-05-13 19:00:00+00:00,2024-05-13 20:00:00+00:00,2,2,0.12,0.06,0.08,200.0,1.0,0
Austin,Point Gage,Spring,2024,275,2024-05-16 20:00:00+00:00,2024-05-16 23:00:00+00:00,4,4,1.2,0.3,0.64,71.0,2.0,0
Austin,Point Gage,Spring,2024,276,2024-05-29 06:00:00+00:00,2024-05-29 08:00:00+00:00,3,3,0.31999999999999995,0.10666666666666665,0.24,294.0,1.0,0
Austin,Point Gage,Spring,2024,277,2024-05-31 11:00:00+00:00,2024-05-31 13:00:00+00:00,3,3,1.04,0.3466666666666667,0.92,50.0,1.0,0
Austin,Point Gage,Summer,2024,278,2024-06-11 23:00:00+00:00,2024-06-12 01:00:00+00:00,3,3,0.12,0.04,0.04,150.0,0.0,0
Austin,Point Gage,Summer,2024,279,2024-06-19 21:00:00+00:00,2024-06-20 08:00:00+00:00,12,11,1.44,0.12,0.44,187.0,6.0,1
Austin,Point Gage,Summer,2024,280,2024-07-06 23:00:00+00:00,2024-07-07 05:00:00+00:00,7,6,0.36,0.05142857142857143,0.08,380.0,0.0,1
Austin,Point Gage,Summer,2024,281,2024-07-18 15:00:00+00:00,2024-07-18 17:00:00+00:00,3,2,0.27999999999999997,0.09333333333333332,0.24,273.0,0.0,1
Austin,Point Gage,Summer,2024,282,2024-07-21 21:00:00+00:00,2024-07-22 00:00:00+00:00,4,4,0.32,0.08,0.16,75.0,2.0,0
Austin,Point Gage,Summer,2024,283,2024-07-23 04:00:00+00:00,2024-07-23 06:00:00+00:00,3,3,0.32,0.10666666666666667,0.16,27.0,1.0,0
Austin,Point Gage,Summer,2024,284,2024-07-23 18:00:00+00:00,2024-07-23 22:00:00+00:00,5,4,0.24000000000000002,0.048,0.08,11.0,0.0,1
Austin,Point Gage,Summer,2024,285,2024-07-26 02:00:00+00:00,2024-07-26 03:00:00+00:00,2,2,0.12,0.06,0.08,51.0,1.0,0
Austin,Point Gage,Summer,2024,286,2024-08-04 20:00:00+00:00,2024-08-05 00:00:00+00:00,5,3,2.56,0.512,1.48,171.0,1.0,2
Austin,Point Gage,Summer,2024,287,2024-08-27 10:00:00+00:00,2024-08-27 15:00:00+00:00,6,4,0.4,0.06666666666666667,0.2,537.0,1.0,2
Austin,Point Gage,Fall,2024,288,2024-09-04 01:00:00+00:00,2024-09-04 04:00:00+00:00,4,3,0.28,0.07,0.2,177.0,0.0,1
Austin,Point Gage,Fall,2024,289,2024-09-06 00:00:00+00:00,2024-09-06 00:00:00+00:00,1,1,0.12,0.12,0.12,43.0,0.0,0
Austin,Point Gage,Fall,2025,290,2024-11-05 05:00:00+00:00,2024-11-05 09:00:00+00:00,5,5,2.0400000000000005,0.4080000000000001,0.64,50.0,0.0,0
Austin,Point Gage,Fall,2025,291,2024-11-18 10:00:00+00:00,2024-11-18 18:00:00+00:00,9,5,0.28,0.031111111111111114,0.08,305.0,6.0,3
Austin,Point Gage,Winter,2025,292,2024-12-04 13:00:00+00:00,2024-12-04 20:00:00+00:00,8,5,0.2,0.025,0.04,378.0,0.0,1
Austin,Point Gage,Winter,2025,293,2024-12-07 15:00:00+00:00,2024-12-08 02:00:00+00:00,12,5,0.44,0.03666666666666667,0.16,66.0,0.0,4
Austin,Point Gage,Winter,2025,294,2024-12-13 21:00:00+00:00,2024-12-14 12:00:00+00:00,16,6,0.28,0.0175,0.08,100.0,6.0,3
Austin,Point Gage,Winter,2025,295,2025-01-09 21:00:00+00:00,2025-01-10 05:00:00+00:00,9,9,0.7999999999999999,0.08888888888888888,0.16,290.0,4.0,0
Austin,Point Gage,Winter,2025,296,2025-01-26 08:00:00+00:00,2025-01-26 17:00:00+00:00,10,4,0.16,0.016,0.04,107.0,0.0,4
Austin,Point Gage,Winter,2025,297,2025-01-30 10:00:00+00:00,2025-01-30 16:00:00+00:00,7,6,0.7999999999999999,0.11428571428571428,0.48,14.0,5.0,1
Austin,Point Gage,Winter,2025,298,2025-02-11 15:00:00+00:00,2025-02-12 15:00:00+00:00,25,12,1.96,0.0784,0.56,286.0,4.0,5
Austin,Point Gage,Winter,2025,299,2025-02-18 23:00:00+00:00,2025-02-19 02:00:00+00:00,4,4,0.16,0.04,0.04,87.0,0.0,0
Austin,Point Gage,Spring,2025,300,2025-03-04 09:00:00+00:00,2025-03-04 14:00:00+00:00,6,4,0.28,0.04666666666666667,0.16,218.0,5.0,2
Austin,Point Gage,Spring,2025,301,2025-03-24 04:00:00+00:00,2025-03-24 04:00:00+00:00,1,1,1.12,1.12,1.12,209.0,0.0,0
Austin,Point Gage,Spring,2025,302,2025-03-27 03:00:00+00:00,2025-03-27 03:00:00+00:00,1,1,0.16,0.16,0.16,70.0,0.0,0
Austin,Point Gage,Spring,2025,303,2025-03-27 21:00:00+00:00,2025-03-28 02:00:00+00:00,6,5,0.8,0.13333333333333333,0.28,17.0,0.0,1
Austin,Point Gage,Spring,2025,304,2025-04-20 14:00:00+00:00,2025-04-20 16:00:00+00:00,3,2,0.16,0.05333333333333334,0.08,357.0,0.0,1
Austin,Point Gage,Spring,2025,305,2025-04-23 02:00:00+00:00,2025-04-23 02:00:00+00:00,1,1,0.36,0.36,0.36,57.0,0.0,0
Austin,Point Gage,Spring,2025,306,2025-04-23 10:00:00+00:00,2025-04-23 11:00:00+00:00,2,2,0.36,0.18,0.2,7.0,1.0,0
Austin,Point Gage,Spring,2025,307,2025-04-26 01:00:00+00:00,2025-04-26 01:00:00+00:00,1,1,0.12,0.12,0.12,61.0,0.0,0
Austin,Point Gage,Spring,2025,308,2025-05-05 18:00:00+00:00,2025-05-06 02:00:00+00:00,9,8,0.9999999999999999,0.1111111111111111,0.28,59.0,7.0,1
Austin,Point Gage,Spring,2025,309,2025-05-06 11:00:00+00:00,2025-05-06 18:00:00+00:00,8,5,0.36000000000000004,0.045000000000000005,0.16,8.0,6.0,2
Austin,Point Gage,Spring,2025,310,2025-05-23 09:00:00+00:00,2025-05-23 11:00:00+00:00,3,3,0.27999999999999997,0.09333333333333332,0.12,298.0,0.0,0
Austin,Point Gage,Spring,2025,311,2025-05-27 04:00:00+00:00,2025-05-27 06:00:00+00:00,3,3,1.8,0.6,1.68,88.0,0.0,0
Austin,Point Gage,Spring,2025,312,2025-05-29 01:00:00+00:00,2025-05-29 01:00:00+00:00,1,1,1.3199999999999998,1.3199999999999998,1.3199999999999998,10.0,0.0,0
Austin,Point Gage,Spring,2025,313,2025-05-30 11:00:00+00:00,2025-05-30 13:00:00+00:00,3,3,1.3599999999999999,0.4533333333333333,1.16,33.0,0.0,0
Austin,Point Gage,Summer,2025,314,2025-06-11 09:00:00+00:00,2025-06-11 10:00:00+00:00,2,2,0.32,0.16,0.28,44.0,0.0,0
Austin,Point Gage,Summer,2025,315,2025-06-12 08:00:00+00:00,2025-06-12 13:00:00+00:00,6,3,0.31999999999999995,0.05333333333333332,0.24,21.0,1.0,3
Austin,Point Gage,Summer,2025,316,2025-06-15 22:00:00+00:00,2025-06-15 22:00:00+00:00,1,1,0.28,0.28,0.28,80.0,0.0,0
Austin,Point Gage,Summer,2025,317,2025-06-24 23:00:00+00:00,2025-06-24 23:00:00+00:00,1,1,0.32,0.32,0.32,202.0,0.0,0
Austin,Point Gage,Summer,2025,318,2025-07-02 23:00:00+00:00,2025-07-02 23:00:00+00:00,1,1,0.48,0.48,0.48,166.0,0.0,0
Austin,Point Gage,Summer,2025,319,2025-07-03 16:00:00+00:00,2025-07-03 21:00:00+00:00,6,6,0.92,0.15333333333333335,0.36,16.0,2.0,0
Austin,Point Gage,Summer,2025,320,2025-07-04 04:00:00+00:00,2025-07-04 21:00:00+00:00,18,9,0.56,0.031111111111111114,0.12,6.0,17.0,4
Austin,Point Gage,Summer,2025,321,2025-07-05 04:00:00+00:00,2025-07-06 00:00:00+00:00,21,15,2.76,0.13142857142857142,0.36,6.0,14.0,4
Austin,Point Gage,Summer,2025,322,2025-07-09 20:00:00+00:00,2025-07-09 22:00:00+00:00,3,3,1.7600000000000002,0.5866666666666668,1.6800000000000002,55.0,0.0,0
Austin,Point Gage,Summer,2025,323,2025-07-13 19:00:00+00:00,2025-07-13 19:00:00+00:00,1,1,0.2,0.2,0.2,92.0,0.0,0
Austin,Point Gage,Summer,2025,324,2025-08-15 22:00:00+00:00,2025-08-15 23:00:00+00:00,2,2,0.52,0.26,0.48,479.0,0.0,0
Austin,Point Gage,Summer,2025,325,2025-08-21 21:00:00+00:00,2025-08-21 23:00:00+00:00,3,3,1.4400000000000002,0.48000000000000004,1.32,141.0,0.0,0
Austin,Point Gage,Fall,2025,326,2025-09-24 18:00:00+00:00,2025-09-24 18:00:00+00:00,1,1,0.2,0.2,0.2,403.0,0.0,0
